,Fragment,class,count,msum,n_pcr,perc,mut_sum,mut_avg,tot_mut,perc_mutations,pcr_set,More_than_4,More_than_9,n,>4,>9,nclones_pcr,nclones,nclones_bp
0,F13,GOOD,7196,9084,1,79.21620431527961,518,20.72,525.0,98.66666666666669,0,498,396,524,95.0381679389313,75.57251908396947,5000.0,5000.0,67
1,F43,GOOD,8785,10520,1,83.50760456273764,373,20.72222222222222,378.0,98.67724867724868,0,369,333,375,98.4,88.8,7500.0,7500.0,147
2,F13,GOOD,7198,9088,2,79.20334507042254,518,20.72,525.0,98.66666666666669,0,499,396,524,95.22900763358778,75.57251908396947,5000.0,10000.0,133
3,F43,GOOD,15851,21656,2,73.1944957517547,373,20.72222222222222,378.0,98.67724867724868,0,373,373,375,99.46666666666668,99.46666666666668,7500.0,15000.0,294
4,F13,GOOD,7200,9090,3,79.20792079207921,518,20.72,525.0,98.66666666666669,0,499,398,524,95.22900763358778,75.95419847328245,5000.0,15000.0,200
5,F43,GOOD,17630,25516,3,69.09390186549615,373,20.72222222222222,378.0,98.67724867724868,0,373,373,376,99.20212765957449,99.20212765957449,7500.0,22500.0,441
6,F13,GOOD,9426,12250,4,76.9469387755102,518,20.72,525.0,98.66666666666669,0,515,467,524,98.2824427480916,89.12213740458014,5000.0,20000.0,267
7,F43,GOOD,20219,33522,4,60.3156136268719,373,20.72222222222222,378.0,98.67724867724868,0,373,373,377,98.93899204244032,98.93899204244032,7500.0,30000.0,588
8,F13,GOOD,11979,15934,5,75.17886280908749,518,20.72,525.0,98.66666666666669,0,519,499,524,99.04580152671755,95.22900763358778,5000.0,25000.0,333
9,F43,GOOD,20440,34297,5,59.5970493046039,373,20.72222222222222,378.0,98.67724867724868,0,373,373,377,98.93899204244032,98.93899204244032,7500.0,37500.0,735
10,F13,GOOD,17731,25644,6,69.14287942598658,518,20.72,525.0,98.66666666666669,0,523,519,524,99.80916030534353,99.04580152671755,5000.0,30000.0,400
11,F43,GOOD,21246,38808,6,54.74644403215832,373,20.72222222222222,378.0,98.67724867724868,0,373,373,377,98.93899204244032,98.93899204244032,7500.0,45000.0,882
12,F13,GOOD,19250,28546,7,67.4350171652771,518,20.72,525.0,98.66666666666669,0,524,519,524,100.0,99.04580152671755,5000.0,35000.0,467
13,F43,GOOD,21601,44780,7,48.23805270209915,373,20.72222222222222,378.0,98.67724867724868,0,374,373,377,99.20424403183024,98.93899204244032,7500.0,52500.0,1029
14,F13,GOOD,20663,31305,8,66.00543044242134,518,20.72,525.0,98.66666666666669,0,524,520,524,100.0,99.23664122137404,5000.0,40000.0,533
15,F43,GOOD,21414,48036,8,44.579065700724456,373,20.72222222222222,378.0,98.67724867724868,0,374,373,377,99.20424403183024,98.93899204244032,7500.0,60000.0,1176
16,F13,GOOD,21931,34089,9,64.33453606735311,518,20.72,525.0,98.66666666666669,0,524,520,524,100.0,99.23664122137404,5000.0,45000.0,600
17,F43,GOOD,21233,49492,9,42.901883132627496,373,20.72222222222222,378.0,98.67724867724868,0,374,373,377,99.20424403183024,98.93899204244032,7500.0,67500.0,1324
18,F13,GOOD,21931,34089,10,64.33453606735311,518,20.72,525.0,98.66666666666669,0,524,520,524,100.0,99.23664122137404,5000.0,50000.0,667
19,F43,GOOD,20747,51044,10,40.6453256014419,373,20.72222222222222,378.0,98.67724867724868,0,374,373,377,99.20424403183024,98.93899204244032,7500.0,75000.0,1471
20,F13,GOOD,22717,36026,11,63.05723644034864,518,20.72,525.0,98.66666666666669,0,524,521,524,100.0,99.42748091603052,5000.0,55000.0,733
21,F43,GOOD,19726,54505,11,36.19117512154848,373,20.72222222222222,378.0,98.67724867724868,0,375,373,377,99.46949602122017,98.93899204244032,7500.0,82500.0,1618
22,F13,GOOD,23515,38254,12,61.47069587494119,518,20.72,525.0,98.66666666666669,0,524,521,524,100.0,99.42748091603052,5000.0,60000.0,800
23,F43,GOOD,18999,56108,12,33.86148142867327,373,20.72222222222222,378.0,98.67724867724868,0,375,373,377,99.46949602122017,98.93899204244032,7500.0,90000.0,1765
24,F13,GOOD,23954,39510,13,60.627689192609466,518,20.72,525.0,98.66666666666669,0,524,521,524,100.0,99.42748091603052,5000.0,65000.0,867
25,F43,GOOD,18320,57736,13,31.73063599833726,373,20.72222222222222,378.0,98.67724867724868,0,375,373,377,99.46949602122017,98.93899204244032,7500.0,97500.0,1912
26,F13,GOOD,24240,40550,14,59.77805178791616,518,20.72,525.0,98.66666666666669,0,524,521,524,100.0,99.42748091603052,5000.0,70000.0,933
27,F43,GOOD,17388,59529,14,29.20929294965479,373,20.72222222222222,378.0,98.67724867724868,0,375,373,377,99.46949602122017,98.93899204244032,7500.0,105000.0,2059
28,F13,GOOD,24557,41537,15,59.12078387943279,518,20.72,525.0,98.66666666666669,0,524,521,524,100.0,99.42748091603052,5000.0,75000.0,1000
29,F43,GOOD,16414,61034,15,26.89320706491464,373,20.72222222222222,378.0,98.67724867724868,0,375,373,377,99.46949602122017,98.93899204244032,7500.0,112500.0,2206
30,F13,GOOD,25521,45010,16,56.70073317040658,518,20.72,525.0,98.66666666666669,0,524,522,524,100.0,99.61832061068702,5000.0,80000.0,1067
31,F43,GOOD,15924,61828,16,25.75532121368959,373,20.72222222222222,378.0,98.67724867724868,0,375,373,377,99.46949602122017,98.93899204244032,7500.0,120000.0,2353
32,F13,GOOD,2845,3531,1,80.57207589917871,504,20.16,525.0,96.0,1,313,135,508,61.61417322834646,26.574803149606304,5000.0,5000.0,67
33,F43,GOOD,11032,13800,1,79.94202898550725,373,20.72222222222222,378.0,98.67724867724868,1,373,359,376,99.20212765957449,95.47872340425532,7500.0,7500.0,147
34,F13,GOOD,4752,6090,2,78.0295566502463,516,20.64,525.0,98.28571428571428,1,451,285,521,86.56429942418427,54.70249520153551,5000.0,10000.0,133
35,F43,GOOD,18143,26670,2,68.02774653168355,373,20.72222222222222,378.0,98.67724867724868,1,373,373,376,99.20212765957449,99.20212765957449,7500.0,15000.0,294
36,F13,GOOD,6329,8164,3,77.52327290543852,517,20.68,525.0,98.47619047619048,1,489,364,522,93.67816091954025,69.73180076628353,5000.0,15000.0,200
37,F43,GOOD,20488,33945,3,60.35645897775815,373,20.72222222222222,378.0,98.67724867724868,1,373,373,376,99.20212765957449,99.20212765957449,7500.0,22500.0,441
38,F13,GOOD,9087,11913,4,76.27801561319568,517,20.68,525.0,98.47619047619048,1,512,462,523,97.89674952198853,88.33652007648183,5000.0,20000.0,267
39,F43,GOOD,21546,39041,4,55.18813554980662,373,20.72222222222222,378.0,98.67724867724868,1,373,373,376,99.20212765957449,99.20212765957449,7500.0,30000.0,588
40,F13,GOOD,9089,11915,5,76.28199748216534,517,20.68,525.0,98.47619047619048,1,512,462,523,97.89674952198853,88.33652007648183,5000.0,25000.0,333
41,F43,GOOD,21737,43096,5,50.43855578243921,373,20.72222222222222,378.0,98.67724867724868,1,373,373,376,99.20212765957449,99.20212765957449,7500.0,37500.0,735
42,F13,GOOD,11349,15300,6,74.1764705882353,518,20.72,525.0,98.66666666666669,1,518,497,524,98.85496183206108,94.8473282442748,5000.0,30000.0,400
43,F43,GOOD,21528,46214,6,46.58328644999351,373,20.72222222222222,378.0,98.67724867724868,1,373,373,376,99.20212765957449,99.20212765957449,7500.0,45000.0,882
44,F13,GOOD,13247,18225,7,72.68587105624142,518,20.72,525.0,98.66666666666669,1,519,511,524,99.04580152671755,97.51908396946564,5000.0,35000.0,467
45,F43,GOOD,20835,50599,7,41.176703096899146,373,20.72222222222222,378.0,98.67724867724868,1,373,373,376,99.20212765957449,99.20212765957449,7500.0,52500.0,1029
46,F13,GOOD,18694,27658,8,67.58984742208402,518,20.72,525.0,98.66666666666669,1,523,517,524,99.80916030534353,98.66412213740458,5000.0,40000.0,533
47,F43,GOOD,20385,52477,8,38.84558949635078,373,20.72222222222222,378.0,98.67724867724868,1,373,373,376,99.20212765957449,99.20212765957449,7500.0,60000.0,1176
48,F13,GOOD,21045,32700,9,64.35779816513761,518,20.72,525.0,98.66666666666669,1,523,520,524,99.80916030534353,99.23664122137404,5000.0,45000.0,600
49,F43,GOOD,19967,54234,9,36.81638824353726,373,20.72222222222222,378.0,98.67724867724868,1,373,373,376,99.20212765957449,99.20212765957449,7500.0,67500.0,1324
50,F13,GOOD,21045,32701,10,64.35583009693893,518,20.72,525.0,98.66666666666669,1,523,520,524,99.80916030534353,99.23664122137404,5000.0,50000.0,667
51,F43,GOOD,19517,55808,10,34.97168864678899,373,20.72222222222222,378.0,98.67724867724868,1,373,373,376,99.20212765957449,99.20212765957449,7500.0,75000.0,1471
52,F13,GOOD,22295,35451,11,62.88962229556289,518,20.72,525.0,98.66666666666669,1,523,521,524,99.80916030534353,99.42748091603052,5000.0,55000.0,733
53,F43,GOOD,18865,57143,11,33.01366746583134,373,20.72222222222222,378.0,98.67724867724868,1,373,373,376,99.20212765957449,99.20212765957449,7500.0,82500.0,1618
54,F13,GOOD,22954,37300,12,61.53887399463807,518,20.72,525.0,98.66666666666669,1,524,521,524,100.0,99.42748091603052,5000.0,60000.0,800
55,F43,GOOD,17985,58690,12,30.64406202078719,373,20.72222222222222,378.0,98.67724867724868,1,375,373,376,99.7340425531915,99.20212765957449,7500.0,90000.0,1765
56,F13,GOOD,24550,41726,13,58.83621722666922,518,20.72,525.0,98.66666666666669,1,524,522,524,100.0,99.61832061068702,5000.0,65000.0,867
57,F43,GOOD,17307,59791,13,28.945827967419845,373,20.72222222222222,378.0,98.67724867724868,1,375,373,377,99.46949602122017,98.93899204244032,7500.0,97500.0,1912
58,F13,GOOD,25221,43889,14,57.465424138166746,518,20.72,525.0,98.66666666666669,1,524,522,524,100.0,99.61832061068702,5000.0,70000.0,933
59,F43,GOOD,17174,59985,14,28.63049095607235,373,20.72222222222222,378.0,98.67724867724868,1,375,373,377,99.46949602122017,98.93899204244032,7500.0,105000.0,2059
60,F13,GOOD,25221,43889,15,57.465424138166746,518,20.72,525.0,98.66666666666669,1,524,522,524,100.0,99.61832061068702,5000.0,75000.0,1000
61,F43,GOOD,16650,60720,15,27.420948616600796,373,20.72222222222222,378.0,98.67724867724868,1,375,373,377,99.46949602122017,98.93899204244032,7500.0,112500.0,2206
62,F13,GOOD,25521,45010,16,56.70073317040658,518,20.72,525.0,98.66666666666669,1,524,522,524,100.0,99.61832061068702,5000.0,80000.0,1067
63,F43,GOOD,15924,61828,16,25.75532121368959,373,20.72222222222222,378.0,98.67724867724868,1,375,373,377,99.46949602122017,98.93899204244032,7500.0,120000.0,2353
64,F13,GOOD,2984,3670,1,81.30790190735695,506,20.24,525.0,96.38095238095238,2,333,139,508,65.5511811023622,27.36220472440945,5000.0,5000.0,67
65,F43,GOOD,12757,16466,1,77.47479655046763,373,20.72222222222222,378.0,98.67724867724868,2,373,365,375,99.46666666666668,97.33333333333334,7500.0,7500.0,147
66,F13,GOOD,6291,7925,2,79.38170347003155,518,20.72,525.0,98.66666666666669,2,481,364,521,92.32245681381956,69.86564299424184,5000.0,10000.0,133
67,F43,GOOD,16396,22875,2,71.67650273224044,373,20.72222222222222,378.0,98.67724867724868,2,373,373,376,99.20212765957449,99.20212765957449,7500.0,15000.0,294
68,F13,GOOD,8230,10627,3,77.44424578902795,518,20.72,525.0,98.66666666666669,2,507,435,523,96.94072657743786,83.17399617590823,5000.0,15000.0,200
69,F43,GOOD,19353,29924,3,64.67384039566902,373,20.72222222222222,378.0,98.67724867724868,2,373,373,376,99.20212765957449,99.20212765957449,7500.0,22500.0,441
70,F13,GOOD,9636,12585,4,76.56734207389749,518,20.72,525.0,98.66666666666669,2,513,460,523,98.08795411089864,87.95411089866157,5000.0,20000.0,267
71,F43,GOOD,21176,36609,4,57.84369963670136,373,20.72222222222222,378.0,98.67724867724868,2,373,373,376,99.20212765957449,99.20212765957449,7500.0,30000.0,588
72,F13,GOOD,12038,16116,5,74.69595433109953,518,20.72,525.0,98.66666666666669,2,515,497,524,98.2824427480916,94.8473282442748,5000.0,25000.0,333
73,F43,GOOD,21735,43470,5,50.0,373,20.72222222222222,378.0,98.67724867724868,2,373,373,376,99.20212765957449,99.20212765957449,7500.0,37500.0,735
74,F13,GOOD,12040,16119,6,74.69445995409144,518,20.72,525.0,98.66666666666669,2,515,497,524,98.2824427480916,94.8473282442748,5000.0,30000.0,400
75,F43,GOOD,21582,45895,6,47.02473036278462,373,20.72222222222222,378.0,98.67724867724868,2,373,373,376,99.20212765957449,99.20212765957449,7500.0,45000.0,882
76,F13,GOOD,16971,24226,7,70.05283579625196,518,20.72,525.0,98.66666666666669,2,520,515,524,99.23664122137404,98.2824427480916,5000.0,35000.0,467
77,F43,GOOD,21324,48483,7,43.982426830022895,373,20.72222222222222,378.0,98.67724867724868,2,373,373,376,99.20212765957449,99.20212765957449,7500.0,52500.0,1029
78,F13,GOOD,16970,24228,8,70.04292554069671,518,20.72,525.0,98.66666666666669,2,520,515,524,99.23664122137404,98.2824427480916,5000.0,40000.0,533
79,F43,GOOD,20659,51420,8,40.17697394010113,373,20.72222222222222,378.0,98.67724867724868,2,373,373,376,99.20212765957449,99.20212765957449,7500.0,60000.0,1176
80,F13,GOOD,18817,27576,9,68.23687264287787,518,20.72,525.0,98.66666666666669,2,520,516,524,99.23664122137404,98.47328244274809,5000.0,45000.0,600
81,F43,GOOD,20603,51879,9,39.713564255286336,373,20.72222222222222,378.0,98.67724867724868,2,373,373,376,99.20212765957449,99.20212765957449,7500.0,67500.0,1324
82,F13,GOOD,19718,29605,10,66.60361425434893,518,20.72,525.0,98.66666666666669,2,522,519,524,99.61832061068702,99.04580152671755,5000.0,50000.0,667
83,F43,GOOD,19876,53921,10,36.86133417406947,373,20.72222222222222,378.0,98.67724867724868,2,374,373,376,99.46808510638296,99.20212765957449,7500.0,75000.0,1471
84,F13,GOOD,22417,35845,11,62.53870832752128,518,20.72,525.0,98.66666666666669,2,524,521,524,100.0,99.42748091603052,5000.0,55000.0,733
85,F43,GOOD,19369,55483,11,34.90979218859831,373,20.72222222222222,378.0,98.67724867724868,2,374,373,376,99.46808510638296,99.20212765957449,7500.0,82500.0,1618
86,F13,GOOD,23429,38273,12,61.21547827450161,518,20.72,525.0,98.66666666666669,2,524,521,524,100.0,99.42748091603052,5000.0,60000.0,800
87,F43,GOOD,18683,57333,12,32.58681736521724,373,20.72222222222222,378.0,98.67724867724868,2,375,373,376,99.7340425531915,99.20212765957449,7500.0,90000.0,1765
88,F13,GOOD,24048,40119,13,59.94167352127421,518,20.72,525.0,98.66666666666669,2,524,521,524,100.0,99.42748091603052,5000.0,65000.0,867
89,F43,GOOD,17908,58635,13,30.54148546090219,373,20.72222222222222,378.0,98.67724867724868,2,375,373,376,99.7340425531915,99.20212765957449,7500.0,97500.0,1912
90,F13,GOOD,24341,41152,14,59.149008553654745,518,20.72,525.0,98.66666666666669,2,524,521,524,100.0,99.42748091603052,5000.0,70000.0,933
91,F43,GOOD,16982,60319,14,28.153649762098176,373,20.72222222222222,378.0,98.67724867724868,2,375,373,376,99.7340425531915,99.20212765957449,7500.0,105000.0,2059
92,F13,GOOD,24341,41152,15,59.149008553654745,518,20.72,525.0,98.66666666666669,2,524,521,524,100.0,99.42748091603052,5000.0,75000.0,1000
93,F43,GOOD,16535,60943,15,27.13191014554584,373,20.72222222222222,378.0,98.67724867724868,2,375,373,376,99.7340425531915,99.20212765957449,7500.0,112500.0,2206
94,F13,GOOD,25521,45010,16,56.70073317040658,518,20.72,525.0,98.66666666666669,2,524,522,524,100.0,99.61832061068702,5000.0,80000.0,1067
95,F43,GOOD,15924,61828,16,25.75532121368959,373,20.72222222222222,378.0,98.67724867724868,2,375,373,377,99.46949602122017,98.93899204244032,7500.0,120000.0,2353
96,F13,GOOD,1848,2246,1,82.27960819234195,482,19.28,525.0,91.8095238095238,3,180,39,486,37.03703703703704,8.024691358024691,5000.0,5000.0,67
97,F43,GOOD,10906,13435,1,81.17603275027912,373,20.72222222222222,378.0,98.67724867724868,3,370,351,373,99.19571045576409,94.1018766756032,7500.0,7500.0,147
98,F13,GOOD,5601,6958,2,80.49726933026732,517,20.68,525.0,98.47619047619048,3,467,310,519,89.98073217726397,59.73025048169557,5000.0,10000.0,133
99,F43,GOOD,15115,20296,2,74.47280252266457,373,20.72222222222222,378.0,98.67724867724868,3,373,369,374,99.73262032085562,98.66310160427808,7500.0,15000.0,294
100,F13,GOOD,7644,9722,3,78.62579716107797,518,20.72,525.0,98.66666666666669,3,501,409,523,95.79349904397706,78.20267686424475,5000.0,15000.0,200
101,F43,GOOD,18660,27850,3,67.00179533213645,373,20.72222222222222,378.0,98.67724867724868,3,373,373,374,99.73262032085562,99.73262032085562,7500.0,22500.0,441
102,F13,GOOD,10241,13394,4,76.45960878005077,518,20.72,525.0,98.66666666666669,3,515,475,524,98.2824427480916,90.64885496183206,5000.0,20000.0,267
103,F43,GOOD,21150,36929,4,57.27206260662352,373,20.72222222222222,378.0,98.67724867724868,3,373,373,375,99.46666666666668,99.46666666666668,7500.0,30000.0,588
104,F13,GOOD,15613,21816,5,71.56674000733406,518,20.72,525.0,98.66666666666669,3,520,512,524,99.23664122137404,97.70992366412212,5000.0,25000.0,333
105,F43,GOOD,21701,40653,5,53.38105428873637,373,20.72222222222222,378.0,98.67724867724868,3,373,373,375,99.46666666666668,99.46666666666668,7500.0,37500.0,735
106,F13,GOOD,17420,24911,6,69.92894705150336,518,20.72,525.0,98.66666666666669,3,521,515,524,99.42748091603052,98.2824427480916,5000.0,30000.0,400
107,F43,GOOD,21862,44636,6,48.97840308271351,373,20.72222222222222,378.0,98.67724867724868,3,373,373,376,99.20212765957449,99.20212765957449,7500.0,45000.0,882
108,F13,GOOD,20785,31705,7,65.55748304683804,518,20.72,525.0,98.66666666666669,3,522,521,524,99.61832061068702,99.42748091603052,5000.0,35000.0,467
109,F43,GOOD,21701,47114,7,46.06061892431125,373,20.72222222222222,378.0,98.67724867724868,3,373,373,376,99.20212765957449,99.20212765957449,7500.0,52500.0,1029
110,F13,GOOD,21621,33795,8,63.976919662672,518,20.72,525.0,98.66666666666669,3,522,521,524,99.61832061068702,99.42748091603052,5000.0,40000.0,533
111,F43,GOOD,21179,49572,8,42.72371500040346,373,20.72222222222222,378.0,98.67724867724868,3,373,373,376,99.20212765957449,99.20212765957449,7500.0,60000.0,1176
112,F13,GOOD,22294,35609,9,62.60776769917717,518,20.72,525.0,98.66666666666669,3,523,521,524,99.80916030534353,99.42748091603052,5000.0,45000.0,600
113,F43,GOOD,20530,52068,9,39.42920795882308,373,20.72222222222222,378.0,98.67724867724868,3,373,373,376,99.20212765957449,99.20212765957449,7500.0,67500.0,1324
114,F13,GOOD,22294,35609,10,62.60776769917717,518,20.72,525.0,98.66666666666669,3,523,521,524,99.80916030534353,99.42748091603052,5000.0,50000.0,667
115,F43,GOOD,19970,53465,10,37.35153838960068,373,20.72222222222222,378.0,98.67724867724868,3,373,373,376,99.20212765957449,99.20212765957449,7500.0,75000.0,1471
116,F13,GOOD,22294,35609,11,62.60776769917717,518,20.72,525.0,98.66666666666669,3,523,521,524,99.80916030534353,99.42748091603052,5000.0,55000.0,733
117,F43,GOOD,19236,55753,11,34.50217925492798,373,20.72222222222222,378.0,98.67724867724868,3,373,373,376,99.20212765957449,99.20212765957449,7500.0,82500.0,1618
118,F13,GOOD,24054,40179,12,59.86709475098933,518,20.72,525.0,98.66666666666669,3,524,522,524,100.0,99.61832061068702,5000.0,60000.0,800
119,F43,GOOD,18640,57194,12,32.59083120607057,373,20.72222222222222,378.0,98.67724867724868,3,374,373,377,99.20424403183024,98.93899204244032,7500.0,90000.0,1765
120,F13,GOOD,24359,41242,13,59.063575966248,518,20.72,525.0,98.66666666666669,3,524,522,524,100.0,99.61832061068702,5000.0,65000.0,867
121,F43,GOOD,17686,59097,13,29.92706905595885,373,20.72222222222222,378.0,98.67724867724868,3,375,373,377,99.46949602122017,98.93899204244032,7500.0,97500.0,1912
122,F13,GOOD,25088,43442,14,57.75056397035128,518,20.72,525.0,98.66666666666669,3,524,522,524,100.0,99.61832061068702,5000.0,70000.0,933
123,F43,GOOD,17550,59312,14,29.589290531427032,373,20.72222222222222,378.0,98.67724867724868,3,375,373,377,99.46949602122017,98.93899204244032,7500.0,105000.0,2059
124,F13,GOOD,25521,45010,15,56.70073317040658,518,20.72,525.0,98.66666666666669,3,524,522,524,100.0,99.61832061068702,5000.0,75000.0,1000
125,F43,GOOD,16376,61264,15,26.73021676677984,373,20.72222222222222,378.0,98.67724867724868,3,375,373,377,99.46949602122017,98.93899204244032,7500.0,112500.0,2206
126,F13,GOOD,25521,45010,16,56.70073317040658,518,20.72,525.0,98.66666666666669,3,524,522,524,100.0,99.61832061068702,5000.0,80000.0,1067
127,F43,GOOD,15924,61828,16,25.75532121368959,373,20.72222222222222,378.0,98.67724867724868,3,375,373,377,99.46949602122017,98.93899204244032,7500.0,120000.0,2353
128,F13,GOOD,9210,12072,1,76.29224652087476,518,20.72,525.0,98.66666666666669,4,515,472,523,98.47036328871891,90.24856596558315,5000.0,5000.0,67
129,F43,GOOD,8872,10736,1,82.63785394932935,373,20.72222222222222,378.0,98.67724867724868,4,370,338,374,98.93048128342244,90.37433155080214,7500.0,7500.0,147
130,F13,GOOD,11221,15082,2,74.39994695663705,518,20.72,525.0,98.66666666666669,4,519,502,524,99.04580152671755,95.80152671755724,5000.0,10000.0,133
131,F43,GOOD,15937,22260,2,71.59478885893981,373,20.72222222222222,378.0,98.67724867724868,4,373,373,375,99.46666666666668,99.46666666666668,7500.0,15000.0,294
132,F13,GOOD,13379,18450,3,72.51490514905149,518,20.72,525.0,98.66666666666669,4,520,513,524,99.23664122137404,97.90076335877863,5000.0,15000.0,200
133,F43,GOOD,18857,29034,3,64.94799200936832,373,20.72222222222222,378.0,98.67724867724868,4,373,373,375,99.46666666666668,99.46666666666668,7500.0,22500.0,441
134,F13,GOOD,15434,21716,4,71.07202062995027,518,20.72,525.0,98.66666666666669,4,522,515,524,99.61832061068702,98.2824427480916,5000.0,20000.0,267
135,F43,GOOD,20700,35555,4,58.21965968218253,373,20.72222222222222,378.0,98.67724867724868,4,373,373,375,99.46666666666668,99.46666666666668,7500.0,30000.0,588
136,F13,GOOD,16402,23409,5,70.06706822162417,518,20.72,525.0,98.66666666666669,4,522,515,524,99.61832061068702,98.2824427480916,5000.0,25000.0,333
137,F43,GOOD,21342,40218,5,53.06579143667015,373,20.72222222222222,378.0,98.67724867724868,4,373,373,375,99.46666666666668,99.46666666666668,7500.0,37500.0,735
138,F13,GOOD,17148,24777,6,69.20934737861727,518,20.72,525.0,98.66666666666669,4,522,517,524,99.61832061068702,98.66412213740458,5000.0,30000.0,400
139,F43,GOOD,21431,44814,6,47.82210916231534,373,20.72222222222222,378.0,98.67724867724868,4,373,373,375,99.46666666666668,99.46666666666668,7500.0,45000.0,882
140,F13,GOOD,18515,27332,7,67.74110932240596,518,20.72,525.0,98.66666666666669,4,522,520,524,99.61832061068702,99.23664122137404,5000.0,35000.0,467
141,F43,GOOD,21023,49613,7,42.37397456311854,373,20.72222222222222,378.0,98.67724867724868,4,374,373,375,99.73333333333332,99.46666666666668,7500.0,52500.0,1029
142,F13,GOOD,20021,30319,8,66.0344998185956,518,20.72,525.0,98.66666666666669,4,522,520,524,99.61832061068702,99.23664122137404,5000.0,40000.0,533
143,F43,GOOD,20720,50914,8,40.69607573555408,373,20.72222222222222,378.0,98.67724867724868,4,374,373,376,99.46808510638296,99.20212765957449,7500.0,60000.0,1176
144,F13,GOOD,21204,32862,9,64.5243746576593,518,20.72,525.0,98.66666666666669,4,523,521,524,99.80916030534353,99.42748091603052,5000.0,45000.0,600
145,F43,GOOD,19953,53803,9,37.08529264167426,373,20.72222222222222,378.0,98.67724867724868,4,374,373,376,99.46808510638296,99.20212765957449,7500.0,67500.0,1324
146,F13,GOOD,23061,37494,10,61.505840934549525,518,20.72,525.0,98.66666666666669,4,523,521,524,99.80916030534353,99.42748091603052,5000.0,50000.0,667
147,F43,GOOD,19452,55389,10,35.11888642149163,373,20.72222222222222,378.0,98.67724867724868,4,374,373,376,99.46808510638296,99.20212765957449,7500.0,75000.0,1471
148,F13,GOOD,23061,37494,11,61.505840934549525,518,20.72,525.0,98.66666666666669,4,523,521,524,99.80916030534353,99.42748091603052,5000.0,55000.0,733
149,F43,GOOD,18858,56502,11,33.375809705851125,373,20.72222222222222,378.0,98.67724867724868,4,374,373,376,99.46808510638296,99.20212765957449,7500.0,82500.0,1618
150,F13,GOOD,24048,40119,12,59.94167352127421,518,20.72,525.0,98.66666666666669,4,524,521,524,100.0,99.42748091603052,5000.0,60000.0,800
151,F43,GOOD,18715,56819,12,32.93792569387001,373,20.72222222222222,378.0,98.67724867724868,4,374,373,376,99.46808510638296,99.20212765957449,7500.0,90000.0,1765
152,F13,GOOD,24341,41152,13,59.149008553654745,518,20.72,525.0,98.66666666666669,4,524,521,524,100.0,99.42748091603052,5000.0,65000.0,867
153,F43,GOOD,17777,58747,13,30.260268609460912,373,20.72222222222222,378.0,98.67724867724868,4,375,373,376,99.7340425531915,99.20212765957449,7500.0,97500.0,1912
154,F13,GOOD,25521,45010,14,56.70073317040658,518,20.72,525.0,98.66666666666669,4,524,522,524,100.0,99.61832061068702,5000.0,70000.0,933
155,F43,GOOD,17202,59846,14,28.743775690940083,373,20.72222222222222,378.0,98.67724867724868,4,375,373,377,99.46949602122017,98.93899204244032,7500.0,105000.0,2059
156,F13,GOOD,25521,45010,15,56.70073317040658,518,20.72,525.0,98.66666666666669,4,524,522,524,100.0,99.61832061068702,5000.0,75000.0,1000
157,F43,GOOD,16376,61264,15,26.73021676677984,373,20.72222222222222,378.0,98.67724867724868,4,375,373,377,99.46949602122017,98.93899204244032,7500.0,112500.0,2206
158,F13,GOOD,25521,45010,16,56.70073317040658,518,20.72,525.0,98.66666666666669,4,524,522,524,100.0,99.61832061068702,5000.0,80000.0,1067
159,F43,GOOD,15924,61828,16,25.75532121368959,373,20.72222222222222,378.0,98.67724867724868,4,375,373,377,99.46949602122017,98.93899204244032,7500.0,120000.0,2353
160,F13,GOOD,3,5,1,60.0,3,1.0,525.0,0.5714285714285714,5,0,0,3,0.0,0.0,5000.0,5000.0,67
161,F43,GOOD,11155,13756,1,81.0918871765048,373,20.72222222222222,378.0,98.67724867724868,5,373,360,374,99.73262032085562,96.2566844919786,7500.0,7500.0,147
162,F13,GOOD,3979,4826,2,82.44923331951927,512,20.48,525.0,97.52380952380952,5,407,188,513,79.33723196881091,36.64717348927875,5000.0,10000.0,133
163,F43,GOOD,12262,15324,2,80.0182719916471,373,20.72222222222222,378.0,98.67724867724868,5,373,367,374,99.73262032085562,98.1283422459893,7500.0,15000.0,294
164,F13,GOOD,5598,6929,3,80.79087891470631,516,20.64,525.0,98.28571428571428,5,468,291,517,90.52224371373308,56.2862669245648,5000.0,15000.0,200
165,F43,GOOD,17588,25109,3,70.04659683778725,373,20.72222222222222,378.0,98.67724867724868,5,373,373,374,99.73262032085562,99.73262032085562,7500.0,22500.0,441
166,F13,GOOD,8359,10722,4,77.96120126842007,518,20.72,525.0,98.66666666666669,5,510,436,521,97.88867562380038,83.6852207293666,5000.0,20000.0,267
167,F43,GOOD,19862,31652,4,62.75116896246683,373,20.72222222222222,378.0,98.67724867724868,5,373,373,374,99.73262032085562,99.73262032085562,7500.0,30000.0,588
168,F13,GOOD,10497,13782,5,76.16456247279059,518,20.72,525.0,98.66666666666669,5,515,481,523,98.47036328871891,91.96940726577438,5000.0,25000.0,333
169,F43,GOOD,21395,38175,5,56.04453176162409,373,20.72222222222222,378.0,98.67724867724868,5,373,373,376,99.20212765957449,99.20212765957449,7500.0,37500.0,735
170,F13,GOOD,15751,22106,6,71.25214873789922,518,20.72,525.0,98.66666666666669,5,519,515,524,99.04580152671755,98.2824427480916,5000.0,30000.0,400
171,F43,GOOD,21823,41784,6,52.228125598315145,373,20.72222222222222,378.0,98.67724867724868,5,373,373,376,99.20212765957449,99.20212765957449,7500.0,45000.0,882
172,F13,GOOD,19447,29162,7,66.68609834716412,518,20.72,525.0,98.66666666666669,5,523,519,524,99.80916030534353,99.04580152671755,5000.0,35000.0,467
173,F43,GOOD,21801,44831,7,48.62929669202114,373,20.72222222222222,378.0,98.67724867724868,5,373,373,376,99.20212765957449,99.20212765957449,7500.0,52500.0,1029
174,F13,GOOD,20811,31897,8,65.24438034924914,518,20.72,525.0,98.66666666666669,5,523,520,524,99.80916030534353,99.23664122137404,5000.0,40000.0,533
175,F43,GOOD,21512,48566,8,44.29436231108183,373,20.72222222222222,378.0,98.67724867724868,5,373,373,376,99.20212765957449,99.20212765957449,7500.0,60000.0,1176
176,F13,GOOD,21417,33425,9,64.074794315632,518,20.72,525.0,98.66666666666669,5,523,520,524,99.80916030534353,99.23664122137404,5000.0,45000.0,600
177,F43,GOOD,20943,51858,9,40.38528288788615,373,20.72222222222222,378.0,98.67724867724868,5,373,373,376,99.20212765957449,99.20212765957449,7500.0,67500.0,1324
178,F13,GOOD,22327,35580,10,62.75154581225407,518,20.72,525.0,98.66666666666669,5,523,520,524,99.80916030534353,99.23664122137404,5000.0,50000.0,667
179,F43,GOOD,19832,55172,10,35.94576959327195,373,20.72222222222222,378.0,98.67724867724868,5,373,373,376,99.20212765957449,99.20212765957449,7500.0,75000.0,1471
180,F13,GOOD,22325,35580,11,62.74592467678472,518,20.72,525.0,98.66666666666669,5,523,520,524,99.80916030534353,99.23664122137404,5000.0,55000.0,733
181,F43,GOOD,19012,56755,11,33.49837018764866,373,20.72222222222222,378.0,98.67724867724868,5,374,373,376,99.46808510638296,99.20212765957449,7500.0,82500.0,1618
182,F13,GOOD,24046,40122,12,59.93220676935347,518,20.72,525.0,98.66666666666669,5,523,522,524,99.80916030534353,99.61832061068702,5000.0,60000.0,800
183,F43,GOOD,18361,57995,12,31.659625829812917,373,20.72222222222222,378.0,98.67724867724868,5,374,373,377,99.20424403183024,98.93899204244032,7500.0,90000.0,1765
184,F13,GOOD,24492,41439,13,59.10374285093752,518,20.72,525.0,98.66666666666669,5,524,522,524,100.0,99.61832061068702,5000.0,65000.0,867
185,F43,GOOD,17590,59404,13,29.610800619486906,373,20.72222222222222,378.0,98.67724867724868,5,374,373,377,99.20424403183024,98.93899204244032,7500.0,97500.0,1912
186,F13,GOOD,24492,41440,14,59.102316602316606,518,20.72,525.0,98.66666666666669,5,524,522,524,100.0,99.61832061068702,5000.0,70000.0,933
187,F43,GOOD,17129,60082,14,28.50937052694651,373,20.72222222222222,378.0,98.67724867724868,5,374,373,377,99.20424403183024,98.93899204244032,7500.0,105000.0,2059
188,F13,GOOD,24908,43002,15,57.922887307567095,518,20.72,525.0,98.66666666666669,5,524,522,524,100.0,99.61832061068702,5000.0,75000.0,1000
189,F43,GOOD,16215,61397,15,26.410085183315147,373,20.72222222222222,378.0,98.67724867724868,5,375,373,377,99.46949602122017,98.93899204244032,7500.0,112500.0,2206
190,F13,GOOD,25521,45010,16,56.70073317040658,518,20.72,525.0,98.66666666666669,5,524,522,524,100.0,99.61832061068702,5000.0,80000.0,1067
191,F43,GOOD,15924,61828,16,25.75532121368959,373,20.72222222222222,378.0,98.67724867724868,5,375,373,377,99.46949602122017,98.93899204244032,7500.0,120000.0,2353
192,F13,GOOD,3356,4167,1,80.53755699544037,510,20.4,525.0,97.14285714285714,6,364,168,512,71.09375,32.8125,5000.0,5000.0,67
193,F43,GOOD,9474,11611,1,81.59503918697787,373,20.72222222222222,378.0,98.67724867724868,6,371,337,373,99.46380697050938,90.3485254691689,7500.0,7500.0,147
194,F13,GOOD,3358,4169,2,80.54689373950588,510,20.4,525.0,97.14285714285714,6,365,168,512,71.2890625,32.8125,5000.0,10000.0,133
195,F43,GOOD,15220,20543,2,74.0884972983498,373,20.72222222222222,378.0,98.67724867724868,6,373,372,374,99.73262032085562,99.46524064171123,7500.0,15000.0,294
196,F13,GOOD,5910,7509,3,78.7055533359968,518,20.72,525.0,98.66666666666669,6,478,340,523,91.39579349904398,65.00956022944551,5000.0,15000.0,200
197,F43,GOOD,19259,29449,3,65.39780637712656,373,20.72222222222222,378.0,98.67724867724868,6,373,373,376,99.20212765957449,99.20212765957449,7500.0,22500.0,441
198,F13,GOOD,9077,11856,4,76.56039136302294,518,20.72,525.0,98.66666666666669,6,513,449,524,97.90076335877863,85.68702290076335,5000.0,20000.0,267
199,F43,GOOD,20546,33896,4,60.61482180788293,373,20.72222222222222,378.0,98.67724867724868,6,373,373,376,99.20212765957449,99.20212765957449,7500.0,30000.0,588
200,F13,GOOD,9077,11859,5,76.5410236950839,518,20.72,525.0,98.66666666666669,6,513,449,524,97.90076335877863,85.68702290076335,5000.0,25000.0,333
201,F43,GOOD,21197,37730,5,56.18075801749272,373,20.72222222222222,378.0,98.67724867724868,6,373,373,376,99.20212765957449,99.20212765957449,7500.0,37500.0,735
202,F13,GOOD,15690,22186,6,70.72027404669612,518,20.72,525.0,98.66666666666669,6,521,517,524,99.42748091603052,98.66412213740458,5000.0,30000.0,400
203,F43,GOOD,21641,41569,6,52.06042964709279,373,20.72222222222222,378.0,98.67724867724868,6,373,373,376,99.20212765957449,99.20212765957449,7500.0,45000.0,882
204,F13,GOOD,16735,24136,7,69.33626118660922,518,20.72,525.0,98.66666666666669,6,522,518,524,99.61832061068702,98.85496183206108,5000.0,35000.0,467
205,F43,GOOD,21588,46742,7,46.185443498352655,373,20.72222222222222,378.0,98.67724867724868,6,373,373,376,99.20212765957449,99.20212765957449,7500.0,52500.0,1029
206,F13,GOOD,18614,27508,8,67.66758761087684,518,20.72,525.0,98.66666666666669,6,523,518,524,99.80916030534353,98.85496183206108,5000.0,40000.0,533
207,F43,GOOD,21571,47310,8,45.59501162544917,373,20.72222222222222,378.0,98.67724867724868,6,373,373,376,99.20212765957449,99.20212765957449,7500.0,60000.0,1176
208,F13,GOOD,19712,29663,9,66.45315713178033,518,20.72,525.0,98.66666666666669,6,523,518,524,99.80916030534353,98.85496183206108,5000.0,45000.0,600
209,F43,GOOD,20849,51473,9,40.5047306354788,373,20.72222222222222,378.0,98.67724867724868,6,373,373,376,99.20212765957449,99.20212765957449,7500.0,67500.0,1324
210,F13,GOOD,20715,31923,10,64.89051780847664,518,20.72,525.0,98.66666666666669,6,524,520,524,100.0,99.23664122137404,5000.0,50000.0,667
211,F43,GOOD,20063,53778,10,37.30707724348247,373,20.72222222222222,378.0,98.67724867724868,6,375,373,376,99.7340425531915,99.20212765957449,7500.0,75000.0,1471
212,F13,GOOD,20715,31923,11,64.89051780847664,518,20.72,525.0,98.66666666666669,6,524,520,524,100.0,99.23664122137404,5000.0,55000.0,733
213,F43,GOOD,19535,54977,11,35.53304108991033,373,20.72222222222222,378.0,98.67724867724868,6,375,373,376,99.7340425531915,99.20212765957449,7500.0,82500.0,1618
214,F13,GOOD,22656,36603,12,61.89656585525777,518,20.72,525.0,98.66666666666669,6,524,521,524,100.0,99.42748091603052,5000.0,60000.0,800
215,F43,GOOD,18997,56448,12,33.653982426303855,373,20.72222222222222,378.0,98.67724867724868,6,375,373,376,99.7340425531915,99.20212765957449,7500.0,90000.0,1765
216,F13,GOOD,24172,40805,13,59.237838500183805,518,20.72,525.0,98.66666666666669,6,524,522,524,100.0,99.61832061068702,5000.0,65000.0,867
217,F43,GOOD,18315,57704,13,31.73956744766394,373,20.72222222222222,378.0,98.67724867724868,6,375,373,377,99.46949602122017,98.93899204244032,7500.0,97500.0,1912
218,F13,GOOD,24942,42947,14,58.07623349710108,518,20.72,525.0,98.66666666666669,6,524,522,524,100.0,99.61832061068702,5000.0,70000.0,933
219,F43,GOOD,17616,59161,14,29.776372948395057,373,20.72222222222222,378.0,98.67724867724868,6,375,373,377,99.46949602122017,98.93899204244032,7500.0,105000.0,2059
220,F13,GOOD,25221,43889,15,57.465424138166746,518,20.72,525.0,98.66666666666669,6,524,522,524,100.0,99.61832061068702,5000.0,75000.0,1000
221,F43,GOOD,16650,60720,15,27.420948616600796,373,20.72222222222222,378.0,98.67724867724868,6,375,373,377,99.46949602122017,98.93899204244032,7500.0,112500.0,2206
222,F13,GOOD,25521,45010,16,56.70073317040658,518,20.72,525.0,98.66666666666669,6,524,522,524,100.0,99.61832061068702,5000.0,80000.0,1067
223,F43,GOOD,15924,61828,16,25.75532121368959,373,20.72222222222222,378.0,98.67724867724868,6,375,373,377,99.46949602122017,98.93899204244032,7500.0,120000.0,2353
224,F13,GOOD,3378,4183,1,80.75543868037293,507,20.28,525.0,96.57142857142856,7,354,159,510,69.41176470588235,31.176470588235293,5000.0,5000.0,67
225,F43,GOOD,13185,17157,1,76.84909949291834,373,20.72222222222222,378.0,98.67724867724868,7,373,369,374,99.73262032085562,98.66310160427808,7500.0,7500.0,147
226,F13,GOOD,6451,8134,2,79.30907302680109,517,20.68,525.0,98.47619047619048,7,494,350,521,94.8176583493282,67.17850287907869,5000.0,10000.0,133
227,F43,GOOD,17482,25259,2,69.2109743061879,373,20.72222222222222,378.0,98.67724867724868,7,373,373,375,99.46666666666668,99.46666666666668,7500.0,15000.0,294
228,F13,GOOD,9670,12523,3,77.21791902898666,517,20.68,525.0,98.47619047619048,7,512,471,522,98.08429118773944,90.22988505747126,5000.0,15000.0,200
229,F43,GOOD,19604,30412,3,64.46139681704591,373,20.72222222222222,378.0,98.67724867724868,7,373,373,376,99.20212765957449,99.20212765957449,7500.0,22500.0,441
230,F13,GOOD,9672,12526,4,77.21539198467188,517,20.68,525.0,98.47619047619048,7,512,471,522,98.08429118773944,90.22988505747126,5000.0,20000.0,267
231,F43,GOOD,20611,34389,4,59.9348628922039,373,20.72222222222222,378.0,98.67724867724868,7,373,373,376,99.20212765957449,99.20212765957449,7500.0,30000.0,588
232,F13,GOOD,11582,15319,5,75.60545727527906,518,20.72,525.0,98.66666666666669,7,515,496,523,98.47036328871891,94.83747609942638,5000.0,25000.0,333
233,F43,GOOD,21618,41480,5,52.11668273866924,373,20.72222222222222,378.0,98.67724867724868,7,373,373,376,99.20212765957449,99.20212765957449,7500.0,37500.0,735
234,F13,GOOD,16596,23504,6,70.60925799863853,518,20.72,525.0,98.66666666666669,7,520,513,523,99.4263862332696,98.08795411089864,5000.0,30000.0,400
235,F43,GOOD,21595,44559,6,48.46383446666218,373,20.72222222222222,378.0,98.67724867724868,7,373,373,376,99.20212765957449,99.20212765957449,7500.0,45000.0,882
236,F13,GOOD,17500,25106,7,69.70445311877639,518,20.72,525.0,98.66666666666669,7,520,516,523,99.4263862332696,98.66156787762908,5000.0,35000.0,467
237,F43,GOOD,21353,48480,7,44.04496699669967,373,20.72222222222222,378.0,98.67724867724868,7,373,373,376,99.20212765957449,99.20212765957449,7500.0,52500.0,1029
238,F13,GOOD,18892,27846,8,67.84457372692667,518,20.72,525.0,98.66666666666669,7,522,517,523,99.80879541108987,98.8527724665392,5000.0,40000.0,533
239,F43,GOOD,20739,50813,8,40.81435853029736,373,20.72222222222222,378.0,98.67724867724868,7,373,373,376,99.20212765957449,99.20212765957449,7500.0,60000.0,1176
240,F13,GOOD,21379,33060,9,64.66727162734422,518,20.72,525.0,98.66666666666669,7,522,518,524,99.61832061068702,98.85496183206108,5000.0,45000.0,600
241,F43,GOOD,20296,52771,9,38.46051808758598,373,20.72222222222222,378.0,98.67724867724868,7,374,373,377,99.20424403183024,98.93899204244032,7500.0,67500.0,1324
242,F13,GOOD,22508,35636,10,63.160848580087546,518,20.72,525.0,98.66666666666669,7,522,519,524,99.61832061068702,99.04580152671755,5000.0,50000.0,667
243,F43,GOOD,20193,53098,10,38.02968096726807,373,20.72222222222222,378.0,98.67724867724868,7,374,373,377,99.20424403183024,98.93899204244032,7500.0,75000.0,1471
244,F13,GOOD,22508,35636,11,63.160848580087546,518,20.72,525.0,98.66666666666669,7,522,519,524,99.61832061068702,99.04580152671755,5000.0,55000.0,733
245,F43,GOOD,19459,55148,11,35.28505113512729,373,20.72222222222222,378.0,98.67724867724868,7,374,373,377,99.20424403183024,98.93899204244032,7500.0,82500.0,1618
246,F13,GOOD,24511,41246,12,59.42636861756292,518,20.72,525.0,98.66666666666669,7,523,522,524,99.80916030534353,99.61832061068702,5000.0,60000.0,800
247,F43,GOOD,18973,56485,12,33.58944852615739,373,20.72222222222222,378.0,98.67724867724868,7,374,373,377,99.20424403183024,98.93899204244032,7500.0,90000.0,1765
248,F13,GOOD,24981,42910,13,58.21719878816127,518,20.72,525.0,98.66666666666669,7,524,522,524,100.0,99.61832061068702,5000.0,65000.0,867
249,F43,GOOD,18080,57981,13,31.18262879219055,373,20.72222222222222,378.0,98.67724867724868,7,375,373,377,99.46949602122017,98.93899204244032,7500.0,97500.0,1912
250,F13,GOOD,25221,43889,14,57.465424138166746,518,20.72,525.0,98.66666666666669,7,524,522,524,100.0,99.61832061068702,5000.0,70000.0,933
251,F43,GOOD,17160,59746,14,28.72158805610417,373,20.72222222222222,378.0,98.67724867724868,7,375,373,377,99.46949602122017,98.93899204244032,7500.0,105000.0,2059
252,F13,GOOD,25521,45010,15,56.70073317040658,518,20.72,525.0,98.66666666666669,7,524,522,524,100.0,99.61832061068702,5000.0,75000.0,1000
253,F43,GOOD,16373,61066,15,26.811973929846395,373,20.72222222222222,378.0,98.67724867724868,7,375,373,377,99.46949602122017,98.93899204244032,7500.0,112500.0,2206
254,F13,GOOD,25521,45010,16,56.70073317040658,518,20.72,525.0,98.66666666666669,7,524,522,524,100.0,99.61832061068702,5000.0,80000.0,1067
255,F43,GOOD,15924,61828,16,25.75532121368959,373,20.72222222222222,378.0,98.67724867724868,7,375,373,377,99.46949602122017,98.93899204244032,7500.0,120000.0,2353
256,F13,GOOD,6,7,1,85.71428571428571,6,1.0,525.0,1.1428571428571428,8,0,0,6,0.0,0.0,5000.0,5000.0,67
257,F43,GOOD,9073,10887,1,83.33792596674934,373,20.72222222222222,378.0,98.67724867724868,8,370,332,374,98.93048128342244,88.77005347593582,7500.0,7500.0,147
258,F13,GOOD,7199,9089,2,79.20563318296843,518,20.72,525.0,98.66666666666669,8,498,396,524,95.0381679389313,75.57251908396947,5000.0,10000.0,133
259,F43,GOOD,14652,19383,2,75.59201362018263,373,20.72222222222222,378.0,98.67724867724868,8,373,370,375,99.46666666666668,98.66666666666669,7500.0,15000.0,294
260,F13,GOOD,9133,11786,3,77.49024266078398,518,20.72,525.0,98.66666666666669,8,512,463,524,97.70992366412212,88.35877862595419,5000.0,15000.0,200
261,F43,GOOD,18430,27097,3,68.01490939956453,373,20.72222222222222,378.0,98.67724867724868,8,373,373,375,99.46666666666668,99.46666666666668,7500.0,22500.0,441
262,F13,GOOD,9135,11788,4,77.4940617577197,518,20.72,525.0,98.66666666666669,8,512,463,524,97.70992366412212,88.35877862595419,5000.0,20000.0,267
263,F43,GOOD,20388,33117,4,61.5635474227738,373,20.72222222222222,378.0,98.67724867724868,8,373,373,376,99.20212765957449,99.20212765957449,7500.0,30000.0,588
264,F13,GOOD,11193,14876,5,75.24200053777898,518,20.72,525.0,98.66666666666669,8,517,497,524,98.66412213740458,94.8473282442748,5000.0,25000.0,333
265,F43,GOOD,21517,40474,5,53.16252408953896,373,20.72222222222222,378.0,98.67724867724868,8,373,373,377,98.93899204244032,98.93899204244032,7500.0,37500.0,735
266,F13,GOOD,17310,24822,6,69.73652405124486,518,20.72,525.0,98.66666666666669,8,522,517,524,99.61832061068702,98.66412213740458,5000.0,30000.0,400
267,F43,GOOD,21624,44094,6,49.04068580759287,373,20.72222222222222,378.0,98.67724867724868,8,373,373,377,98.93899204244032,98.93899204244032,7500.0,45000.0,882
268,F13,GOOD,18849,27746,7,67.93411662942405,518,20.72,525.0,98.66666666666669,8,523,517,524,99.80916030534353,98.66412213740458,5000.0,35000.0,467
269,F43,GOOD,21188,48885,7,43.34253861102588,373,20.72222222222222,378.0,98.67724867724868,8,374,373,377,99.20424403183024,98.93899204244032,7500.0,52500.0,1029
270,F13,GOOD,20326,30552,8,66.52919612463995,518,20.72,525.0,98.66666666666669,8,523,520,524,99.80916030534353,99.23664122137404,5000.0,40000.0,533
271,F43,GOOD,20699,51552,8,40.15169149596524,373,20.72222222222222,378.0,98.67724867724868,8,374,373,377,99.20424403183024,98.93899204244032,7500.0,60000.0,1176
272,F13,GOOD,20978,31963,9,65.63213715858961,518,20.72,525.0,98.66666666666669,8,523,520,524,99.80916030534353,99.23664122137404,5000.0,45000.0,600
273,F43,GOOD,19877,54288,9,36.6139846743295,373,20.72222222222222,378.0,98.67724867724868,8,374,373,377,99.20424403183024,98.93899204244032,7500.0,67500.0,1324
274,F13,GOOD,21433,33177,10,64.60198330168491,518,20.72,525.0,98.66666666666669,8,523,521,524,99.80916030534353,99.42748091603052,5000.0,50000.0,667
275,F43,GOOD,18950,56572,10,33.49713639256169,373,20.72222222222222,378.0,98.67724867724868,8,374,373,377,99.20424403183024,98.93899204244032,7500.0,75000.0,1471
276,F13,GOOD,22148,35021,11,63.24205476713972,518,20.72,525.0,98.66666666666669,8,524,521,524,100.0,99.42748091603052,5000.0,55000.0,733
277,F43,GOOD,18066,58328,11,30.97311754217528,373,20.72222222222222,378.0,98.67724867724868,8,375,373,377,99.46949602122017,98.93899204244032,7500.0,82500.0,1618
278,F13,GOOD,23599,38975,12,60.54906991661322,518,20.72,525.0,98.66666666666669,8,524,521,524,100.0,99.42748091603052,5000.0,60000.0,800
279,F43,GOOD,17584,59338,12,29.633624321682568,373,20.72222222222222,378.0,98.67724867724868,8,375,373,377,99.46949602122017,98.93899204244032,7500.0,90000.0,1765
280,F13,GOOD,24177,40789,13,59.27333349677609,518,20.72,525.0,98.66666666666669,8,524,522,524,100.0,99.61832061068702,5000.0,65000.0,867
281,F43,GOOD,16816,60418,13,27.83276507001225,373,20.72222222222222,378.0,98.67724867724868,8,375,373,377,99.46949602122017,98.93899204244032,7500.0,97500.0,1912
282,F13,GOOD,24178,40790,14,59.27433194410394,518,20.72,525.0,98.66666666666669,8,524,522,524,100.0,99.61832061068702,5000.0,70000.0,933
283,F43,GOOD,16357,61227,14,26.715338004475147,373,20.72222222222222,378.0,98.67724867724868,8,375,373,377,99.46949602122017,98.93899204244032,7500.0,105000.0,2059
284,F13,GOOD,24908,43002,15,57.922887307567095,518,20.72,525.0,98.66666666666669,8,524,522,524,100.0,99.61832061068702,5000.0,75000.0,1000
285,F43,GOOD,16215,61397,15,26.410085183315147,373,20.72222222222222,378.0,98.67724867724868,8,375,373,377,99.46949602122017,98.93899204244032,7500.0,112500.0,2206
286,F13,GOOD,25521,45010,16,56.70073317040658,518,20.72,525.0,98.66666666666669,8,524,522,524,100.0,99.61832061068702,5000.0,80000.0,1067
287,F43,GOOD,15924,61828,16,25.75532121368959,373,20.72222222222222,378.0,98.67724867724868,8,375,373,377,99.46949602122017,98.93899204244032,7500.0,120000.0,2353
288,F13,GOOD,7196,9084,1,79.21620431527961,518,20.72,525.0,98.66666666666669,9,498,396,524,95.0381679389313,75.57251908396947,5000.0,5000.0,67
289,F43,GOOD,8785,10520,1,83.50760456273764,373,20.72222222222222,378.0,98.67724867724868,9,369,333,375,98.4,88.8,7500.0,7500.0,147
290,F13,GOOD,10018,12952,2,77.34712785670168,518,20.72,525.0,98.66666666666669,9,515,474,524,98.2824427480916,90.45801526717555,5000.0,10000.0,133
291,F43,GOOD,15863,21845,2,72.6161593041886,373,20.72222222222222,378.0,98.67724867724868,9,373,373,376,99.20212765957449,99.20212765957449,7500.0,15000.0,294
292,F13,GOOD,11286,14829,3,76.10762694719806,518,20.72,525.0,98.66666666666669,9,517,491,524,98.66412213740458,93.70229007633588,5000.0,15000.0,200
293,F43,GOOD,19485,30188,3,64.54551477408242,373,20.72222222222222,378.0,98.67724867724868,9,373,373,376,99.20212765957449,99.20212765957449,7500.0,22500.0,441
294,F13,GOOD,13173,17802,4,73.99730367374453,518,20.72,525.0,98.66666666666669,9,518,509,524,98.85496183206108,97.13740458015268,5000.0,20000.0,267
295,F43,GOOD,21441,38364,4,55.888332812011264,373,20.72222222222222,378.0,98.67724867724868,9,373,373,376,99.20212765957449,99.20212765957449,7500.0,30000.0,588
296,F13,GOOD,15099,20945,5,72.08880401050371,518,20.72,525.0,98.66666666666669,9,519,516,524,99.04580152671755,98.47328244274809,5000.0,25000.0,333
297,F43,GOOD,21758,43961,5,49.49386956620641,373,20.72222222222222,378.0,98.67724867724868,9,373,373,376,99.20212765957449,99.20212765957449,7500.0,37500.0,735
298,F13,GOOD,20032,30011,6,66.748858751791,518,20.72,525.0,98.66666666666669,9,522,518,524,99.61832061068702,98.85496183206108,5000.0,30000.0,400
299,F43,GOOD,21623,46653,6,46.34857351081388,373,20.72222222222222,378.0,98.67724867724868,9,373,373,376,99.20212765957449,99.20212765957449,7500.0,45000.0,882
300,F13,GOOD,20033,30012,7,66.74996667999467,518,20.72,525.0,98.66666666666669,9,522,518,524,99.61832061068702,98.85496183206108,5000.0,35000.0,467
301,F43,GOOD,21142,50250,7,42.073631840796025,373,20.72222222222222,378.0,98.67724867724868,9,374,373,376,99.46808510638296,99.20212765957449,7500.0,52500.0,1029
302,F13,GOOD,20032,30012,8,66.74663467946155,518,20.72,525.0,98.66666666666669,9,522,518,524,99.61832061068702,98.85496183206108,5000.0,40000.0,533
303,F43,GOOD,20485,52435,8,39.06741680175456,373,20.72222222222222,378.0,98.67724867724868,9,374,373,376,99.46808510638296,99.20212765957449,7500.0,60000.0,1176
304,F13,GOOD,21299,32627,9,65.28028933092224,518,20.72,525.0,98.66666666666669,9,522,519,524,99.61832061068702,99.04580152671755,5000.0,45000.0,600
305,F43,GOOD,20160,53671,9,37.56218441989156,373,20.72222222222222,378.0,98.67724867724868,9,374,373,377,99.20424403183024,98.93899204244032,7500.0,67500.0,1324
306,F13,GOOD,21299,32627,10,65.28028933092224,518,20.72,525.0,98.66666666666669,9,522,519,524,99.61832061068702,99.04580152671755,5000.0,50000.0,667
307,F43,GOOD,19727,54733,10,36.04224142656168,373,20.72222222222222,378.0,98.67724867724868,9,374,373,377,99.20424403183024,98.93899204244032,7500.0,75000.0,1471
308,F13,GOOD,21749,33826,11,64.2966948501153,518,20.72,525.0,98.66666666666669,9,523,520,524,99.80916030534353,99.23664122137404,5000.0,55000.0,733
309,F43,GOOD,18806,56967,11,33.01209472150543,373,20.72222222222222,378.0,98.67724867724868,9,374,373,377,99.20424403183024,98.93899204244032,7500.0,82500.0,1618
310,F13,GOOD,22489,35751,12,62.90453413890521,518,20.72,525.0,98.66666666666669,9,524,521,524,100.0,99.42748091603052,5000.0,60000.0,800
311,F43,GOOD,18026,58449,12,30.840561857345723,373,20.72222222222222,378.0,98.67724867724868,9,375,373,377,99.46949602122017,98.93899204244032,7500.0,90000.0,1765
312,F13,GOOD,23868,39640,13,60.21190716448033,518,20.72,525.0,98.66666666666669,9,524,521,524,100.0,99.42748091603052,5000.0,65000.0,867
313,F43,GOOD,17500,59434,13,29.44442574957095,373,20.72222222222222,378.0,98.67724867724868,9,375,373,377,99.46949602122017,98.93899204244032,7500.0,97500.0,1912
314,F13,GOOD,24618,41894,14,58.76259130185707,518,20.72,525.0,98.66666666666669,9,524,521,524,100.0,99.42748091603052,5000.0,70000.0,933
315,F43,GOOD,17362,59636,14,29.11328727614193,373,20.72222222222222,378.0,98.67724867724868,9,375,373,377,99.46949602122017,98.93899204244032,7500.0,105000.0,2059
316,F13,GOOD,25221,43889,15,57.465424138166746,518,20.72,525.0,98.66666666666669,9,524,522,524,100.0,99.61832061068702,5000.0,75000.0,1000
317,F43,GOOD,16650,60720,15,27.420948616600796,373,20.72222222222222,378.0,98.67724867724868,9,375,373,377,99.46949602122017,98.93899204244032,7500.0,112500.0,2206
318,F13,GOOD,25521,45010,16,56.70073317040658,518,20.72,525.0,98.66666666666669,9,524,522,524,100.0,99.61832061068702,5000.0,80000.0,1067
319,F43,GOOD,15924,61828,16,25.75532121368959,373,20.72222222222222,378.0,98.67724867724868,9,375,373,377,99.46949602122017,98.93899204244032,7500.0,120000.0,2353
320,F13,GOOD,3937,4836,1,81.41025641025641,514,20.56,525.0,97.90476190476193,10,398,200,517,76.9825918762089,38.684719535783366,5000.0,5000.0,67
321,F43,GOOD,7877,9143,1,86.15334135404134,373,20.72222222222222,378.0,98.67724867724868,10,361,312,374,96.524064171123,83.42245989304813,7500.0,7500.0,147
322,F13,GOOD,6291,7925,2,79.38170347003155,518,20.72,525.0,98.66666666666669,10,481,364,521,92.32245681381956,69.86564299424184,5000.0,10000.0,133
323,F43,GOOD,16396,22875,2,71.67650273224044,373,20.72222222222222,378.0,98.67724867724868,10,373,373,376,99.20212765957449,99.20212765957449,7500.0,15000.0,294
324,F13,GOOD,8230,10627,3,77.44424578902795,518,20.72,525.0,98.66666666666669,10,507,435,523,96.94072657743786,83.17399617590823,5000.0,15000.0,200
325,F43,GOOD,19353,29924,3,64.67384039566902,373,20.72222222222222,378.0,98.67724867724868,10,373,373,376,99.20212765957449,99.20212765957449,7500.0,22500.0,441
326,F13,GOOD,10771,14254,4,75.5647537533324,518,20.72,525.0,98.66666666666669,10,515,480,524,98.2824427480916,91.6030534351145,5000.0,20000.0,267
327,F43,GOOD,21328,38453,4,55.46511325514264,373,20.72222222222222,378.0,98.67724867724868,10,373,373,376,99.20212765957449,99.20212765957449,7500.0,30000.0,588
328,F13,GOOD,15327,21404,5,71.60811063352645,518,20.72,525.0,98.66666666666669,10,520,514,524,99.23664122137404,98.09160305343512,5000.0,25000.0,333
329,F43,GOOD,21743,42345,5,51.34726650135789,373,20.72222222222222,378.0,98.67724867724868,10,373,373,377,98.93899204244032,98.93899204244032,7500.0,37500.0,735
330,F13,GOOD,15329,21407,6,71.60741813425516,518,20.72,525.0,98.66666666666669,10,520,514,524,99.23664122137404,98.09160305343512,5000.0,30000.0,400
331,F43,GOOD,21730,44935,6,48.35874040280405,373,20.72222222222222,378.0,98.67724867724868,10,374,373,377,99.20424403183024,98.93899204244032,7500.0,45000.0,882
332,F13,GOOD,16716,23898,7,69.94727592267135,518,20.72,525.0,98.66666666666669,10,523,516,524,99.80916030534353,98.47328244274809,5000.0,35000.0,467
333,F43,GOOD,21348,47962,7,44.51023727117301,373,20.72222222222222,378.0,98.67724867724868,10,374,373,377,99.20424403183024,98.93899204244032,7500.0,52500.0,1029
334,F13,GOOD,20128,30514,8,65.96316444910532,518,20.72,525.0,98.66666666666669,10,523,519,524,99.80916030534353,99.04580152671755,5000.0,40000.0,533
335,F43,GOOD,21045,50002,8,42.08831646734131,373,20.72222222222222,378.0,98.67724867724868,10,374,373,377,99.20424403183024,98.93899204244032,7500.0,60000.0,1176
336,F13,GOOD,21407,33230,9,64.4207041829672,518,20.72,525.0,98.66666666666669,10,523,519,524,99.80916030534353,99.04580152671755,5000.0,45000.0,600
337,F43,GOOD,21007,50411,9,41.67146059391799,373,20.72222222222222,378.0,98.67724867724868,10,374,373,377,99.20424403183024,98.93899204244032,7500.0,67500.0,1324
338,F13,GOOD,23665,39099,10,60.52584465075833,518,20.72,525.0,98.66666666666669,10,524,521,524,100.0,99.42748091603052,5000.0,50000.0,667
339,F43,GOOD,20530,52302,10,39.25280104011319,373,20.72222222222222,378.0,98.67724867724868,10,374,373,377,99.20424403183024,98.93899204244032,7500.0,75000.0,1471
340,F13,GOOD,23665,39099,11,60.52584465075833,518,20.72,525.0,98.66666666666669,10,524,521,524,100.0,99.42748091603052,5000.0,55000.0,733
341,F43,GOOD,19702,54684,11,36.02882013020262,373,20.72222222222222,378.0,98.67724867724868,10,374,373,377,99.20424403183024,98.93899204244032,7500.0,82500.0,1618
342,F13,GOOD,23665,39099,12,60.52584465075833,518,20.72,525.0,98.66666666666669,10,524,521,524,100.0,99.42748091603052,5000.0,60000.0,800
343,F43,GOOD,19275,55681,12,34.61683518614967,373,20.72222222222222,378.0,98.67724867724868,10,374,373,377,99.20424403183024,98.93899204244032,7500.0,90000.0,1765
344,F13,GOOD,23974,40153,13,59.70662217019898,518,20.72,525.0,98.66666666666669,10,524,521,524,100.0,99.42748091603052,5000.0,65000.0,867
345,F43,GOOD,18346,57770,13,31.75696728405747,373,20.72222222222222,378.0,98.67724867724868,10,375,373,377,99.46949602122017,98.93899204244032,7500.0,97500.0,1912
346,F13,GOOD,24796,42393,14,58.49078857358526,518,20.72,525.0,98.66666666666669,10,524,521,524,100.0,99.42748091603052,5000.0,70000.0,933
347,F43,GOOD,17594,59315,14,29.66197420551294,373,20.72222222222222,378.0,98.67724867724868,10,375,373,377,99.46949602122017,98.93899204244032,7500.0,105000.0,2059
348,F13,GOOD,25261,44089,15,57.29547052552791,518,20.72,525.0,98.66666666666669,10,524,522,524,100.0,99.61832061068702,5000.0,75000.0,1000
349,F43,GOOD,16897,60430,15,27.961277511169943,373,20.72222222222222,378.0,98.67724867724868,10,375,373,377,99.46949602122017,98.93899204244032,7500.0,112500.0,2206
350,F13,GOOD,25521,45010,16,56.70073317040658,518,20.72,525.0,98.66666666666669,10,524,522,524,100.0,99.61832061068702,5000.0,80000.0,1067
351,F43,GOOD,15924,61828,16,25.75532121368959,373,20.72222222222222,378.0,98.67724867724868,10,375,373,377,99.46949602122017,98.93899204244032,7500.0,120000.0,2353
352,F13,GOOD,6,7,1,85.71428571428571,6,1.0,525.0,1.1428571428571428,11,0,0,6,0.0,0.0,5000.0,5000.0,67
353,F43,GOOD,9073,10887,1,83.33792596674934,373,20.72222222222222,378.0,98.67724867724868,11,370,332,374,98.93048128342244,88.77005347593582,7500.0,7500.0,147
354,F13,GOOD,9,12,2,75.0,9,1.0,525.0,1.7142857142857144,11,0,0,9,0.0,0.0,5000.0,10000.0,133
355,F43,GOOD,15730,21566,2,72.93888528238894,373,20.72222222222222,378.0,98.67724867724868,11,373,372,374,99.73262032085562,99.46524064171123,7500.0,15000.0,294
356,F13,GOOD,3365,4179,3,80.52165589854032,510,20.4,525.0,97.14285714285714,11,364,168,512,71.09375,32.8125,5000.0,15000.0,200
357,F43,GOOD,18747,28713,3,65.29098317835127,373,20.72222222222222,378.0,98.67724867724868,11,373,373,374,99.73262032085562,99.73262032085562,7500.0,22500.0,441
358,F13,GOOD,5916,7518,4,78.69114126097367,518,20.72,525.0,98.66666666666669,11,478,340,523,91.39579349904398,65.00956022944551,5000.0,20000.0,267
359,F43,GOOD,20848,35842,4,58.16639696445512,373,20.72222222222222,378.0,98.67724867724868,11,373,373,376,99.20212765957449,99.20212765957449,7500.0,30000.0,588
360,F13,GOOD,7530,9741,5,77.30212503849707,518,20.72,525.0,98.66666666666669,11,503,426,524,95.99236641221374,81.29770992366412,5000.0,25000.0,333
361,F43,GOOD,21360,40138,5,53.21640340824156,373,20.72222222222222,378.0,98.67724867724868,11,373,373,376,99.20212765957449,99.20212765957449,7500.0,37500.0,735
362,F13,GOOD,10502,13956,6,75.25078819145887,518,20.72,525.0,98.66666666666669,11,516,480,524,98.47328244274809,91.6030534351145,5000.0,30000.0,400
363,F43,GOOD,21476,42319,6,50.74789101821877,373,20.72222222222222,378.0,98.67724867724868,11,373,373,376,99.20212765957449,99.20212765957449,7500.0,45000.0,882
364,F13,GOOD,10502,13956,7,75.25078819145887,518,20.72,525.0,98.66666666666669,11,516,480,524,98.47328244274809,91.6030534351145,5000.0,35000.0,467
365,F43,GOOD,21453,44262,7,48.468212010302295,373,20.72222222222222,378.0,98.67724867724868,11,373,373,376,99.20212765957449,99.20212765957449,7500.0,52500.0,1029
366,F13,GOOD,16746,24010,8,69.74593919200333,518,20.72,525.0,98.66666666666669,11,521,518,524,99.42748091603052,98.85496183206108,5000.0,40000.0,533
367,F43,GOOD,21413,47237,8,45.33099053707899,373,20.72222222222222,378.0,98.67724867724868,11,373,373,376,99.20212765957449,99.20212765957449,7500.0,60000.0,1176
368,F13,GOOD,17979,26393,9,68.12033493729398,518,20.72,525.0,98.66666666666669,11,523,519,524,99.80916030534353,99.04580152671755,5000.0,45000.0,600
369,F43,GOOD,20750,49897,9,41.58566647293425,373,20.72222222222222,378.0,98.67724867724868,11,373,373,376,99.20212765957449,99.20212765957449,7500.0,67500.0,1324
370,F13,GOOD,19488,29256,10,66.61197703035275,518,20.72,525.0,98.66666666666669,11,524,521,524,100.0,99.42748091603052,5000.0,50000.0,667
371,F43,GOOD,20160,52781,10,38.1955627972187,373,20.72222222222222,378.0,98.67724867724868,11,374,373,376,99.46808510638296,99.20212765957449,7500.0,75000.0,1471
372,F13,GOOD,20203,30866,11,65.45389749238645,518,20.72,525.0,98.66666666666669,11,524,521,524,100.0,99.42748091603052,5000.0,55000.0,733
373,F43,GOOD,19392,55376,11,35.01878069921988,373,20.72222222222222,378.0,98.67724867724868,11,375,373,376,99.7340425531915,99.20212765957449,7500.0,82500.0,1618
374,F13,GOOD,22673,36382,12,62.31927876422406,518,20.72,525.0,98.66666666666669,11,524,521,524,100.0,99.42748091603052,5000.0,60000.0,800
375,F43,GOOD,18658,57012,12,32.72644355574265,373,20.72222222222222,378.0,98.67724867724868,11,375,373,377,99.46949602122017,98.93899204244032,7500.0,90000.0,1765
376,F13,GOOD,23374,38204,13,61.18207517537431,518,20.72,525.0,98.66666666666669,11,524,521,524,100.0,99.42748091603052,5000.0,65000.0,867
377,F43,GOOD,17500,59317,13,29.502503498153988,373,20.72222222222222,378.0,98.67724867724868,11,375,373,377,99.46949602122017,98.93899204244032,7500.0,97500.0,1912
378,F13,GOOD,24240,40550,14,59.77805178791616,518,20.72,525.0,98.66666666666669,11,524,521,524,100.0,99.42748091603052,5000.0,70000.0,933
379,F43,GOOD,17388,59529,14,29.20929294965479,373,20.72222222222222,378.0,98.67724867724868,11,375,373,377,99.46949602122017,98.93899204244032,7500.0,105000.0,2059
380,F13,GOOD,25261,44089,15,57.29547052552791,518,20.72,525.0,98.66666666666669,11,524,522,524,100.0,99.61832061068702,5000.0,75000.0,1000
381,F43,GOOD,16897,60430,15,27.961277511169943,373,20.72222222222222,378.0,98.67724867724868,11,375,373,377,99.46949602122017,98.93899204244032,7500.0,112500.0,2206
382,F13,GOOD,25521,45010,16,56.70073317040658,518,20.72,525.0,98.66666666666669,11,524,522,524,100.0,99.61832061068702,5000.0,80000.0,1067
383,F43,GOOD,15924,61828,16,25.75532121368959,373,20.72222222222222,378.0,98.67724867724868,11,375,373,377,99.46949602122017,98.93899204244032,7500.0,120000.0,2353
384,F13,GOOD,3937,4836,1,81.41025641025641,514,20.56,525.0,97.90476190476193,12,398,200,517,76.9825918762089,38.684719535783366,5000.0,5000.0,67
385,F43,GOOD,7877,9143,1,86.15334135404134,373,20.72222222222222,378.0,98.67724867724868,12,361,312,374,96.524064171123,83.42245989304813,7500.0,7500.0,147
386,F13,GOOD,12036,16192,2,74.33300395256917,518,20.72,525.0,98.66666666666669,12,518,502,523,99.04397705544932,95.9847036328872,5000.0,10000.0,133
387,F43,GOOD,13860,18089,2,76.62115097573111,373,20.72222222222222,378.0,98.67724867724868,12,373,368,375,99.46666666666668,98.13333333333333,7500.0,15000.0,294
388,F13,GOOD,14503,20021,3,72.43893911393037,518,20.72,525.0,98.66666666666669,12,519,512,523,99.23518164435946,97.89674952198853,5000.0,15000.0,200
389,F43,GOOD,14707,19489,3,75.46308173841653,373,20.72222222222222,378.0,98.67724867724868,12,373,370,375,99.46666666666668,98.66666666666669,7500.0,22500.0,441
390,F13,GOOD,16029,22699,4,70.61544561434424,518,20.72,525.0,98.66666666666669,12,521,515,524,99.42748091603052,98.2824427480916,5000.0,20000.0,267
391,F43,GOOD,18165,27046,4,67.16335132736819,373,20.72222222222222,378.0,98.67724867724868,12,373,373,376,99.20212765957449,99.20212765957449,7500.0,30000.0,588
392,F13,GOOD,16029,22699,5,70.61544561434424,518,20.72,525.0,98.66666666666669,12,521,515,524,99.42748091603052,98.2824427480916,5000.0,25000.0,333
393,F43,GOOD,20291,33112,5,61.27989852621406,373,20.72222222222222,378.0,98.67724867724868,12,373,373,376,99.20212765957449,99.20212765957449,7500.0,37500.0,735
394,F13,GOOD,18930,28186,6,67.16100191584474,518,20.72,525.0,98.66666666666669,12,522,520,524,99.61832061068702,99.23664122137404,5000.0,30000.0,400
395,F43,GOOD,21044,37023,6,56.84034248980363,373,20.72222222222222,378.0,98.67724867724868,12,373,373,376,99.20212765957449,99.20212765957449,7500.0,45000.0,882
396,F13,GOOD,21268,33095,7,64.2634839099562,518,20.72,525.0,98.66666666666669,12,524,521,524,100.0,99.42748091603052,5000.0,35000.0,467
397,F43,GOOD,21320,40455,7,52.70053145470276,373,20.72222222222222,378.0,98.67724867724868,12,373,373,377,98.93899204244032,98.93899204244032,7500.0,52500.0,1029
398,F13,GOOD,21269,33096,8,64.2645636934977,518,20.72,525.0,98.66666666666669,12,524,521,524,100.0,99.42748091603052,5000.0,40000.0,533
399,F43,GOOD,21328,42974,8,49.63000884255596,373,20.72222222222222,378.0,98.67724867724868,12,373,373,377,98.93899204244032,98.93899204244032,7500.0,60000.0,1176
400,F13,GOOD,22541,35794,9,62.974241492987645,518,20.72,525.0,98.66666666666669,12,524,521,524,100.0,99.42748091603052,5000.0,45000.0,600
401,F43,GOOD,21216,47184,9,44.96439471007121,373,20.72222222222222,378.0,98.67724867724868,12,373,373,377,98.93899204244032,98.93899204244032,7500.0,67500.0,1324
402,F13,GOOD,23345,38051,10,61.35186985887362,518,20.72,525.0,98.66666666666669,12,524,521,524,100.0,99.42748091603052,5000.0,50000.0,667
403,F43,GOOD,20798,49770,10,41.78822583885875,373,20.72222222222222,378.0,98.67724867724868,12,373,373,377,98.93899204244032,98.93899204244032,7500.0,75000.0,1471
404,F13,GOOD,23814,39332,11,60.54612020746466,518,20.72,525.0,98.66666666666669,12,524,521,524,100.0,99.42748091603052,5000.0,55000.0,733
405,F43,GOOD,20183,52321,11,38.57533304027064,373,20.72222222222222,378.0,98.67724867724868,12,373,373,377,98.93899204244032,98.93899204244032,7500.0,82500.0,1618
406,F13,GOOD,24496,41445,12,59.10483773675956,518,20.72,525.0,98.66666666666669,12,524,522,524,100.0,99.61832061068702,5000.0,60000.0,800
407,F43,GOOD,19460,55034,12,35.35995929788858,373,20.72222222222222,378.0,98.67724867724868,12,374,373,377,99.20424403183024,98.93899204244032,7500.0,90000.0,1765
408,F13,GOOD,24826,42426,13,58.51600433696318,518,20.72,525.0,98.66666666666669,12,524,522,524,100.0,99.61832061068702,5000.0,65000.0,867
409,F43,GOOD,18514,57181,13,32.377887759920256,373,20.72222222222222,378.0,98.67724867724868,12,374,373,377,99.20424403183024,98.93899204244032,7500.0,97500.0,1912
410,F13,GOOD,25088,43442,14,57.75056397035128,518,20.72,525.0,98.66666666666669,12,524,522,524,100.0,99.61832061068702,5000.0,70000.0,933
411,F43,GOOD,17553,59076,14,29.71257363396303,373,20.72222222222222,378.0,98.67724867724868,12,375,373,377,99.46949602122017,98.93899204244032,7500.0,105000.0,2059
412,F13,GOOD,25521,45010,15,56.70073317040658,518,20.72,525.0,98.66666666666669,12,524,522,524,100.0,99.61832061068702,5000.0,75000.0,1000
413,F43,GOOD,16373,61066,15,26.811973929846395,373,20.72222222222222,378.0,98.67724867724868,12,375,373,377,99.46949602122017,98.93899204244032,7500.0,112500.0,2206
414,F13,GOOD,25521,45010,16,56.70073317040658,518,20.72,525.0,98.66666666666669,12,524,522,524,100.0,99.61832061068702,5000.0,80000.0,1067
415,F43,GOOD,15924,61828,16,25.75532121368959,373,20.72222222222222,378.0,98.67724867724868,12,375,373,377,99.46949602122017,98.93899204244032,7500.0,120000.0,2353
416,F13,GOOD,2811,3536,1,79.49660633484163,504,20.16,525.0,96.0,13,331,134,509,65.0294695481336,26.326129666011788,5000.0,5000.0,67
417,F43,GOOD,11390,14352,1,79.36176142697882,373,20.72222222222222,378.0,98.67724867724868,13,373,362,375,99.46666666666668,96.53333333333332,7500.0,7500.0,147
418,F13,GOOD,5448,6935,2,78.55803893294882,517,20.68,525.0,98.47619047619048,13,466,321,523,89.10133843212236,61.376673040152966,5000.0,10000.0,133
419,F43,GOOD,17154,24620,2,69.67506092607636,373,20.72222222222222,378.0,98.67724867724868,13,373,373,376,99.20212765957449,99.20212765957449,7500.0,15000.0,294
420,F13,GOOD,7182,9380,3,76.56716417910448,517,20.68,525.0,98.47619047619048,13,501,396,523,95.79349904397706,75.71701720841301,5000.0,15000.0,200
421,F43,GOOD,20599,34437,3,59.816476464268085,373,20.72222222222222,378.0,98.67724867724868,13,373,373,376,99.20212765957449,99.20212765957449,7500.0,22500.0,441
422,F13,GOOD,12795,17448,4,73.3321870701513,518,20.72,525.0,98.66666666666669,13,520,506,524,99.23664122137404,96.5648854961832,5000.0,20000.0,267
423,F43,GOOD,21368,38902,4,54.92776720991208,373,20.72222222222222,378.0,98.67724867724868,13,374,373,377,99.20424403183024,98.93899204244032,7500.0,30000.0,588
424,F13,GOOD,14957,20842,5,71.76374628154689,518,20.72,525.0,98.66666666666669,13,521,514,524,99.42748091603052,98.09160305343512,5000.0,25000.0,333
425,F43,GOOD,21540,39578,5,54.42417504674314,373,20.72222222222222,378.0,98.67724867724868,13,374,373,377,99.20424403183024,98.93899204244032,7500.0,37500.0,735
426,F13,GOOD,16479,23497,6,70.13235732221135,518,20.72,525.0,98.66666666666669,13,521,518,524,99.42748091603052,98.85496183206108,5000.0,30000.0,400
427,F43,GOOD,21601,45355,6,47.62650203946643,373,20.72222222222222,378.0,98.67724867724868,13,374,373,377,99.20424403183024,98.93899204244032,7500.0,45000.0,882
428,F13,GOOD,18054,26360,7,68.49013657056146,518,20.72,525.0,98.66666666666669,13,522,518,524,99.61832061068702,98.85496183206108,5000.0,35000.0,467
429,F43,GOOD,21454,46977,7,45.669157247163504,373,20.72222222222222,378.0,98.67724867724868,13,374,373,377,99.20424403183024,98.93899204244032,7500.0,52500.0,1029
430,F13,GOOD,18054,26361,8,68.48753840901331,518,20.72,525.0,98.66666666666669,13,522,518,524,99.61832061068702,98.85496183206108,5000.0,40000.0,533
431,F43,GOOD,20891,50485,8,41.38060810141626,373,20.72222222222222,378.0,98.67724867724868,13,374,373,377,99.20424403183024,98.93899204244032,7500.0,60000.0,1176
432,F13,GOOD,18721,27662,9,67.67768057262671,518,20.72,525.0,98.66666666666669,13,522,518,524,99.61832061068702,98.85496183206108,5000.0,45000.0,600
433,F43,GOOD,20116,53314,9,37.73117755186255,373,20.72222222222222,378.0,98.67724867724868,13,374,373,377,99.20424403183024,98.93899204244032,7500.0,67500.0,1324
434,F13,GOOD,19640,29542,10,66.48161938934398,518,20.72,525.0,98.66666666666669,13,524,519,524,100.0,99.04580152671755,5000.0,50000.0,667
435,F43,GOOD,19467,55269,10,35.22227650219834,373,20.72222222222222,378.0,98.67724867724868,13,374,373,377,99.20424403183024,98.93899204244032,7500.0,75000.0,1471
436,F13,GOOD,22290,35527,11,62.74101387676978,518,20.72,525.0,98.66666666666669,13,524,519,524,100.0,99.04580152671755,5000.0,55000.0,733
437,F43,GOOD,18954,56632,11,33.46871026981212,373,20.72222222222222,378.0,98.67724867724868,13,374,373,377,99.20424403183024,98.93899204244032,7500.0,82500.0,1618
438,F13,GOOD,23315,37970,12,61.40373979457466,518,20.72,525.0,98.66666666666669,13,524,519,524,100.0,99.04580152671755,5000.0,60000.0,800
439,F43,GOOD,18149,58344,12,31.106883312765664,373,20.72222222222222,378.0,98.67724867724868,13,375,373,377,99.46949602122017,98.93899204244032,7500.0,90000.0,1765
440,F13,GOOD,23315,37970,13,61.40373979457466,518,20.72,525.0,98.66666666666669,13,524,519,524,100.0,99.04580152671755,5000.0,65000.0,867
441,F43,GOOD,17677,59086,13,29.91740852316962,373,20.72222222222222,378.0,98.67724867724868,13,375,373,377,99.46949602122017,98.93899204244032,7500.0,97500.0,1912
442,F13,GOOD,25088,43354,14,57.86778613276745,518,20.72,525.0,98.66666666666669,13,524,521,524,100.0,99.42748091603052,5000.0,70000.0,933
443,F43,GOOD,17133,60118,14,28.4989520609468,373,20.72222222222222,378.0,98.67724867724868,13,375,373,377,99.46949602122017,98.93899204244032,7500.0,105000.0,2059
444,F13,GOOD,25088,43354,15,57.86778613276745,518,20.72,525.0,98.66666666666669,13,524,521,524,100.0,99.42748091603052,5000.0,75000.0,1000
445,F43,GOOD,16622,60868,15,27.30827364132221,373,20.72222222222222,378.0,98.67724867724868,13,375,373,377,99.46949602122017,98.93899204244032,7500.0,112500.0,2206
446,F13,GOOD,25521,45010,16,56.70073317040658,518,20.72,525.0,98.66666666666669,13,524,522,524,100.0,99.61832061068702,5000.0,80000.0,1067
447,F43,GOOD,15924,61828,16,25.75532121368959,373,20.72222222222222,378.0,98.67724867724868,13,375,373,377,99.46949602122017,98.93899204244032,7500.0,120000.0,2353
448,F13,GOOD,3562,4337,1,82.13050495734379,511,20.44,525.0,97.33333333333334,14,354,170,514,68.8715953307393,33.07392996108949,5000.0,5000.0,67
449,F43,GOOD,11290,14026,1,80.49336945672323,373,20.72222222222222,378.0,98.67724867724868,14,373,360,374,99.73262032085562,96.2566844919786,7500.0,7500.0,147
450,F13,GOOD,6451,8134,2,79.30907302680109,517,20.68,525.0,98.47619047619048,14,494,350,521,94.8176583493282,67.17850287907869,5000.0,10000.0,133
451,F43,GOOD,17482,25259,2,69.2109743061879,373,20.72222222222222,378.0,98.67724867724868,14,373,373,375,99.46666666666668,99.46666666666668,7500.0,15000.0,294
452,F13,GOOD,8754,11338,3,77.2093843711413,517,20.68,525.0,98.47619047619048,14,513,451,522,98.27586206896552,86.39846743295018,5000.0,15000.0,200
453,F43,GOOD,20242,33337,3,60.71932087470378,373,20.72222222222222,378.0,98.67724867724868,14,373,373,375,99.46666666666668,99.46666666666668,7500.0,22500.0,441
454,F13,GOOD,14443,20005,4,72.19695076230941,518,20.72,525.0,98.66666666666669,14,520,510,523,99.4263862332696,97.51434034416826,5000.0,20000.0,267
455,F43,GOOD,21074,37447,4,56.276871311453526,373,20.72222222222222,378.0,98.67724867724868,14,373,373,375,99.46666666666668,99.46666666666668,7500.0,30000.0,588
456,F13,GOOD,18445,27316,5,67.52452774930444,518,20.72,525.0,98.66666666666669,14,523,518,524,99.80916030534353,98.85496183206108,5000.0,25000.0,333
457,F43,GOOD,21457,40706,5,52.71213088979512,373,20.72222222222222,378.0,98.67724867724868,14,373,373,375,99.46666666666668,99.46666666666668,7500.0,37500.0,735
458,F13,GOOD,19703,29775,6,66.1729638958858,518,20.72,525.0,98.66666666666669,14,523,520,524,99.80916030534353,99.23664122137404,5000.0,30000.0,400
459,F43,GOOD,21451,46410,6,46.22064210299504,373,20.72222222222222,378.0,98.67724867724868,14,374,373,375,99.73333333333332,99.46666666666668,7500.0,45000.0,882
460,F13,GOOD,20905,32323,7,64.67530860378059,518,20.72,525.0,98.66666666666669,14,523,521,524,99.80916030534353,99.42748091603052,5000.0,35000.0,467
461,F43,GOOD,21050,48965,7,42.98989073828245,373,20.72222222222222,378.0,98.67724867724868,14,374,373,375,99.73333333333332,99.46666666666668,7500.0,52500.0,1029
462,F13,GOOD,21500,33734,8,63.73391830200984,518,20.72,525.0,98.66666666666669,14,523,521,524,99.80916030534353,99.42748091603052,5000.0,40000.0,533
463,F43,GOOD,20561,51653,8,39.80601320349253,373,20.72222222222222,378.0,98.67724867724868,14,374,373,375,99.73333333333332,99.46666666666668,7500.0,60000.0,1176
464,F13,GOOD,23526,38716,9,60.7655749560905,518,20.72,525.0,98.66666666666669,14,524,522,524,100.0,99.61832061068702,5000.0,45000.0,600
465,F43,GOOD,20063,53505,9,37.49743014671526,373,20.72222222222222,378.0,98.67724867724868,14,375,373,376,99.7340425531915,99.20212765957449,7500.0,67500.0,1324
466,F13,GOOD,23526,38716,10,60.7655749560905,518,20.72,525.0,98.66666666666669,14,524,522,524,100.0,99.61832061068702,5000.0,50000.0,667
467,F43,GOOD,19446,55048,10,35.32553407934893,373,20.72222222222222,378.0,98.67724867724868,14,375,373,376,99.7340425531915,99.20212765957449,7500.0,75000.0,1471
468,F13,GOOD,23526,38717,11,60.76400547563085,518,20.72,525.0,98.66666666666669,14,524,522,524,100.0,99.61832061068702,5000.0,55000.0,733
469,F43,GOOD,18704,56872,11,32.88788859192573,373,20.72222222222222,378.0,98.67724867724868,14,375,373,377,99.46949602122017,98.93899204244032,7500.0,82500.0,1618
470,F13,GOOD,23890,39749,12,60.10214093436312,518,20.72,525.0,98.66666666666669,14,524,522,524,100.0,99.61832061068702,5000.0,60000.0,800
471,F43,GOOD,17753,58769,12,30.208102911398864,373,20.72222222222222,378.0,98.67724867724868,14,375,373,377,99.46949602122017,98.93899204244032,7500.0,90000.0,1765
472,F13,GOOD,24661,42007,13,58.70688218630228,518,20.72,525.0,98.66666666666669,14,524,522,524,100.0,99.61832061068702,5000.0,65000.0,867
473,F43,GOOD,17606,58983,13,29.849278605699947,373,20.72222222222222,378.0,98.67724867724868,14,375,373,377,99.46949602122017,98.93899204244032,7500.0,97500.0,1912
474,F13,GOOD,24662,42008,14,58.70786516853933,518,20.72,525.0,98.66666666666669,14,524,522,524,100.0,99.61832061068702,5000.0,70000.0,933
475,F43,GOOD,17128,59894,14,28.597188366113468,373,20.72222222222222,378.0,98.67724867724868,14,375,373,377,99.46949602122017,98.93899204244032,7500.0,105000.0,2059
476,F13,GOOD,25308,44059,15,57.44115844662838,518,20.72,525.0,98.66666666666669,14,524,522,524,100.0,99.61832061068702,5000.0,75000.0,1000
477,F43,GOOD,16819,60394,15,27.848792926449644,373,20.72222222222222,378.0,98.67724867724868,14,375,373,377,99.46949602122017,98.93899204244032,7500.0,112500.0,2206
478,F13,GOOD,25521,45010,16,56.70073317040658,518,20.72,525.0,98.66666666666669,14,524,522,524,100.0,99.61832061068702,5000.0,80000.0,1067
479,F43,GOOD,15924,61828,16,25.75532121368959,373,20.72222222222222,378.0,98.67724867724868,14,375,373,377,99.46949602122017,98.93899204244032,7500.0,120000.0,2353
480,F13,GOOD,3562,4337,1,82.13050495734379,511,20.44,525.0,97.33333333333334,15,354,170,514,68.8715953307393,33.07392996108949,5000.0,5000.0,67
481,F43,GOOD,11290,14026,1,80.49336945672323,373,20.72222222222222,378.0,98.67724867724868,15,373,360,374,99.73262032085562,96.2566844919786,7500.0,7500.0,147
482,F13,GOOD,6243,7823,2,79.80314457369295,517,20.68,525.0,98.47619047619048,15,483,337,520,92.8846153846154,64.8076923076923,5000.0,10000.0,133
483,F43,GOOD,18005,26445,2,68.08470410285499,373,20.72222222222222,378.0,98.67724867724868,15,373,373,375,99.46666666666668,99.46666666666668,7500.0,15000.0,294
484,F13,GOOD,8881,11447,3,77.58364637022801,518,20.72,525.0,98.66666666666669,15,511,449,522,97.8927203065134,86.01532567049809,5000.0,15000.0,200
485,F43,GOOD,20506,34604,3,59.25904519708705,373,20.72222222222222,378.0,98.67724867724868,15,373,373,375,99.46666666666668,99.46666666666668,7500.0,22500.0,441
486,F13,GOOD,11744,15544,4,75.55326814204838,518,20.72,525.0,98.66666666666669,15,516,497,523,98.66156787762908,95.02868068833652,5000.0,20000.0,267
487,F43,GOOD,20752,35484,4,58.48269642655845,373,20.72222222222222,378.0,98.67724867724868,15,373,373,375,99.46666666666668,99.46666666666668,7500.0,30000.0,588
488,F13,GOOD,17605,25333,5,69.49433545178226,518,20.72,525.0,98.66666666666669,15,521,516,524,99.42748091603052,98.47328244274809,5000.0,25000.0,333
489,F43,GOOD,21404,39271,5,54.503323062819895,373,20.72222222222222,378.0,98.67724867724868,15,373,373,375,99.46666666666668,99.46666666666668,7500.0,37500.0,735
490,F13,GOOD,19299,28472,6,67.78238269176735,518,20.72,525.0,98.66666666666669,15,521,517,524,99.42748091603052,98.66412213740458,5000.0,30000.0,400
491,F43,GOOD,21797,42556,6,51.21956950841244,373,20.72222222222222,378.0,98.67724867724868,15,373,373,376,99.20212765957449,99.20212765957449,7500.0,45000.0,882
492,F13,GOOD,19299,28472,7,67.78238269176735,518,20.72,525.0,98.66666666666669,15,521,517,524,99.42748091603052,98.66412213740458,5000.0,35000.0,467
493,F43,GOOD,21718,46097,7,47.113695034384016,373,20.72222222222222,378.0,98.67724867724868,15,373,373,376,99.20212765957449,99.20212765957449,7500.0,52500.0,1029
494,F13,GOOD,19860,29760,8,66.73387096774194,518,20.72,525.0,98.66666666666669,15,522,518,524,99.61832061068702,98.85496183206108,5000.0,40000.0,533
495,F43,GOOD,21185,49685,8,42.638623326959845,373,20.72222222222222,378.0,98.67724867724868,15,373,373,376,99.20212765957449,99.20212765957449,7500.0,60000.0,1176
496,F13,GOOD,20770,31684,9,65.55359171821739,518,20.72,525.0,98.66666666666669,15,522,520,524,99.61832061068702,99.23664122137404,5000.0,45000.0,600
497,F43,GOOD,20500,52258,9,39.22844349190554,373,20.72222222222222,378.0,98.67724867724868,15,373,373,376,99.20212765957449,99.20212765957449,7500.0,67500.0,1324
498,F13,GOOD,21401,33071,10,64.71228568836746,518,20.72,525.0,98.66666666666669,15,522,521,524,99.61832061068702,99.42748091603052,5000.0,50000.0,667
499,F43,GOOD,19579,54869,10,35.68317264757878,373,20.72222222222222,378.0,98.67724867724868,15,373,373,376,99.20212765957449,99.20212765957449,7500.0,75000.0,1471
500,F13,GOOD,23241,37667,11,61.70122388297449,518,20.72,525.0,98.66666666666669,15,523,521,524,99.80916030534353,99.42748091603052,5000.0,55000.0,733
501,F43,GOOD,19055,56381,11,33.79684645536617,373,20.72222222222222,378.0,98.67724867724868,15,373,373,376,99.20212765957449,99.20212765957449,7500.0,82500.0,1618
502,F13,GOOD,23757,39346,12,60.3797082295532,518,20.72,525.0,98.66666666666669,15,524,521,524,100.0,99.42748091603052,5000.0,60000.0,800
503,F43,GOOD,18240,58019,12,31.437977214360814,373,20.72222222222222,378.0,98.67724867724868,15,374,373,376,99.46808510638296,99.20212765957449,7500.0,90000.0,1765
504,F13,GOOD,24341,41152,13,59.149008553654745,518,20.72,525.0,98.66666666666669,15,524,521,524,100.0,99.42748091603052,5000.0,65000.0,867
505,F43,GOOD,17506,59258,13,29.542002767558813,373,20.72222222222222,378.0,98.67724867724868,15,374,373,376,99.46808510638296,99.20212765957449,7500.0,97500.0,1912
506,F13,GOOD,24341,41152,14,59.149008553654745,518,20.72,525.0,98.66666666666669,15,524,521,524,100.0,99.42748091603052,5000.0,70000.0,933
507,F43,GOOD,17057,60218,14,28.32541764920788,373,20.72222222222222,378.0,98.67724867724868,15,375,373,376,99.7340425531915,99.20212765957449,7500.0,105000.0,2059
508,F13,GOOD,24341,41152,15,59.149008553654745,518,20.72,525.0,98.66666666666669,15,524,521,524,100.0,99.42748091603052,5000.0,75000.0,1000
509,F43,GOOD,16535,60943,15,27.13191014554584,373,20.72222222222222,378.0,98.67724867724868,15,375,373,376,99.7340425531915,99.20212765957449,7500.0,112500.0,2206
510,F13,GOOD,25521,45010,16,56.70073317040658,518,20.72,525.0,98.66666666666669,15,524,522,524,100.0,99.61832061068702,5000.0,80000.0,1067
511,F43,GOOD,15924,61828,16,25.75532121368959,373,20.72222222222222,378.0,98.67724867724868,15,375,373,377,99.46949602122017,98.93899204244032,7500.0,120000.0,2353
512,F13,GOOD,3,5,1,60.0,3,1.0,525.0,0.5714285714285714,16,0,0,3,0.0,0.0,5000.0,5000.0,67
513,F43,GOOD,11155,13756,1,81.0918871765048,373,20.72222222222222,378.0,98.67724867724868,16,373,360,374,99.73262032085562,96.2566844919786,7500.0,7500.0,147
514,F13,GOOD,2462,3032,2,81.2005277044855,501,20.04,525.0,95.42857142857144,16,278,102,505,55.049504950495056,20.1980198019802,5000.0,10000.0,133
515,F43,GOOD,15901,21860,2,72.740164684355,373,20.72222222222222,378.0,98.67724867724868,16,373,373,374,99.73262032085562,99.73262032085562,7500.0,15000.0,294
516,F13,GOOD,11039,14684,3,75.17706347044401,518,20.72,525.0,98.66666666666669,16,517,497,524,98.66412213740458,94.8473282442748,5000.0,15000.0,200
517,F43,GOOD,18890,28491,3,66.30163911410621,373,20.72222222222222,378.0,98.67724867724868,16,373,373,375,99.46666666666668,99.46666666666668,7500.0,22500.0,441
518,F13,GOOD,12992,17681,4,73.48000678694643,518,20.72,525.0,98.66666666666669,16,519,509,524,99.04580152671755,97.13740458015268,5000.0,20000.0,267
519,F43,GOOD,21169,37026,4,57.17333765462108,373,20.72222222222222,378.0,98.67724867724868,16,373,373,375,99.46666666666668,99.46666666666668,7500.0,30000.0,588
520,F13,GOOD,14565,20309,5,71.7169727706928,518,20.72,525.0,98.66666666666669,16,520,514,524,99.23664122137404,98.09160305343512,5000.0,25000.0,333
521,F43,GOOD,21581,42522,5,50.752551620337705,373,20.72222222222222,378.0,98.67724867724868,16,373,373,375,99.46666666666668,99.46666666666668,7500.0,37500.0,735
522,F13,GOOD,15400,21747,6,70.81436519979766,518,20.72,525.0,98.66666666666669,16,520,516,524,99.23664122137404,98.47328244274809,5000.0,30000.0,400
523,F43,GOOD,21411,46695,6,45.85287504015419,373,20.72222222222222,378.0,98.67724867724868,16,373,373,375,99.46666666666668,99.46666666666668,7500.0,45000.0,882
524,F13,GOOD,17443,25259,7,69.05657389445346,518,20.72,525.0,98.66666666666669,16,522,517,524,99.61832061068702,98.66412213740458,5000.0,35000.0,467
525,F43,GOOD,21403,47271,7,45.27723128345074,373,20.72222222222222,378.0,98.67724867724868,16,373,373,375,99.46666666666668,99.46666666666668,7500.0,52500.0,1029
526,F13,GOOD,20066,30528,8,65.729821802935,518,20.72,525.0,98.66666666666669,16,523,519,524,99.80916030534353,99.04580152671755,5000.0,40000.0,533
527,F43,GOOD,21077,49548,8,42.53854847824332,373,20.72222222222222,378.0,98.67724867724868,16,373,373,375,99.46666666666668,99.46666666666668,7500.0,60000.0,1176
528,F13,GOOD,20066,30529,9,65.72766877395263,518,20.72,525.0,98.66666666666669,16,523,519,524,99.80916030534353,99.04580152671755,5000.0,45000.0,600
529,F43,GOOD,20774,50915,9,40.801335559265446,373,20.72222222222222,378.0,98.67724867724868,16,373,373,376,99.20212765957449,99.20212765957449,7500.0,67500.0,1324
530,F13,GOOD,21100,32796,10,64.33711428222954,518,20.72,525.0,98.66666666666669,16,524,521,524,100.0,99.42748091603052,5000.0,50000.0,667
531,F43,GOOD,20066,53157,10,37.74855616381662,373,20.72222222222222,378.0,98.67724867724868,16,373,373,376,99.20212765957449,99.20212765957449,7500.0,75000.0,1471
532,F13,GOOD,21099,32797,11,64.33210354605605,518,20.72,525.0,98.66666666666669,16,524,521,524,100.0,99.42748091603052,5000.0,55000.0,733
533,F43,GOOD,19501,54625,11,35.699771167048056,373,20.72222222222222,378.0,98.67724867724868,16,373,373,376,99.20212765957449,99.20212765957449,7500.0,82500.0,1618
534,F13,GOOD,22240,35474,12,62.69380391272481,518,20.72,525.0,98.66666666666669,16,524,521,524,100.0,99.42748091603052,5000.0,60000.0,800
535,F43,GOOD,19231,55381,12,34.724905653563496,373,20.72222222222222,378.0,98.67724867724868,16,373,373,376,99.20212765957449,99.20212765957449,7500.0,90000.0,1765
536,F13,GOOD,23889,39776,13,60.058829444891394,518,20.72,525.0,98.66666666666669,16,524,521,524,100.0,99.42748091603052,5000.0,65000.0,867
537,F43,GOOD,18640,56796,13,32.81921262060708,373,20.72222222222222,378.0,98.67724867724868,16,374,373,377,99.20424403183024,98.93899204244032,7500.0,97500.0,1912
538,F13,GOOD,24516,41634,14,58.884565499351496,518,20.72,525.0,98.66666666666669,16,524,521,524,100.0,99.42748091603052,5000.0,70000.0,933
539,F43,GOOD,17612,58717,14,29.994720438714516,373,20.72222222222222,378.0,98.67724867724868,16,375,373,377,99.46949602122017,98.93899204244032,7500.0,105000.0,2059
540,F13,GOOD,24877,42980,15,57.880409492787344,518,20.72,525.0,98.66666666666669,16,524,522,524,100.0,99.61832061068702,5000.0,75000.0,1000
541,F43,GOOD,16645,60704,15,27.419939377965207,373,20.72222222222222,378.0,98.67724867724868,16,375,373,377,99.46949602122017,98.93899204244032,7500.0,112500.0,2206
542,F13,GOOD,25521,45010,16,56.70073317040658,518,20.72,525.0,98.66666666666669,16,524,522,524,100.0,99.61832061068702,5000.0,80000.0,1067
543,F43,GOOD,15924,61828,16,25.75532121368959,373,20.72222222222222,378.0,98.67724867724868,16,375,373,377,99.46949602122017,98.93899204244032,7500.0,120000.0,2353
544,F13,GOOD,2984,3670,1,81.30790190735695,506,20.24,525.0,96.38095238095238,17,333,139,508,65.5511811023622,27.36220472440945,5000.0,5000.0,67
545,F43,GOOD,12757,16466,1,77.47479655046763,373,20.72222222222222,378.0,98.67724867724868,17,373,365,375,99.46666666666668,97.33333333333334,7500.0,7500.0,147
546,F13,GOOD,6004,7629,2,78.6996985188098,518,20.72,525.0,98.66666666666669,17,474,356,522,90.80459770114942,68.19923371647509,5000.0,10000.0,133
547,F43,GOOD,17057,24625,2,69.26700507614213,373,20.72222222222222,378.0,98.67724867724868,17,373,373,375,99.46666666666668,99.46666666666668,7500.0,15000.0,294
548,F13,GOOD,8947,11643,3,76.84445589624667,518,20.72,525.0,98.66666666666669,17,508,457,522,97.31800766283524,87.5478927203065,5000.0,15000.0,200
549,F43,GOOD,19166,29797,3,64.3219116018391,373,20.72222222222222,378.0,98.67724867724868,17,373,373,376,99.20212765957449,99.20212765957449,7500.0,22500.0,441
550,F13,GOOD,11384,15201,4,74.88980988092888,518,20.72,525.0,98.66666666666669,17,516,495,523,98.66156787762908,94.64627151051626,5000.0,20000.0,267
551,F43,GOOD,21242,38096,4,55.75913481730366,373,20.72222222222222,378.0,98.67724867724868,17,373,373,376,99.20212765957449,99.20212765957449,7500.0,30000.0,588
552,F13,GOOD,17348,25051,5,69.25072851383179,518,20.72,525.0,98.66666666666669,17,521,518,524,99.42748091603052,98.85496183206108,5000.0,25000.0,333
553,F43,GOOD,21613,41512,5,52.06446328772402,373,20.72222222222222,378.0,98.67724867724868,17,373,373,376,99.20212765957449,99.20212765957449,7500.0,37500.0,735
554,F13,GOOD,20453,31104,6,65.7568158436214,518,20.72,525.0,98.66666666666669,17,522,518,524,99.61832061068702,98.85496183206108,5000.0,30000.0,400
555,F43,GOOD,21627,44893,6,48.17454837057002,373,20.72222222222222,378.0,98.67724867724868,17,373,373,377,98.93899204244032,98.93899204244032,7500.0,45000.0,882
556,F13,GOOD,21179,32671,7,64.82507422484773,518,20.72,525.0,98.66666666666669,17,523,520,524,99.80916030534353,99.23664122137404,5000.0,35000.0,467
557,F43,GOOD,21359,48205,7,44.30868167202572,373,20.72222222222222,378.0,98.67724867724868,17,373,373,377,98.93899204244032,98.93899204244032,7500.0,52500.0,1029
558,F13,GOOD,22331,35167,8,63.4998720391276,518,20.72,525.0,98.66666666666669,17,523,521,524,99.80916030534353,99.42748091603052,5000.0,40000.0,533
559,F43,GOOD,20803,50744,8,40.99597982027432,373,20.72222222222222,378.0,98.67724867724868,17,373,373,377,98.93899204244032,98.93899204244032,7500.0,60000.0,1176
560,F13,GOOD,22331,35167,9,63.4998720391276,518,20.72,525.0,98.66666666666669,17,523,521,524,99.80916030534353,99.42748091603052,5000.0,45000.0,600
561,F43,GOOD,20386,52466,9,38.85563984294591,373,20.72222222222222,378.0,98.67724867724868,17,374,373,377,99.20424403183024,98.93899204244032,7500.0,67500.0,1324
562,F13,GOOD,23756,39106,10,60.74771134864216,518,20.72,525.0,98.66666666666669,17,523,522,524,99.80916030534353,99.61832061068702,5000.0,50000.0,667
563,F43,GOOD,19963,53943,10,37.00758207737797,373,20.72222222222222,378.0,98.67724867724868,17,374,373,377,99.20424403183024,98.93899204244032,7500.0,75000.0,1471
564,F13,GOOD,23756,39106,11,60.74771134864216,518,20.72,525.0,98.66666666666669,17,523,522,524,99.80916030534353,99.61832061068702,5000.0,55000.0,733
565,F43,GOOD,19186,56149,11,34.16979821546244,373,20.72222222222222,378.0,98.67724867724868,17,374,373,377,99.20424403183024,98.93899204244032,7500.0,82500.0,1618
566,F13,GOOD,24070,40160,12,59.93525896414342,518,20.72,525.0,98.66666666666669,17,524,522,524,100.0,99.61832061068702,5000.0,60000.0,800
567,F43,GOOD,18254,58190,12,31.36965114280804,373,20.72222222222222,378.0,98.67724867724868,17,374,373,377,99.20424403183024,98.93899204244032,7500.0,90000.0,1765
568,F13,GOOD,24585,41926,13,58.63903067309069,518,20.72,525.0,98.66666666666669,17,524,522,524,100.0,99.61832061068702,5000.0,65000.0,867
569,F43,GOOD,17441,59549,13,29.288485113100137,373,20.72222222222222,378.0,98.67724867724868,17,375,373,377,99.46949602122017,98.93899204244032,7500.0,97500.0,1912
570,F13,GOOD,25261,44089,14,57.29547052552791,518,20.72,525.0,98.66666666666669,17,524,522,524,100.0,99.61832061068702,5000.0,70000.0,933
571,F43,GOOD,17335,59764,14,29.005755973495752,373,20.72222222222222,378.0,98.67724867724868,17,375,373,377,99.46949602122017,98.93899204244032,7500.0,105000.0,2059
572,F13,GOOD,25261,44089,15,57.29547052552791,518,20.72,525.0,98.66666666666669,17,524,522,524,100.0,99.61832061068702,5000.0,75000.0,1000
573,F43,GOOD,16897,60430,15,27.961277511169943,373,20.72222222222222,378.0,98.67724867724868,17,375,373,377,99.46949602122017,98.93899204244032,7500.0,112500.0,2206
574,F13,GOOD,25521,45010,16,56.70073317040658,518,20.72,525.0,98.66666666666669,17,524,522,524,100.0,99.61832061068702,5000.0,80000.0,1067
575,F43,GOOD,15924,61828,16,25.75532121368959,373,20.72222222222222,378.0,98.67724867724868,17,375,373,377,99.46949602122017,98.93899204244032,7500.0,120000.0,2353
576,F13,GOOD,9210,12072,1,76.29224652087476,518,20.72,525.0,98.66666666666669,18,515,472,523,98.47036328871891,90.24856596558315,5000.0,5000.0,67
577,F43,GOOD,8872,10736,1,82.63785394932935,373,20.72222222222222,378.0,98.67724867724868,18,370,338,374,98.93048128342244,90.37433155080214,7500.0,7500.0,147
578,F13,GOOD,11595,15606,2,74.29834678969627,518,20.72,525.0,98.66666666666669,18,518,506,523,99.04397705544932,96.74952198852772,5000.0,10000.0,133
579,F43,GOOD,14590,19632,2,74.31744091279543,373,20.72222222222222,378.0,98.67724867724868,18,373,372,374,99.73262032085562,99.46524064171123,7500.0,15000.0,294
580,F13,GOOD,15308,21715,3,70.49504950495049,518,20.72,525.0,98.66666666666669,18,522,514,524,99.61832061068702,98.09160305343512,5000.0,15000.0,200
581,F43,GOOD,17487,25435,3,68.75172007076863,373,20.72222222222222,378.0,98.67724867724868,18,373,373,374,99.73262032085562,99.73262032085562,7500.0,22500.0,441
582,F13,GOOD,16261,23348,4,69.64622237450745,518,20.72,525.0,98.66666666666669,18,522,516,524,99.61832061068702,98.47328244274809,5000.0,20000.0,267
583,F43,GOOD,20237,32990,4,61.34283116095786,373,20.72222222222222,378.0,98.67724867724868,18,373,373,374,99.73262032085562,99.73262032085562,7500.0,30000.0,588
584,F13,GOOD,17483,25665,5,68.1200077927138,518,20.72,525.0,98.66666666666669,18,523,518,524,99.80916030534353,98.85496183206108,5000.0,25000.0,333
585,F43,GOOD,21164,39236,5,53.940258945866034,373,20.72222222222222,378.0,98.67724867724868,18,373,373,375,99.46666666666668,99.46666666666668,7500.0,37500.0,735
586,F13,GOOD,18994,28540,6,66.55220742817099,518,20.72,525.0,98.66666666666669,18,523,520,524,99.80916030534353,99.23664122137404,5000.0,30000.0,400
587,F43,GOOD,21441,44924,6,47.72727272727273,373,20.72222222222222,378.0,98.67724867724868,18,373,373,375,99.46666666666668,99.46666666666668,7500.0,45000.0,882
588,F13,GOOD,20194,30931,7,65.28725227118424,518,20.72,525.0,98.66666666666669,18,523,520,524,99.80916030534353,99.23664122137404,5000.0,35000.0,467
589,F43,GOOD,20926,49674,7,42.126665861416434,373,20.72222222222222,378.0,98.67724867724868,18,373,373,375,99.46666666666668,99.46666666666668,7500.0,52500.0,1029
590,F13,GOOD,20857,32399,8,64.37544368653354,518,20.72,525.0,98.66666666666669,18,523,521,524,99.80916030534353,99.42748091603052,5000.0,40000.0,533
591,F43,GOOD,20472,52300,8,39.1434034416826,373,20.72222222222222,378.0,98.67724867724868,18,373,373,375,99.46666666666668,99.46666666666668,7500.0,60000.0,1176
592,F13,GOOD,20857,32400,9,64.37345679012346,518,20.72,525.0,98.66666666666669,18,523,521,524,99.80916030534353,99.42748091603052,5000.0,45000.0,600
593,F43,GOOD,19806,54472,9,36.359964752533415,373,20.72222222222222,378.0,98.67724867724868,18,373,373,376,99.20212765957449,99.20212765957449,7500.0,67500.0,1324
594,F13,GOOD,20857,32402,10,64.36948336522437,518,20.72,525.0,98.66666666666669,18,523,521,524,99.80916030534353,99.42748091603052,5000.0,50000.0,667
595,F43,GOOD,19294,55790,10,34.58325864850332,373,20.72222222222222,378.0,98.67724867724868,18,373,373,376,99.20212765957449,99.20212765957449,7500.0,75000.0,1471
596,F13,GOOD,21329,33604,11,63.47161052255685,518,20.72,525.0,98.66666666666669,18,524,521,524,100.0,99.42748091603052,5000.0,55000.0,733
597,F43,GOOD,18359,57861,11,31.729489638962335,373,20.72222222222222,378.0,98.67724867724868,18,375,373,376,99.7340425531915,99.20212765957449,7500.0,82500.0,1618
598,F13,GOOD,23341,38581,12,60.4986910655504,518,20.72,525.0,98.66666666666669,18,524,522,524,100.0,99.61832061068702,5000.0,60000.0,800
599,F43,GOOD,17709,59072,12,29.978670097508125,373,20.72222222222222,378.0,98.67724867724868,18,375,373,377,99.46949602122017,98.93899204244032,7500.0,90000.0,1765
600,F13,GOOD,24147,40766,13,59.23318451650885,518,20.72,525.0,98.66666666666669,18,524,522,524,100.0,99.61832061068702,5000.0,65000.0,867
601,F43,GOOD,17272,59750,13,28.907112970711296,373,20.72222222222222,378.0,98.67724867724868,18,375,373,377,99.46949602122017,98.93899204244032,7500.0,97500.0,1912
602,F13,GOOD,24877,42980,14,57.880409492787344,518,20.72,525.0,98.66666666666669,18,524,522,524,100.0,99.61832061068702,5000.0,70000.0,933
603,F43,GOOD,17152,59956,14,28.607645606778306,373,20.72222222222222,378.0,98.67724867724868,18,375,373,377,99.46949602122017,98.93899204244032,7500.0,105000.0,2059
604,F13,GOOD,24877,42980,15,57.880409492787344,518,20.72,525.0,98.66666666666669,18,524,522,524,100.0,99.61832061068702,5000.0,75000.0,1000
605,F43,GOOD,16645,60704,15,27.419939377965207,373,20.72222222222222,378.0,98.67724867724868,18,375,373,377,99.46949602122017,98.93899204244032,7500.0,112500.0,2206
606,F13,GOOD,25521,45010,16,56.70073317040658,518,20.72,525.0,98.66666666666669,18,524,522,524,100.0,99.61832061068702,5000.0,80000.0,1067
607,F43,GOOD,15924,61828,16,25.75532121368959,373,20.72222222222222,378.0,98.67724867724868,18,375,373,377,99.46949602122017,98.93899204244032,7500.0,120000.0,2353
608,F13,GOOD,7867,10082,1,78.03015274747074,518,20.72,525.0,98.66666666666669,19,501,440,523,95.79349904397706,84.13001912045888,5000.0,5000.0,67
609,F43,GOOD,8230,9749,1,84.41891476048825,372,20.666666666666668,378.0,98.4126984126984,19,362,322,372,97.31182795698923,86.55913978494624,7500.0,7500.0,147
610,F13,GOOD,7870,10087,2,78.02121542579557,518,20.72,525.0,98.66666666666669,19,501,440,523,95.79349904397706,84.13001912045888,5000.0,10000.0,133
611,F43,GOOD,14125,18666,2,75.6723454409086,373,20.72222222222222,378.0,98.67724867724868,19,373,370,374,99.73262032085562,98.93048128342244,7500.0,15000.0,294
612,F13,GOOD,9982,13185,3,75.70724307925674,518,20.72,525.0,98.66666666666669,19,514,485,523,98.2791586998088,92.73422562141492,5000.0,15000.0,200
613,F43,GOOD,17987,26994,3,66.63332592427948,373,20.72222222222222,378.0,98.67724867724868,19,373,373,375,99.46666666666668,99.46666666666668,7500.0,22500.0,441
614,F13,GOOD,12286,16675,4,73.67916041979011,518,20.72,525.0,98.66666666666669,19,520,503,523,99.4263862332696,96.17590822179731,5000.0,20000.0,267
615,F43,GOOD,20640,36114,4,57.15235088885196,373,20.72222222222222,378.0,98.67724867724868,19,373,373,375,99.46666666666668,99.46666666666668,7500.0,30000.0,588
616,F13,GOOD,14712,20515,5,71.71338045332683,518,20.72,525.0,98.66666666666669,19,520,512,523,99.4263862332696,97.89674952198853,5000.0,25000.0,333
617,F43,GOOD,21012,37967,5,55.34279769273316,373,20.72222222222222,378.0,98.67724867724868,19,373,373,376,99.20212765957449,99.20212765957449,7500.0,37500.0,735
618,F13,GOOD,18072,26419,6,68.40531435709148,518,20.72,525.0,98.66666666666669,19,523,517,524,99.80916030534353,98.66412213740458,5000.0,30000.0,400
619,F43,GOOD,21409,41471,6,51.62402642810638,373,20.72222222222222,378.0,98.67724867724868,19,374,373,377,99.20424403183024,98.93899204244032,7500.0,45000.0,882
620,F13,GOOD,18754,27726,7,67.64048185818365,518,20.72,525.0,98.66666666666669,19,523,518,524,99.80916030534353,98.85496183206108,5000.0,35000.0,467
621,F43,GOOD,21365,45810,7,46.63828858327876,373,20.72222222222222,378.0,98.67724867724868,19,374,373,377,99.20424403183024,98.93899204244032,7500.0,52500.0,1029
622,F13,GOOD,19321,29056,8,66.49573237885463,518,20.72,525.0,98.66666666666669,19,523,518,524,99.80916030534353,98.85496183206108,5000.0,40000.0,533
623,F43,GOOD,20871,49518,8,42.148309705561616,373,20.72222222222222,378.0,98.67724867724868,19,374,373,377,99.20424403183024,98.93899204244032,7500.0,60000.0,1176
624,F13,GOOD,19320,29057,9,66.49000240905806,518,20.72,525.0,98.66666666666669,19,523,518,524,99.80916030534353,98.85496183206108,5000.0,45000.0,600
625,F43,GOOD,20182,52521,9,38.42653414824546,373,20.72222222222222,378.0,98.67724867724868,19,374,373,377,99.20424403183024,98.93899204244032,7500.0,67500.0,1324
626,F13,GOOD,22131,35390,10,62.53461429782424,518,20.72,525.0,98.66666666666669,19,524,521,524,100.0,99.42748091603052,5000.0,50000.0,667
627,F43,GOOD,19668,54168,10,36.30926007975188,373,20.72222222222222,378.0,98.67724867724868,19,374,373,377,99.20424403183024,98.93899204244032,7500.0,75000.0,1471
628,F13,GOOD,23128,37858,11,61.09144698610598,518,20.72,525.0,98.66666666666669,19,524,521,524,100.0,99.42748091603052,5000.0,55000.0,733
629,F43,GOOD,19585,54491,11,35.94171514562038,373,20.72222222222222,378.0,98.67724867724868,19,374,373,377,99.20424403183024,98.93899204244032,7500.0,82500.0,1618
630,F13,GOOD,24091,40216,12,59.904018301173664,518,20.72,525.0,98.66666666666669,19,524,521,524,100.0,99.42748091603052,5000.0,60000.0,800
631,F43,GOOD,18984,56479,12,33.61249313904283,373,20.72222222222222,378.0,98.67724867724868,19,375,373,377,99.46949602122017,98.93899204244032,7500.0,90000.0,1765
632,F13,GOOD,24737,42277,13,58.51172032074178,518,20.72,525.0,98.66666666666669,19,524,522,524,100.0,99.61832061068702,5000.0,65000.0,867
633,F43,GOOD,18276,57895,13,31.56749287503239,373,20.72222222222222,378.0,98.67724867724868,19,375,373,377,99.46949602122017,98.93899204244032,7500.0,97500.0,1912
634,F13,GOOD,25088,43442,14,57.75056397035128,518,20.72,525.0,98.66666666666669,19,524,522,524,100.0,99.61832061068702,5000.0,70000.0,933
635,F43,GOOD,17550,59312,14,29.589290531427032,373,20.72222222222222,378.0,98.67724867724868,19,375,373,377,99.46949602122017,98.93899204244032,7500.0,105000.0,2059
636,F13,GOOD,25088,43442,15,57.75056397035128,518,20.72,525.0,98.66666666666669,19,524,522,524,100.0,99.61832061068702,5000.0,75000.0,1000
637,F43,GOOD,17089,59994,15,28.48451511817848,373,20.72222222222222,378.0,98.67724867724868,19,375,373,377,99.46949602122017,98.93899204244032,7500.0,112500.0,2206
638,F13,GOOD,25521,45010,16,56.70073317040658,518,20.72,525.0,98.66666666666669,19,524,522,524,100.0,99.61832061068702,5000.0,80000.0,1067
639,F43,GOOD,15924,61828,16,25.75532121368959,373,20.72222222222222,378.0,98.67724867724868,19,375,373,377,99.46949602122017,98.93899204244032,7500.0,120000.0,2353
640,F13,GOOD,2811,3536,1,79.49660633484163,504,20.16,525.0,96.0,20,331,134,509,65.0294695481336,26.326129666011788,5000.0,5000.0,67
641,F43,GOOD,11390,14352,1,79.36176142697882,373,20.72222222222222,378.0,98.67724867724868,20,373,362,375,99.46666666666668,96.53333333333332,7500.0,7500.0,147
642,F13,GOOD,5542,7036,2,78.76634451392836,517,20.68,525.0,98.47619047619048,20,471,324,522,90.22988505747126,62.06896551724138,5000.0,10000.0,133
643,F43,GOOD,18045,26637,2,67.74411532830274,373,20.72222222222222,378.0,98.67724867724868,20,373,373,375,99.46666666666668,99.46666666666668,7500.0,15000.0,294
644,F13,GOOD,8831,11434,3,77.2345635822984,518,20.72,525.0,98.66666666666669,20,509,455,524,97.13740458015268,86.83206106870229,5000.0,15000.0,200
645,F43,GOOD,18530,27758,3,66.75552993731537,373,20.72222222222222,378.0,98.67724867724868,20,373,373,375,99.46666666666668,99.46666666666668,7500.0,22500.0,441
646,F13,GOOD,10911,14438,4,75.57140878237983,518,20.72,525.0,98.66666666666669,20,517,489,524,98.66412213740458,93.32061068702288,5000.0,20000.0,267
647,F43,GOOD,20745,34920,4,59.40721649484536,373,20.72222222222222,378.0,98.67724867724868,20,373,373,376,99.20212765957449,99.20212765957449,7500.0,30000.0,588
648,F13,GOOD,12401,16758,5,74.00047738393603,518,20.72,525.0,98.66666666666669,20,519,506,524,99.04580152671755,96.5648854961832,5000.0,25000.0,333
649,F43,GOOD,21521,39744,5,54.14905394524959,373,20.72222222222222,378.0,98.67724867724868,20,373,373,376,99.20212765957449,99.20212765957449,7500.0,37500.0,735
650,F13,GOOD,18074,26391,6,68.48546853093858,518,20.72,525.0,98.66666666666669,20,523,518,524,99.80916030534353,98.85496183206108,5000.0,30000.0,400
651,F43,GOOD,21635,43489,6,49.74821219158868,373,20.72222222222222,378.0,98.67724867724868,20,374,373,376,99.46808510638296,99.20212765957449,7500.0,45000.0,882
652,F13,GOOD,19594,29401,7,66.64399170096256,518,20.72,525.0,98.66666666666669,20,523,521,524,99.80916030534353,99.42748091603052,5000.0,35000.0,467
653,F43,GOOD,21539,45255,7,47.59474091260634,373,20.72222222222222,378.0,98.67724867724868,20,374,373,376,99.46808510638296,99.20212765957449,7500.0,52500.0,1029
654,F13,GOOD,20377,31129,8,65.4598605801664,518,20.72,525.0,98.66666666666669,20,523,521,524,99.80916030534353,99.42748091603052,5000.0,40000.0,533
655,F43,GOOD,20994,49754,8,42.19560236362906,373,20.72222222222222,378.0,98.67724867724868,20,374,373,376,99.46808510638296,99.20212765957449,7500.0,60000.0,1176
656,F13,GOOD,20377,31129,9,65.4598605801664,518,20.72,525.0,98.66666666666669,20,523,521,524,99.80916030534353,99.42748091603052,5000.0,45000.0,600
657,F43,GOOD,20331,52598,9,38.65356097190008,373,20.72222222222222,378.0,98.67724867724868,20,375,373,376,99.7340425531915,99.20212765957449,7500.0,67500.0,1324
658,F13,GOOD,21347,33347,10,64.01475395088015,518,20.72,525.0,98.66666666666669,20,524,521,524,100.0,99.42748091603052,5000.0,50000.0,667
659,F43,GOOD,19727,54600,10,36.13003663003664,373,20.72222222222222,378.0,98.67724867724868,20,375,373,376,99.7340425531915,99.20212765957449,7500.0,75000.0,1471
660,F13,GOOD,21347,33347,11,64.01475395088015,518,20.72,525.0,98.66666666666669,20,524,521,524,100.0,99.42748091603052,5000.0,55000.0,733
661,F43,GOOD,19198,55747,11,34.437727590722375,373,20.72222222222222,378.0,98.67724867724868,20,375,373,376,99.7340425531915,99.20212765957449,7500.0,82500.0,1618
662,F13,GOOD,23387,38321,12,61.02920069935544,518,20.72,525.0,98.66666666666669,20,524,521,524,100.0,99.42748091603052,5000.0,60000.0,800
663,F43,GOOD,18523,57305,12,32.32353197801239,373,20.72222222222222,378.0,98.67724867724868,20,375,373,377,99.46949602122017,98.93899204244032,7500.0,90000.0,1765
664,F13,GOOD,23744,39349,13,60.34206714274822,518,20.72,525.0,98.66666666666669,20,524,521,524,100.0,99.42748091603052,5000.0,65000.0,867
665,F43,GOOD,17561,59112,13,29.708011909595346,373,20.72222222222222,378.0,98.67724867724868,20,375,373,377,99.46949602122017,98.93899204244032,7500.0,97500.0,1912
666,F13,GOOD,24557,41537,14,59.12078387943279,518,20.72,525.0,98.66666666666669,20,524,521,524,100.0,99.42748091603052,5000.0,70000.0,933
667,F43,GOOD,16874,60423,14,27.926451847806295,373,20.72222222222222,378.0,98.67724867724868,20,375,373,377,99.46949602122017,98.93899204244032,7500.0,105000.0,2059
668,F13,GOOD,24557,41537,15,59.12078387943279,518,20.72,525.0,98.66666666666669,20,524,521,524,100.0,99.42748091603052,5000.0,75000.0,1000
669,F43,GOOD,16414,61034,15,26.89320706491464,373,20.72222222222222,378.0,98.67724867724868,20,375,373,377,99.46949602122017,98.93899204244032,7500.0,112500.0,2206
670,F13,GOOD,25521,45010,16,56.70073317040658,518,20.72,525.0,98.66666666666669,20,524,522,524,100.0,99.61832061068702,5000.0,80000.0,1067
671,F43,GOOD,15924,61828,16,25.75532121368959,373,20.72222222222222,378.0,98.67724867724868,20,375,373,377,99.46949602122017,98.93899204244032,7500.0,120000.0,2353
672,F13,GOOD,3976,4822,1,82.45541269182912,512,20.48,525.0,97.52380952380952,21,407,188,513,79.33723196881091,36.64717348927875,5000.0,5000.0,67
673,F43,GOOD,1850,2025,1,91.35802469135804,358,19.88888888888889,378.0,94.70899470899472,21,171,50,358,47.76536312849162,13.966480446927374,7500.0,7500.0,147
674,F13,GOOD,3978,4824,2,82.46268656716418,512,20.48,525.0,97.52380952380952,21,407,188,513,79.33723196881091,36.64717348927875,5000.0,10000.0,133
675,F43,GOOD,10587,12926,2,81.90468822528237,373,20.72222222222222,378.0,98.67724867724868,21,373,351,374,99.73262032085562,93.85026737967914,7500.0,15000.0,294
676,F13,GOOD,10010,12931,3,77.41087309566159,518,20.72,525.0,98.66666666666669,21,515,469,524,98.2824427480916,89.50381679389314,5000.0,15000.0,200
677,F43,GOOD,15396,20790,3,74.05483405483405,373,20.72222222222222,378.0,98.67724867724868,21,373,373,376,99.20212765957449,99.20212765957449,7500.0,22500.0,441
678,F13,GOOD,12522,16584,4,75.50651230101303,518,20.72,525.0,98.66666666666669,21,518,503,524,98.85496183206108,95.99236641221374,5000.0,20000.0,267
679,F43,GOOD,19303,29711,4,64.96920332536772,373,20.72222222222222,378.0,98.67724867724868,21,373,373,377,98.93899204244032,98.93899204244032,7500.0,30000.0,588
680,F13,GOOD,12524,16587,5,75.50491348646531,518,20.72,525.0,98.66666666666669,21,518,503,524,98.85496183206108,95.99236641221374,5000.0,25000.0,333
681,F43,GOOD,20614,34181,5,60.30835844475001,373,20.72222222222222,378.0,98.67724867724868,21,373,373,377,98.93899204244032,98.93899204244032,7500.0,37500.0,735
682,F13,GOOD,17035,24016,6,70.93187874750167,518,20.72,525.0,98.66666666666669,21,520,515,524,99.23664122137404,98.2824427480916,5000.0,30000.0,400
683,F43,GOOD,21257,37786,6,56.256285396707774,373,20.72222222222222,378.0,98.67724867724868,21,373,373,377,98.93899204244032,98.93899204244032,7500.0,45000.0,882
684,F13,GOOD,18367,26589,7,69.07743803828652,518,20.72,525.0,98.66666666666669,21,521,517,524,99.42748091603052,98.66412213740458,5000.0,35000.0,467
685,F43,GOOD,21713,44127,7,49.20570172456773,373,20.72222222222222,378.0,98.67724867724868,21,373,373,377,98.93899204244032,98.93899204244032,7500.0,52500.0,1029
686,F13,GOOD,19450,28662,8,67.85988416719,518,20.72,525.0,98.66666666666669,21,521,519,524,99.42748091603052,99.04580152671755,5000.0,40000.0,533
687,F43,GOOD,21442,47282,8,45.34918150670445,373,20.72222222222222,378.0,98.67724867724868,21,373,373,377,98.93899204244032,98.93899204244032,7500.0,60000.0,1176
688,F13,GOOD,20647,31249,9,66.07251432045825,518,20.72,525.0,98.66666666666669,21,521,519,524,99.42748091603052,99.04580152671755,5000.0,45000.0,600
689,F43,GOOD,20760,51060,9,40.65804935370153,373,20.72222222222222,378.0,98.67724867724868,21,374,373,377,99.20424403183024,98.93899204244032,7500.0,67500.0,1324
690,F13,GOOD,21791,33770,10,64.52768729641693,518,20.72,525.0,98.66666666666669,21,522,519,524,99.61832061068702,99.04580152671755,5000.0,50000.0,667
691,F43,GOOD,20271,52915,10,38.30860814513843,373,20.72222222222222,378.0,98.67724867724868,21,374,373,377,99.20424403183024,98.93899204244032,7500.0,75000.0,1471
692,F13,GOOD,22186,34922,11,63.53015291220434,518,20.72,525.0,98.66666666666669,21,524,519,524,100.0,99.04580152671755,5000.0,55000.0,733
693,F43,GOOD,19389,55396,11,35.00072207379594,373,20.72222222222222,378.0,98.67724867724868,21,374,373,377,99.20424403183024,98.93899204244032,7500.0,82500.0,1618
694,F13,GOOD,22187,34924,12,63.52937807811247,518,20.72,525.0,98.66666666666669,21,524,519,524,100.0,99.04580152671755,5000.0,60000.0,800
695,F43,GOOD,18875,56637,12,33.326270812366474,373,20.72222222222222,378.0,98.67724867724868,21,374,373,377,99.20424403183024,98.93899204244032,7500.0,90000.0,1765
696,F13,GOOD,22898,36891,13,62.069339405275,518,20.72,525.0,98.66666666666669,21,524,519,524,100.0,99.04580152671755,5000.0,65000.0,867
697,F43,GOOD,18189,58073,13,31.320923665042272,373,20.72222222222222,378.0,98.67724867724868,21,374,373,377,99.20424403183024,98.93899204244032,7500.0,97500.0,1912
698,F13,GOOD,23385,38144,14,61.307151845637584,518,20.72,525.0,98.66666666666669,21,524,519,524,100.0,99.04580152671755,5000.0,70000.0,933
699,F43,GOOD,17269,59849,14,28.85428327958696,373,20.72222222222222,378.0,98.67724867724868,21,374,373,377,99.20424403183024,98.93899204244032,7500.0,105000.0,2059
700,F13,GOOD,23913,39816,15,60.05877034358047,518,20.72,525.0,98.66666666666669,21,524,520,524,100.0,99.23664122137404,5000.0,75000.0,1000
701,F43,GOOD,16446,60991,15,26.96463412634651,373,20.72222222222222,378.0,98.67724867724868,21,375,373,377,99.46949602122017,98.93899204244032,7500.0,112500.0,2206
702,F13,GOOD,25521,45010,16,56.70073317040658,518,20.72,525.0,98.66666666666669,21,524,522,524,100.0,99.61832061068702,5000.0,80000.0,1067
703,F43,GOOD,15924,61828,16,25.75532121368959,373,20.72222222222222,378.0,98.67724867724868,21,375,373,377,99.46949602122017,98.93899204244032,7500.0,120000.0,2353
704,F13,GOOD,7867,10082,1,78.03015274747074,518,20.72,525.0,98.66666666666669,22,501,440,523,95.79349904397706,84.13001912045888,5000.0,5000.0,67
705,F43,GOOD,8230,9749,1,84.41891476048825,372,20.666666666666668,378.0,98.4126984126984,22,362,322,372,97.31182795698923,86.55913978494624,7500.0,7500.0,147
706,F13,GOOD,9966,13145,2,75.81589958158996,518,20.72,525.0,98.66666666666669,22,512,483,524,97.70992366412212,92.17557251908396,5000.0,10000.0,133
707,F43,GOOD,15520,21140,2,73.41532639545885,373,20.72222222222222,378.0,98.67724867724868,22,373,370,376,99.20212765957449,98.40425531914892,7500.0,15000.0,294
708,F13,GOOD,15052,21250,3,70.83294117647058,518,20.72,525.0,98.66666666666669,22,521,514,524,99.42748091603052,98.09160305343512,5000.0,15000.0,200
709,F43,GOOD,18268,27348,3,66.79830334942226,373,20.72222222222222,378.0,98.67724867724868,22,373,373,376,99.20212765957449,99.20212765957449,7500.0,22500.0,441
710,F13,GOOD,16616,23926,4,69.44746301095043,518,20.72,525.0,98.66666666666669,22,522,518,524,99.61832061068702,98.85496183206108,5000.0,20000.0,267
711,F43,GOOD,21059,36194,4,58.183676852517,373,20.72222222222222,378.0,98.67724867724868,22,373,373,376,99.20212765957449,99.20212765957449,7500.0,30000.0,588
712,F13,GOOD,18385,27101,5,67.83882513560386,518,20.72,525.0,98.66666666666669,22,522,519,524,99.61832061068702,99.04580152671755,5000.0,25000.0,333
713,F43,GOOD,21558,39785,5,54.18625109966067,373,20.72222222222222,378.0,98.67724867724868,22,373,373,376,99.20212765957449,99.20212765957449,7500.0,37500.0,735
714,F13,GOOD,19249,28914,6,66.57328629729543,518,20.72,525.0,98.66666666666669,22,523,519,524,99.80916030534353,99.04580152671755,5000.0,30000.0,400
715,F43,GOOD,21742,45468,6,47.81824579924343,373,20.72222222222222,378.0,98.67724867724868,22,373,373,376,99.20212765957449,99.20212765957449,7500.0,45000.0,882
716,F13,GOOD,19249,28914,7,66.57328629729543,518,20.72,525.0,98.66666666666669,22,523,519,524,99.80916030534353,99.04580152671755,5000.0,35000.0,467
717,F43,GOOD,21409,48575,7,44.07411219763252,373,20.72222222222222,378.0,98.67724867724868,22,373,373,376,99.20212765957449,99.20212765957449,7500.0,52500.0,1029
718,F13,GOOD,20772,32005,8,64.90235900640525,518,20.72,525.0,98.66666666666669,22,523,519,524,99.80916030534353,99.04580152671755,5000.0,40000.0,533
719,F43,GOOD,21348,49086,8,43.49101576824349,373,20.72222222222222,378.0,98.67724867724868,22,373,373,376,99.20212765957449,99.20212765957449,7500.0,60000.0,1176
720,F13,GOOD,21418,33382,9,64.16032592415074,518,20.72,525.0,98.66666666666669,22,523,519,524,99.80916030534353,99.04580152671755,5000.0,45000.0,600
721,F43,GOOD,20486,52148,9,39.28434455779704,373,20.72222222222222,378.0,98.67724867724868,22,373,373,376,99.20212765957449,99.20212765957449,7500.0,67500.0,1324
722,F13,GOOD,22123,35308,10,62.65718817265209,518,20.72,525.0,98.66666666666669,22,524,521,524,100.0,99.42748091603052,5000.0,50000.0,667
723,F43,GOOD,19687,54300,10,36.25598526703499,373,20.72222222222222,378.0,98.67724867724868,22,374,373,376,99.46808510638296,99.20212765957449,7500.0,75000.0,1471
724,F13,GOOD,23171,37767,11,61.35250350835385,518,20.72,525.0,98.66666666666669,22,524,521,524,100.0,99.42748091603052,5000.0,55000.0,733
725,F43,GOOD,19070,56295,11,33.875122124522605,373,20.72222222222222,378.0,98.67724867724868,22,374,373,376,99.46808510638296,99.20212765957449,7500.0,82500.0,1618
726,F13,GOOD,23952,39936,12,59.97596153846154,518,20.72,525.0,98.66666666666669,22,524,521,524,100.0,99.42748091603052,5000.0,60000.0,800
727,F43,GOOD,18336,57721,12,31.766601410231974,373,20.72222222222222,378.0,98.67724867724868,22,374,373,376,99.46808510638296,99.20212765957449,7500.0,90000.0,1765
728,F13,GOOD,23952,39936,13,59.97596153846154,518,20.72,525.0,98.66666666666669,22,524,521,524,100.0,99.42748091603052,5000.0,65000.0,867
729,F43,GOOD,17763,58665,13,30.278701099463053,373,20.72222222222222,378.0,98.67724867724868,22,375,373,376,99.7340425531915,99.20212765957449,7500.0,97500.0,1912
730,F13,GOOD,23952,39936,14,59.97596153846154,518,20.72,525.0,98.66666666666669,22,524,521,524,100.0,99.42748091603052,5000.0,70000.0,933
731,F43,GOOD,17288,59750,14,28.933891213389124,373,20.72222222222222,378.0,98.67724867724868,22,375,373,376,99.7340425531915,99.20212765957449,7500.0,105000.0,2059
732,F13,GOOD,25221,43889,15,57.465424138166746,518,20.72,525.0,98.66666666666669,22,524,522,524,100.0,99.61832061068702,5000.0,75000.0,1000
733,F43,GOOD,16650,60720,15,27.420948616600796,373,20.72222222222222,378.0,98.67724867724868,22,375,373,377,99.46949602122017,98.93899204244032,7500.0,112500.0,2206
734,F13,GOOD,25521,45010,16,56.70073317040658,518,20.72,525.0,98.66666666666669,22,524,522,524,100.0,99.61832061068702,5000.0,80000.0,1067
735,F43,GOOD,15924,61828,16,25.75532121368959,373,20.72222222222222,378.0,98.67724867724868,22,375,373,377,99.46949602122017,98.93899204244032,7500.0,120000.0,2353
736,F13,GOOD,6,7,1,85.71428571428571,6,1.0,525.0,1.1428571428571428,23,0,0,6,0.0,0.0,5000.0,5000.0,67
737,F43,GOOD,9073,10887,1,83.33792596674934,373,20.72222222222222,378.0,98.67724867724868,23,370,332,374,98.93048128342244,88.77005347593582,7500.0,7500.0,147
738,F13,GOOD,2465,3034,2,81.24588002636783,501,20.04,525.0,95.42857142857144,23,278,102,505,55.049504950495056,20.1980198019802,5000.0,10000.0,133
739,F43,GOOD,15064,20231,2,74.45998714843557,373,20.72222222222222,378.0,98.67724867724868,23,373,372,374,99.73262032085562,99.46524064171123,7500.0,15000.0,294
740,F13,GOOD,11043,14686,3,75.19406237232738,518,20.72,525.0,98.66666666666669,23,517,497,524,98.66412213740458,94.8473282442748,5000.0,15000.0,200
741,F43,GOOD,18280,27134,3,67.3693521043709,373,20.72222222222222,378.0,98.67724867724868,23,373,373,375,99.46666666666668,99.46666666666668,7500.0,22500.0,441
742,F13,GOOD,13623,18639,4,73.08868501529052,518,20.72,525.0,98.66666666666669,23,519,510,524,99.04580152671755,97.32824427480917,5000.0,20000.0,267
743,F43,GOOD,19591,30590,4,64.04380516508664,373,20.72222222222222,378.0,98.67724867724868,23,373,373,376,99.20212765957449,99.20212765957449,7500.0,30000.0,588
744,F13,GOOD,13623,18639,5,73.08868501529052,518,20.72,525.0,98.66666666666669,23,519,510,524,99.04580152671755,97.32824427480917,5000.0,25000.0,333
745,F43,GOOD,21034,36031,5,58.37750825677889,373,20.72222222222222,378.0,98.67724867724868,23,373,373,376,99.20212765957449,99.20212765957449,7500.0,37500.0,735
746,F13,GOOD,15249,21358,6,71.39713456316134,518,20.72,525.0,98.66666666666669,23,521,518,524,99.42748091603052,98.85496183206108,5000.0,30000.0,400
747,F43,GOOD,21542,41548,6,51.8484644266872,373,20.72222222222222,378.0,98.67724867724868,23,373,373,376,99.20212765957449,99.20212765957449,7500.0,45000.0,882
748,F13,GOOD,16244,23018,7,70.5708575897124,518,20.72,525.0,98.66666666666669,23,521,518,524,99.42748091603052,98.85496183206108,5000.0,35000.0,467
749,F43,GOOD,21380,45884,7,46.59576322901229,373,20.72222222222222,378.0,98.67724867724868,23,373,373,376,99.20212765957449,99.20212765957449,7500.0,52500.0,1029
750,F13,GOOD,17387,25226,8,68.92491873463887,518,20.72,525.0,98.66666666666669,23,523,518,524,99.80916030534353,98.85496183206108,5000.0,40000.0,533
751,F43,GOOD,20847,48665,8,42.83776841672661,373,20.72222222222222,378.0,98.67724867724868,23,373,373,376,99.20212765957449,99.20212765957449,7500.0,60000.0,1176
752,F13,GOOD,20020,30508,9,65.62213189982955,518,20.72,525.0,98.66666666666669,23,523,521,524,99.80916030534353,99.42748091603052,5000.0,45000.0,600
753,F43,GOOD,20524,50766,9,40.42863333727298,373,20.72222222222222,378.0,98.67724867724868,23,373,373,376,99.20212765957449,99.20212765957449,7500.0,67500.0,1324
754,F13,GOOD,20955,32531,10,64.41548061848698,518,20.72,525.0,98.66666666666669,23,523,521,524,99.80916030534353,99.42748091603052,5000.0,50000.0,667
755,F43,GOOD,19589,54283,10,36.08680434021701,373,20.72222222222222,378.0,98.67724867724868,23,374,373,376,99.46808510638296,99.20212765957449,7500.0,75000.0,1471
756,F13,GOOD,22203,35222,11,63.037306229061386,518,20.72,525.0,98.66666666666669,23,524,521,524,100.0,99.42748091603052,5000.0,55000.0,733
757,F43,GOOD,18719,56622,11,33.059588145950336,373,20.72222222222222,378.0,98.67724867724868,23,374,373,376,99.46808510638296,99.20212765957449,7500.0,82500.0,1618
758,F13,GOOD,22203,35222,12,63.037306229061386,518,20.72,525.0,98.66666666666669,23,524,521,524,100.0,99.42748091603052,5000.0,60000.0,800
759,F43,GOOD,18257,57707,12,31.63740967300328,373,20.72222222222222,378.0,98.67724867724868,23,375,373,376,99.7340425531915,99.20212765957449,7500.0,90000.0,1765
760,F13,GOOD,22935,37184,13,61.67975473321859,518,20.72,525.0,98.66666666666669,23,524,521,524,100.0,99.42748091603052,5000.0,65000.0,867
761,F43,GOOD,17560,59061,13,29.73197202891925,373,20.72222222222222,378.0,98.67724867724868,23,375,373,376,99.7340425531915,99.20212765957449,7500.0,97500.0,1912
762,F13,GOOD,23408,38578,14,60.67706983254705,518,20.72,525.0,98.66666666666669,23,524,521,524,100.0,99.42748091603052,5000.0,70000.0,933
763,F43,GOOD,16680,60722,14,27.46945094035111,373,20.72222222222222,378.0,98.67724867724868,23,375,373,376,99.7340425531915,99.20212765957449,7500.0,105000.0,2059
764,F13,GOOD,24898,42897,15,58.04135487330117,518,20.72,525.0,98.66666666666669,23,524,522,524,100.0,99.61832061068702,5000.0,75000.0,1000
765,F43,GOOD,16064,61667,15,26.04958892114097,373,20.72222222222222,378.0,98.67724867724868,23,375,373,377,99.46949602122017,98.93899204244032,7500.0,112500.0,2206
766,F13,GOOD,25521,45010,16,56.70073317040658,518,20.72,525.0,98.66666666666669,23,524,522,524,100.0,99.61832061068702,5000.0,80000.0,1067
767,F43,GOOD,15924,61828,16,25.75532121368959,373,20.72222222222222,378.0,98.67724867724868,23,375,373,377,99.46949602122017,98.93899204244032,7500.0,120000.0,2353
768,F13,GOOD,3356,4167,1,80.53755699544037,510,20.4,525.0,97.14285714285714,24,364,168,512,71.09375,32.8125,5000.0,5000.0,67
769,F43,GOOD,9474,11611,1,81.59503918697787,373,20.72222222222222,378.0,98.67724867724868,24,371,337,373,99.46380697050938,90.3485254691689,7500.0,7500.0,147
770,F13,GOOD,5855,7501,2,78.0562591654446,517,20.68,525.0,98.47619047619048,24,482,336,522,92.33716475095784,64.36781609195403,5000.0,10000.0,133
771,F43,GOOD,16346,22996,2,71.08192729170291,373,20.72222222222222,378.0,98.67724867724868,24,373,373,375,99.46666666666668,99.46666666666668,7500.0,15000.0,294
772,F13,GOOD,9113,11877,3,76.72812999915803,518,20.72,525.0,98.66666666666669,24,512,463,524,97.70992366412212,88.35877862595419,5000.0,15000.0,200
773,F43,GOOD,16985,24239,3,70.07302281447254,373,20.72222222222222,378.0,98.67724867724868,24,373,373,375,99.46666666666668,99.46666666666668,7500.0,22500.0,441
774,F13,GOOD,15675,22157,4,70.74513697702758,518,20.72,525.0,98.66666666666669,24,521,516,524,99.42748091603052,98.47328244274809,5000.0,20000.0,267
775,F43,GOOD,19275,30098,4,64.04080005315967,373,20.72222222222222,378.0,98.67724867724868,24,373,373,375,99.46666666666668,99.46666666666668,7500.0,30000.0,588
776,F13,GOOD,17406,25198,5,69.07691086594174,518,20.72,525.0,98.66666666666669,24,523,518,524,99.80916030534353,98.85496183206108,5000.0,25000.0,333
777,F43,GOOD,21186,37865,5,55.951406311897536,373,20.72222222222222,378.0,98.67724867724868,24,373,373,375,99.46666666666668,99.46666666666668,7500.0,37500.0,735
778,F13,GOOD,17406,25199,6,69.07416960990516,518,20.72,525.0,98.66666666666669,24,523,518,524,99.80916030534353,98.85496183206108,5000.0,30000.0,400
779,F43,GOOD,21833,43108,6,50.647211654449286,373,20.72222222222222,378.0,98.67724867724868,24,373,373,375,99.46666666666668,99.46666666666668,7500.0,45000.0,882
780,F13,GOOD,17408,25201,7,69.07662394349431,518,20.72,525.0,98.66666666666669,24,523,518,524,99.80916030534353,98.85496183206108,5000.0,35000.0,467
781,F43,GOOD,21597,45620,7,47.34107847435335,373,20.72222222222222,378.0,98.67724867724868,24,373,373,375,99.46666666666668,99.46666666666668,7500.0,52500.0,1029
782,F13,GOOD,20494,31215,8,65.65433285279512,518,20.72,525.0,98.66666666666669,24,524,519,524,100.0,99.04580152671755,5000.0,40000.0,533
783,F43,GOOD,21206,48357,8,43.85300990549455,373,20.72222222222222,378.0,98.67724867724868,24,374,373,376,99.46808510638296,99.20212765957449,7500.0,60000.0,1176
784,F13,GOOD,21167,32673,9,64.78437853885471,518,20.72,525.0,98.66666666666669,24,524,520,524,100.0,99.23664122137404,5000.0,45000.0,600
785,F43,GOOD,20828,50950,9,40.8792934249264,373,20.72222222222222,378.0,98.67724867724868,24,374,373,376,99.46808510638296,99.20212765957449,7500.0,67500.0,1324
786,F13,GOOD,22760,36783,10,61.8764102982356,518,20.72,525.0,98.66666666666669,24,524,522,524,100.0,99.61832061068702,5000.0,50000.0,667
787,F43,GOOD,20407,52511,10,38.86233360629202,373,20.72222222222222,378.0,98.67724867724868,24,374,373,376,99.46808510638296,99.20212765957449,7500.0,75000.0,1471
788,F13,GOOD,22760,36784,11,61.87472814267073,518,20.72,525.0,98.66666666666669,24,524,522,524,100.0,99.61832061068702,5000.0,55000.0,733
789,F43,GOOD,20021,53663,11,37.308760225853945,373,20.72222222222222,378.0,98.67724867724868,24,374,373,377,99.20424403183024,98.93899204244032,7500.0,82500.0,1618
790,F13,GOOD,23541,38832,12,60.622682323856615,518,20.72,525.0,98.66666666666669,24,524,522,524,100.0,99.61832061068702,5000.0,60000.0,800
791,F43,GOOD,18845,56619,12,33.2838799696215,373,20.72222222222222,378.0,98.67724867724868,24,374,373,377,99.20424403183024,98.93899204244032,7500.0,90000.0,1765
792,F13,GOOD,23895,39856,13,59.95333199518266,518,20.72,525.0,98.66666666666669,24,524,522,524,100.0,99.61832061068702,5000.0,65000.0,867
793,F43,GOOD,17868,58537,13,30.52428378632318,373,20.72222222222222,378.0,98.67724867724868,24,374,373,377,99.20424403183024,98.93899204244032,7500.0,97500.0,1912
794,F13,GOOD,24618,41982,14,58.63941689295413,518,20.72,525.0,98.66666666666669,24,524,522,524,100.0,99.61832061068702,5000.0,70000.0,933
795,F43,GOOD,17568,59103,14,29.724379473123197,373,20.72222222222222,378.0,98.67724867724868,24,374,373,377,99.20424403183024,98.93899204244032,7500.0,105000.0,2059
796,F13,GOOD,25308,44059,15,57.44115844662838,518,20.72,525.0,98.66666666666669,24,524,522,524,100.0,99.61832061068702,5000.0,75000.0,1000
797,F43,GOOD,16819,60394,15,27.848792926449644,373,20.72222222222222,378.0,98.67724867724868,24,375,373,377,99.46949602122017,98.93899204244032,7500.0,112500.0,2206
798,F13,GOOD,25521,45010,16,56.70073317040658,518,20.72,525.0,98.66666666666669,24,524,522,524,100.0,99.61832061068702,5000.0,80000.0,1067
799,F43,GOOD,15924,61828,16,25.75532121368959,373,20.72222222222222,378.0,98.67724867724868,24,375,373,377,99.46949602122017,98.93899204244032,7500.0,120000.0,2353
800,F13,GOOD,2459,3027,1,81.23554674595309,501,20.04,525.0,95.42857142857144,25,278,102,505,55.049504950495056,20.1980198019802,5000.0,5000.0,67
801,F43,GOOD,9453,11602,1,81.47733149456991,373,20.72222222222222,378.0,98.67724867724868,25,371,344,373,99.46380697050938,92.22520107238606,7500.0,7500.0,147
802,F13,GOOD,5720,7174,2,79.73236688040146,516,20.64,525.0,98.28571428571428,25,475,321,521,91.17082533589252,61.61228406909789,5000.0,10000.0,133
803,F43,GOOD,16263,22696,2,71.65579837856892,373,20.72222222222222,378.0,98.67724867724868,25,373,373,374,99.73262032085562,99.73262032085562,7500.0,15000.0,294
804,F13,GOOD,12296,16418,3,74.89340967231087,518,20.72,525.0,98.66666666666669,25,518,505,524,98.85496183206108,96.37404580152672,5000.0,15000.0,200
805,F43,GOOD,18797,28517,3,65.91506820493039,373,20.72222222222222,378.0,98.67724867724868,25,373,373,374,99.73262032085562,99.73262032085562,7500.0,22500.0,441
806,F13,GOOD,13959,19156,4,72.87011902276049,518,20.72,525.0,98.66666666666669,25,521,509,524,99.42748091603052,97.13740458015268,5000.0,20000.0,267
807,F43,GOOD,20279,33981,4,59.67746681969336,373,20.72222222222222,378.0,98.67724867724868,25,373,373,374,99.73262032085562,99.73262032085562,7500.0,30000.0,588
808,F13,GOOD,13962,19161,5,72.86676060748395,518,20.72,525.0,98.66666666666669,25,521,509,524,99.42748091603052,97.13740458015268,5000.0,25000.0,333
809,F43,GOOD,21098,38582,5,54.68353118034317,373,20.72222222222222,378.0,98.67724867724868,25,373,373,375,99.46666666666668,99.46666666666668,7500.0,37500.0,735
810,F13,GOOD,15708,22173,6,70.84291706129076,518,20.72,525.0,98.66666666666669,25,521,512,524,99.42748091603052,97.70992366412212,5000.0,30000.0,400
811,F43,GOOD,21501,43880,6,48.99954421148587,373,20.72222222222222,378.0,98.67724867724868,25,373,373,375,99.46666666666668,99.46666666666668,7500.0,45000.0,882
812,F13,GOOD,17723,25713,7,68.92622408898222,518,20.72,525.0,98.66666666666669,25,522,516,524,99.61832061068702,98.47328244274809,5000.0,35000.0,467
813,F43,GOOD,21445,45802,7,46.82109951530501,373,20.72222222222222,378.0,98.67724867724868,25,373,373,376,99.20212765957449,99.20212765957449,7500.0,52500.0,1029
814,F13,GOOD,17722,25714,8,68.91965466282959,518,20.72,525.0,98.66666666666669,25,522,516,524,99.61832061068702,98.47328244274809,5000.0,40000.0,533
815,F43,GOOD,21140,49239,8,42.93344706431893,373,20.72222222222222,378.0,98.67724867724868,25,373,373,376,99.20212765957449,99.20212765957449,7500.0,60000.0,1176
816,F13,GOOD,18873,28036,9,67.31702097303467,518,20.72,525.0,98.66666666666669,25,523,518,524,99.80916030534353,98.85496183206108,5000.0,45000.0,600
817,F43,GOOD,20484,51658,9,39.65310310116536,373,20.72222222222222,378.0,98.67724867724868,25,373,373,376,99.20212765957449,99.20212765957449,7500.0,67500.0,1324
818,F13,GOOD,18873,28036,10,67.31702097303467,518,20.72,525.0,98.66666666666669,25,523,518,524,99.80916030534353,98.85496183206108,5000.0,50000.0,667
819,F43,GOOD,20158,52890,10,38.11306485157875,373,20.72222222222222,378.0,98.67724867724868,25,373,373,376,99.20212765957449,99.20212765957449,7500.0,75000.0,1471
820,F13,GOOD,20465,31184,11,65.62660338635197,518,20.72,525.0,98.66666666666669,25,523,518,524,99.80916030534353,98.85496183206108,5000.0,55000.0,733
821,F43,GOOD,20041,53273,11,37.61943198243012,373,20.72222222222222,378.0,98.67724867724868,25,373,373,376,99.20212765957449,99.20212765957449,7500.0,82500.0,1618
822,F13,GOOD,21016,32385,12,64.89424116103135,518,20.72,525.0,98.66666666666669,25,523,518,524,99.80916030534353,98.85496183206108,5000.0,60000.0,800
823,F43,GOOD,19187,55697,12,34.44889311812126,373,20.72222222222222,378.0,98.67724867724868,25,373,373,376,99.20212765957449,99.20212765957449,7500.0,90000.0,1765
824,F13,GOOD,21877,34378,13,63.63662807609518,518,20.72,525.0,98.66666666666669,25,523,519,524,99.80916030534353,99.04580152671755,5000.0,65000.0,867
825,F43,GOOD,17951,58288,13,30.797076585231952,373,20.72222222222222,378.0,98.67724867724868,25,374,373,376,99.46808510638296,99.20212765957449,7500.0,97500.0,1912
826,F13,GOOD,24048,40119,14,59.94167352127421,518,20.72,525.0,98.66666666666669,25,524,521,524,100.0,99.42748091603052,5000.0,70000.0,933
827,F43,GOOD,17459,59366,14,29.409089377758317,373,20.72222222222222,378.0,98.67724867724868,25,375,373,376,99.7340425531915,99.20212765957449,7500.0,105000.0,2059
828,F13,GOOD,25308,44059,15,57.44115844662838,518,20.72,525.0,98.66666666666669,25,524,522,524,100.0,99.61832061068702,5000.0,75000.0,1000
829,F43,GOOD,16819,60394,15,27.848792926449644,373,20.72222222222222,378.0,98.67724867724868,25,375,373,377,99.46949602122017,98.93899204244032,7500.0,112500.0,2206
830,F13,GOOD,25521,45010,16,56.70073317040658,518,20.72,525.0,98.66666666666669,25,524,522,524,100.0,99.61832061068702,5000.0,80000.0,1067
831,F43,GOOD,15924,61828,16,25.75532121368959,373,20.72222222222222,378.0,98.67724867724868,25,375,373,377,99.46949602122017,98.93899204244032,7500.0,120000.0,2353
832,F13,GOOD,2459,3027,1,81.23554674595309,501,20.04,525.0,95.42857142857144,26,278,102,505,55.049504950495056,20.1980198019802,5000.0,5000.0,67
833,F43,GOOD,9453,11602,1,81.47733149456991,373,20.72222222222222,378.0,98.67724867724868,26,371,344,373,99.46380697050938,92.22520107238606,7500.0,7500.0,147
834,F13,GOOD,6133,7662,2,80.04437483685722,518,20.72,525.0,98.66666666666669,26,484,340,522,92.72030651340997,65.13409961685824,5000.0,10000.0,133
835,F43,GOOD,10628,13227,2,80.3507976109473,373,20.72222222222222,378.0,98.67724867724868,26,372,359,373,99.73190348525468,96.24664879356568,7500.0,15000.0,294
836,F13,GOOD,8427,10840,3,77.739852398524,518,20.72,525.0,98.66666666666669,26,509,438,523,97.32313575525812,83.74760994263862,5000.0,15000.0,200
837,F43,GOOD,16728,23772,3,70.36850075719335,373,20.72222222222222,378.0,98.67724867724868,26,373,373,376,99.20212765957449,99.20212765957449,7500.0,22500.0,441
838,F13,GOOD,11031,14551,4,75.80922273383273,518,20.72,525.0,98.66666666666669,26,516,492,524,98.47328244274809,93.89312977099236,5000.0,20000.0,267
839,F43,GOOD,19891,32004,4,62.151606049243846,373,20.72222222222222,378.0,98.67724867724868,26,373,373,376,99.20212765957449,99.20212765957449,7500.0,30000.0,588
840,F13,GOOD,13649,18535,5,73.6390612355004,518,20.72,525.0,98.66666666666669,26,517,508,524,98.66412213740458,96.94656488549616,5000.0,25000.0,333
841,F43,GOOD,20925,36168,5,57.855009953550095,373,20.72222222222222,378.0,98.67724867724868,26,373,373,376,99.20212765957449,99.20212765957449,7500.0,37500.0,735
842,F13,GOOD,17503,24942,6,70.1748055488734,518,20.72,525.0,98.66666666666669,26,522,517,524,99.61832061068702,98.66412213740458,5000.0,30000.0,400
843,F43,GOOD,21536,40274,6,53.473705119928496,373,20.72222222222222,378.0,98.67724867724868,26,373,373,377,98.93899204244032,98.93899204244032,7500.0,45000.0,882
844,F13,GOOD,18372,26683,7,68.85282764306862,518,20.72,525.0,98.66666666666669,26,523,517,524,99.80916030534353,98.66412213740458,5000.0,35000.0,467
845,F43,GOOD,21691,45483,7,47.690345843501966,373,20.72222222222222,378.0,98.67724867724868,26,373,373,377,98.93899204244032,98.93899204244032,7500.0,52500.0,1029
846,F13,GOOD,19178,28211,8,67.9805749530325,518,20.72,525.0,98.66666666666669,26,523,517,524,99.80916030534353,98.66412213740458,5000.0,40000.0,533
847,F43,GOOD,21276,49217,8,43.22896560131662,373,20.72222222222222,378.0,98.67724867724868,26,373,373,377,98.93899204244032,98.93899204244032,7500.0,60000.0,1176
848,F13,GOOD,22021,34347,9,64.11331411768131,518,20.72,525.0,98.66666666666669,26,524,519,524,100.0,99.04580152671755,5000.0,45000.0,600
849,F43,GOOD,20921,51131,9,40.916469460796776,373,20.72222222222222,378.0,98.67724867724868,26,373,373,377,98.93899204244032,98.93899204244032,7500.0,67500.0,1324
850,F13,GOOD,22738,36230,10,62.76014352746343,518,20.72,525.0,98.66666666666669,26,524,519,524,100.0,99.04580152671755,5000.0,50000.0,667
851,F43,GOOD,19835,54567,10,36.3498084923122,373,20.72222222222222,378.0,98.67724867724868,26,374,373,377,99.20424403183024,98.93899204244032,7500.0,75000.0,1471
852,F13,GOOD,22738,36230,11,62.76014352746343,518,20.72,525.0,98.66666666666669,26,524,519,524,100.0,99.04580152671755,5000.0,55000.0,733
853,F43,GOOD,19017,56409,11,33.71270541934798,373,20.72222222222222,378.0,98.67724867724868,26,374,373,377,99.20424403183024,98.93899204244032,7500.0,82500.0,1618
854,F13,GOOD,24700,41804,12,59.08525499952157,518,20.72,525.0,98.66666666666669,26,524,521,524,100.0,99.42748091603052,5000.0,60000.0,800
855,F43,GOOD,18448,57691,12,31.977258151184763,373,20.72222222222222,378.0,98.67724867724868,26,374,373,377,99.20424403183024,98.93899204244032,7500.0,90000.0,1765
856,F13,GOOD,24700,41804,13,59.08525499952157,518,20.72,525.0,98.66666666666669,26,524,521,524,100.0,99.42748091603052,5000.0,65000.0,867
857,F43,GOOD,17918,58790,13,30.47797244429325,373,20.72222222222222,378.0,98.67724867724868,26,374,373,377,99.20424403183024,98.93899204244032,7500.0,97500.0,1912
858,F13,GOOD,25177,43521,14,57.85023322074401,518,20.72,525.0,98.66666666666669,26,524,522,524,100.0,99.61832061068702,5000.0,70000.0,933
859,F43,GOOD,17186,59935,14,28.674397263702343,373,20.72222222222222,378.0,98.67724867724868,26,374,373,377,99.20424403183024,98.93899204244032,7500.0,105000.0,2059
860,F13,GOOD,25177,43521,15,57.85023322074401,518,20.72,525.0,98.66666666666669,26,524,522,524,100.0,99.61832061068702,5000.0,75000.0,1000
861,F43,GOOD,16733,60786,15,27.52772019872997,373,20.72222222222222,378.0,98.67724867724868,26,374,373,377,99.20424403183024,98.93899204244032,7500.0,112500.0,2206
862,F13,GOOD,25521,45010,16,56.70073317040658,518,20.72,525.0,98.66666666666669,26,524,522,524,100.0,99.61832061068702,5000.0,80000.0,1067
863,F43,GOOD,15924,61828,16,25.75532121368959,373,20.72222222222222,378.0,98.67724867724868,26,375,373,377,99.46949602122017,98.93899204244032,7500.0,120000.0,2353
864,F13,GOOD,7867,10082,1,78.03015274747074,518,20.72,525.0,98.66666666666669,27,501,440,523,95.79349904397706,84.13001912045888,5000.0,5000.0,67
865,F43,GOOD,8230,9749,1,84.41891476048825,372,20.666666666666668,378.0,98.4126984126984,27,362,322,372,97.31182795698923,86.55913978494624,7500.0,7500.0,147
866,F13,GOOD,9966,13145,2,75.81589958158996,518,20.72,525.0,98.66666666666669,27,512,483,524,97.70992366412212,92.17557251908396,5000.0,10000.0,133
867,F43,GOOD,15520,21140,2,73.41532639545885,373,20.72222222222222,378.0,98.67724867724868,27,373,370,376,99.20212765957449,98.40425531914892,7500.0,15000.0,294
868,F13,GOOD,11913,16129,3,73.86074772149544,518,20.72,525.0,98.66666666666669,27,517,499,524,98.66412213740458,95.22900763358778,5000.0,15000.0,200
869,F43,GOOD,19397,30186,3,64.25826542105611,373,20.72222222222222,378.0,98.67724867724868,27,373,373,376,99.20212765957449,99.20212765957449,7500.0,22500.0,441
870,F13,GOOD,13370,18426,4,72.56051231954847,518,20.72,525.0,98.66666666666669,27,521,510,524,99.42748091603052,97.32824427480917,5000.0,20000.0,267
871,F43,GOOD,20769,35730,4,58.12762384550798,373,20.72222222222222,378.0,98.67724867724868,27,373,373,376,99.20212765957449,99.20212765957449,7500.0,30000.0,588
872,F13,GOOD,15039,21199,5,70.94202556724373,518,20.72,525.0,98.66666666666669,27,523,513,524,99.80916030534353,97.90076335877863,5000.0,25000.0,333
873,F43,GOOD,21343,40374,5,52.8632288106207,373,20.72222222222222,378.0,98.67724867724868,27,373,373,376,99.20212765957449,99.20212765957449,7500.0,37500.0,735
874,F13,GOOD,16840,24284,6,69.34607148739912,518,20.72,525.0,98.66666666666669,27,523,516,524,99.80916030534353,98.47328244274809,5000.0,30000.0,400
875,F43,GOOD,21455,44920,6,47.7626892252894,373,20.72222222222222,378.0,98.67724867724868,27,373,373,376,99.20212765957449,99.20212765957449,7500.0,45000.0,882
876,F13,GOOD,17559,25636,7,68.49352473084724,518,20.72,525.0,98.66666666666669,27,523,517,524,99.80916030534353,98.66412213740458,5000.0,35000.0,467
877,F43,GOOD,21094,48695,7,43.31861587431975,373,20.72222222222222,378.0,98.67724867724868,27,373,373,376,99.20212765957449,99.20212765957449,7500.0,52500.0,1029
878,F13,GOOD,19346,28935,8,66.860203905305,518,20.72,525.0,98.66666666666669,27,523,517,524,99.80916030534353,98.66412213740458,5000.0,40000.0,533
879,F43,GOOD,21027,49191,8,42.7456241995487,373,20.72222222222222,378.0,98.67724867724868,27,373,373,376,99.20212765957449,99.20212765957449,7500.0,60000.0,1176
880,F13,GOOD,19348,28939,9,66.85787345796331,518,20.72,525.0,98.66666666666669,27,523,517,524,99.80916030534353,98.66412213740458,5000.0,45000.0,600
881,F43,GOOD,20472,51138,9,40.032852282060304,373,20.72222222222222,378.0,98.67724867724868,27,373,373,376,99.20212765957449,99.20212765957449,7500.0,67500.0,1324
882,F13,GOOD,22213,35285,10,62.9530962165226,518,20.72,525.0,98.66666666666669,27,524,521,524,100.0,99.42748091603052,5000.0,50000.0,667
883,F43,GOOD,19905,52978,10,37.57219978104119,373,20.72222222222222,378.0,98.67724867724868,27,374,373,376,99.46808510638296,99.20212765957449,7500.0,75000.0,1471
884,F13,GOOD,23335,38093,11,61.25797390596698,518,20.72,525.0,98.66666666666669,27,524,521,524,100.0,99.42748091603052,5000.0,55000.0,733
885,F43,GOOD,19649,53809,11,36.516196175361,373,20.72222222222222,378.0,98.67724867724868,27,374,373,376,99.46808510638296,99.20212765957449,7500.0,82500.0,1618
886,F13,GOOD,23763,39448,12,60.23879537619145,518,20.72,525.0,98.66666666666669,27,524,521,524,100.0,99.42748091603052,5000.0,60000.0,800
887,F43,GOOD,18937,56262,12,33.65859727702535,373,20.72222222222222,378.0,98.67724867724868,27,374,373,376,99.46808510638296,99.20212765957449,7500.0,90000.0,1765
888,F13,GOOD,23763,39448,13,60.23879537619145,518,20.72,525.0,98.66666666666669,27,524,521,524,100.0,99.42748091603052,5000.0,65000.0,867
889,F43,GOOD,18163,58173,13,31.22238839324085,373,20.72222222222222,378.0,98.67724867724868,27,375,373,376,99.7340425531915,99.20212765957449,7500.0,97500.0,1912
890,F13,GOOD,24341,41152,14,59.149008553654745,518,20.72,525.0,98.66666666666669,27,524,521,524,100.0,99.42748091603052,5000.0,70000.0,933
891,F43,GOOD,16982,60319,14,28.153649762098176,373,20.72222222222222,378.0,98.67724867724868,27,375,373,376,99.7340425531915,99.20212765957449,7500.0,105000.0,2059
892,F13,GOOD,25521,45010,15,56.70073317040658,518,20.72,525.0,98.66666666666669,27,524,522,524,100.0,99.61832061068702,5000.0,75000.0,1000
893,F43,GOOD,16376,61264,15,26.73021676677984,373,20.72222222222222,378.0,98.67724867724868,27,375,373,377,99.46949602122017,98.93899204244032,7500.0,112500.0,2206
894,F13,GOOD,25521,45010,16,56.70073317040658,518,20.72,525.0,98.66666666666669,27,524,522,524,100.0,99.61832061068702,5000.0,80000.0,1067
895,F43,GOOD,15924,61828,16,25.75532121368959,373,20.72222222222222,378.0,98.67724867724868,27,375,373,377,99.46949602122017,98.93899204244032,7500.0,120000.0,2353
896,F13,GOOD,3378,4183,1,80.75543868037293,507,20.28,525.0,96.57142857142856,28,354,159,510,69.41176470588235,31.176470588235293,5000.0,5000.0,67
897,F43,GOOD,13185,17157,1,76.84909949291834,373,20.72222222222222,378.0,98.67724867724868,28,373,369,374,99.73262032085562,98.66310160427808,7500.0,7500.0,147
898,F13,GOOD,3381,4188,2,80.73065902578797,507,20.28,525.0,96.57142857142856,28,354,159,510,69.41176470588235,31.176470588235293,5000.0,10000.0,133
899,F43,GOOD,18194,26745,2,68.02766872312583,373,20.72222222222222,378.0,98.67724867724868,28,373,373,374,99.73262032085562,99.73262032085562,7500.0,15000.0,294
900,F13,GOOD,6454,8138,3,79.30695502580487,517,20.68,525.0,98.47619047619048,28,494,351,521,94.8176583493282,67.37044145873321,5000.0,15000.0,200
901,F43,GOOD,20420,33090,3,61.710486551828346,373,20.72222222222222,378.0,98.67724867724868,28,373,373,375,99.46666666666668,99.46666666666668,7500.0,22500.0,441
902,F13,GOOD,8990,11713,4,76.75232647485699,518,20.72,525.0,98.66666666666669,28,513,460,523,98.08795411089864,87.95411089866157,5000.0,20000.0,267
903,F43,GOOD,21290,37660,4,56.53212958045671,373,20.72222222222222,378.0,98.67724867724868,28,373,373,375,99.46666666666668,99.46666666666668,7500.0,30000.0,588
904,F13,GOOD,14183,19491,5,72.76691806474783,518,20.72,525.0,98.66666666666669,28,519,510,524,99.04580152671755,97.32824427480917,5000.0,25000.0,333
905,F43,GOOD,21697,41614,5,52.138703320997735,373,20.72222222222222,378.0,98.67724867724868,28,373,373,376,99.20212765957449,99.20212765957449,7500.0,37500.0,735
906,F13,GOOD,15811,22259,6,71.03194213576532,518,20.72,525.0,98.66666666666669,28,520,515,524,99.23664122137404,98.2824427480916,5000.0,30000.0,400
907,F43,GOOD,21428,46982,6,45.6089566216849,373,20.72222222222222,378.0,98.67724867724868,28,374,373,376,99.46808510638296,99.20212765957449,7500.0,45000.0,882
908,F13,GOOD,15812,22262,7,71.02686191716828,518,20.72,525.0,98.66666666666669,28,520,515,524,99.23664122137404,98.2824427480916,5000.0,35000.0,467
909,F43,GOOD,20907,49562,7,42.18352770267544,373,20.72222222222222,378.0,98.67724867724868,28,374,373,376,99.46808510638296,99.20212765957449,7500.0,52500.0,1029
910,F13,GOOD,15814,22264,8,71.0294646065397,518,20.72,525.0,98.66666666666669,28,520,515,524,99.23664122137404,98.2824427480916,5000.0,40000.0,533
911,F43,GOOD,20638,50950,8,40.5063788027478,373,20.72222222222222,378.0,98.67724867724868,28,374,373,377,99.20424403183024,98.93899204244032,7500.0,60000.0,1176
912,F13,GOOD,17260,24853,9,69.44835633525128,518,20.72,525.0,98.66666666666669,28,522,517,524,99.61832061068702,98.66412213740458,5000.0,45000.0,600
913,F43,GOOD,19855,53564,9,37.06780673586738,373,20.72222222222222,378.0,98.67724867724868,28,374,373,377,99.20424403183024,98.93899204244032,7500.0,67500.0,1324
914,F13,GOOD,18900,27862,10,67.83432632258992,518,20.72,525.0,98.66666666666669,28,522,517,524,99.61832061068702,98.66412213740458,5000.0,50000.0,667
915,F43,GOOD,19743,53872,10,36.6479803979804,373,20.72222222222222,378.0,98.67724867724868,28,374,373,377,99.20424403183024,98.93899204244032,7500.0,75000.0,1471
916,F13,GOOD,20224,30532,11,66.23870037992926,518,20.72,525.0,98.66666666666669,28,523,517,524,99.80916030534353,98.66412213740458,5000.0,55000.0,733
917,F43,GOOD,19454,54646,11,35.60004391904256,373,20.72222222222222,378.0,98.67724867724868,28,374,373,377,99.20424403183024,98.93899204244032,7500.0,82500.0,1618
918,F13,GOOD,20842,31954,12,65.22501095324529,518,20.72,525.0,98.66666666666669,28,523,519,524,99.80916030534353,99.04580152671755,5000.0,60000.0,800
919,F43,GOOD,18774,56424,12,33.27307528711187,373,20.72222222222222,378.0,98.67724867724868,28,374,373,377,99.20424403183024,98.93899204244032,7500.0,90000.0,1765
920,F13,GOOD,23239,37717,13,61.61412625606491,518,20.72,525.0,98.66666666666669,28,523,520,524,99.80916030534353,99.23664122137404,5000.0,65000.0,867
921,F43,GOOD,18266,57632,13,31.694197667962243,373,20.72222222222222,378.0,98.67724867724868,28,374,373,377,99.20424403183024,98.93899204244032,7500.0,97500.0,1912
922,F13,GOOD,23624,38769,14,60.93528334494055,518,20.72,525.0,98.66666666666669,28,523,520,524,99.80916030534353,99.23664122137404,5000.0,70000.0,933
923,F43,GOOD,17332,59432,14,29.162740611118583,373,20.72222222222222,378.0,98.67724867724868,28,374,373,377,99.20424403183024,98.93899204244032,7500.0,105000.0,2059
924,F13,GOOD,25308,44059,15,57.44115844662838,518,20.72,525.0,98.66666666666669,28,524,522,524,100.0,99.61832061068702,5000.0,75000.0,1000
925,F43,GOOD,16819,60394,15,27.848792926449644,373,20.72222222222222,378.0,98.67724867724868,28,375,373,377,99.46949602122017,98.93899204244032,7500.0,112500.0,2206
926,F13,GOOD,25521,45010,16,56.70073317040658,518,20.72,525.0,98.66666666666669,28,524,522,524,100.0,99.61832061068702,5000.0,80000.0,1067
927,F43,GOOD,15924,61828,16,25.75532121368959,373,20.72222222222222,378.0,98.67724867724868,28,375,373,377,99.46949602122017,98.93899204244032,7500.0,120000.0,2353
928,F13,GOOD,3,5,1,60.0,3,1.0,525.0,0.5714285714285714,29,0,0,3,0.0,0.0,5000.0,5000.0,67
929,F43,GOOD,11155,13756,1,81.0918871765048,373,20.72222222222222,378.0,98.67724867724868,29,373,360,374,99.73262032085562,96.2566844919786,7500.0,7500.0,147
930,F13,GOOD,3937,4839,2,81.3597850795619,514,20.56,525.0,97.90476190476193,29,398,200,517,76.9825918762089,38.684719535783366,5000.0,10000.0,133
931,F43,GOOD,15319,20554,2,74.53050501119004,373,20.72222222222222,378.0,98.67724867724868,29,373,372,375,99.46666666666668,99.2,7500.0,15000.0,294
932,F13,GOOD,6291,7928,3,79.35166498486377,518,20.72,525.0,98.66666666666669,29,481,364,521,92.32245681381956,69.86564299424184,5000.0,15000.0,200
933,F43,GOOD,19713,31089,3,63.40827945575606,373,20.72222222222222,378.0,98.67724867724868,29,373,373,376,99.20212765957449,99.20212765957449,7500.0,22500.0,441
934,F13,GOOD,9490,12257,4,77.42514481520763,518,20.72,525.0,98.66666666666669,29,509,465,522,97.5095785440613,89.08045977011494,5000.0,20000.0,267
935,F43,GOOD,20074,32095,4,62.54556784545879,373,20.72222222222222,378.0,98.67724867724868,29,373,373,376,99.20212765957449,99.20212765957449,7500.0,30000.0,588
936,F13,GOOD,15964,22497,5,70.96057252078054,518,20.72,525.0,98.66666666666669,29,520,515,523,99.4263862332696,98.47036328871891,5000.0,25000.0,333
937,F43,GOOD,21191,37022,5,57.23893900923776,373,20.72222222222222,378.0,98.67724867724868,29,373,373,376,99.20212765957449,99.20212765957449,7500.0,37500.0,735
938,F13,GOOD,17588,25477,6,69.03481571613612,518,20.72,525.0,98.66666666666669,29,521,517,523,99.61759082217974,98.8527724665392,5000.0,30000.0,400
939,F43,GOOD,21686,41303,6,52.50466067840108,373,20.72222222222222,378.0,98.67724867724868,29,373,373,376,99.20212765957449,99.20212765957449,7500.0,45000.0,882
940,F13,GOOD,19122,28361,7,67.4235746271288,518,20.72,525.0,98.66666666666669,29,522,518,524,99.61832061068702,98.85496183206108,5000.0,35000.0,467
941,F43,GOOD,21678,46597,7,46.52230830310965,373,20.72222222222222,378.0,98.67724867724868,29,373,373,376,99.20212765957449,99.20212765957449,7500.0,52500.0,1029
942,F13,GOOD,20506,31054,8,66.033361241708,518,20.72,525.0,98.66666666666669,29,522,518,524,99.61832061068702,98.85496183206108,5000.0,40000.0,533
943,F43,GOOD,21310,49417,8,43.12281198777749,373,20.72222222222222,378.0,98.67724867724868,29,373,373,376,99.20212765957449,99.20212765957449,7500.0,60000.0,1176
944,F13,GOOD,21005,32286,9,65.05915876850648,518,20.72,525.0,98.66666666666669,29,523,518,524,99.80916030534353,98.85496183206108,5000.0,45000.0,600
945,F43,GOOD,20624,52516,9,39.27184096275421,373,20.72222222222222,378.0,98.67724867724868,29,373,373,376,99.20212765957449,99.20212765957449,7500.0,67500.0,1324
946,F13,GOOD,21005,32286,10,65.05915876850648,518,20.72,525.0,98.66666666666669,29,523,518,524,99.80916030534353,98.85496183206108,5000.0,50000.0,667
947,F43,GOOD,20102,53976,10,37.24247813843189,373,20.72222222222222,378.0,98.67724867724868,29,374,373,376,99.46808510638296,99.20212765957449,7500.0,75000.0,1471
948,F13,GOOD,22894,36926,11,61.99967502572713,518,20.72,525.0,98.66666666666669,29,523,521,524,99.80916030534353,99.42748091603052,5000.0,55000.0,733
949,F43,GOOD,19554,55552,11,35.199452764976954,373,20.72222222222222,378.0,98.67724867724868,29,374,373,376,99.46808510638296,99.20212765957449,7500.0,82500.0,1618
950,F13,GOOD,24413,41116,12,59.37591205370172,518,20.72,525.0,98.66666666666669,29,523,522,524,99.80916030534353,99.61832061068702,5000.0,60000.0,800
951,F43,GOOD,18900,56902,12,33.21500123018523,373,20.72222222222222,378.0,98.67724867724868,29,374,373,377,99.20424403183024,98.93899204244032,7500.0,90000.0,1765
952,F13,GOOD,24791,42263,13,58.65887419255613,518,20.72,525.0,98.66666666666669,29,523,522,524,99.80916030534353,99.61832061068702,5000.0,65000.0,867
953,F43,GOOD,17951,58832,13,30.51230622790318,373,20.72222222222222,378.0,98.67724867724868,29,374,373,377,99.20424403183024,98.93899204244032,7500.0,97500.0,1912
954,F13,GOOD,24791,42263,14,58.65887419255613,518,20.72,525.0,98.66666666666669,29,523,522,524,99.80916030534353,99.61832061068702,5000.0,70000.0,933
955,F43,GOOD,17492,59548,14,29.3746221535568,373,20.72222222222222,378.0,98.67724867724868,29,374,373,377,99.20424403183024,98.93899204244032,7500.0,105000.0,2059
956,F13,GOOD,25177,43521,15,57.85023322074401,518,20.72,525.0,98.66666666666669,29,524,522,524,100.0,99.61832061068702,5000.0,75000.0,1000
957,F43,GOOD,16733,60786,15,27.52772019872997,373,20.72222222222222,378.0,98.67724867724868,29,374,373,377,99.20424403183024,98.93899204244032,7500.0,112500.0,2206
958,F13,GOOD,25521,45010,16,56.70073317040658,518,20.72,525.0,98.66666666666669,29,524,522,524,100.0,99.61832061068702,5000.0,80000.0,1067
959,F43,GOOD,15924,61828,16,25.75532121368959,373,20.72222222222222,378.0,98.67724867724868,29,375,373,377,99.46949602122017,98.93899204244032,7500.0,120000.0,2353
960,F13,GOOD,2845,3531,1,80.57207589917871,504,20.16,525.0,96.0,30,313,135,508,61.61417322834646,26.574803149606304,5000.0,5000.0,67
961,F43,GOOD,11032,13800,1,79.94202898550725,373,20.72222222222222,378.0,98.67724867724868,30,373,359,376,99.20212765957449,95.47872340425532,7500.0,7500.0,147
962,F13,GOOD,5448,6935,2,78.55803893294882,517,20.68,525.0,98.47619047619048,30,466,321,523,89.10133843212236,61.376673040152966,5000.0,10000.0,133
963,F43,GOOD,17154,24620,2,69.67506092607636,373,20.72222222222222,378.0,98.67724867724868,30,373,373,376,99.20212765957449,99.20212765957449,7500.0,15000.0,294
964,F13,GOOD,6762,8705,3,77.67949454336588,517,20.68,525.0,98.47619047619048,30,493,384,523,94.26386233269598,73.4225621414914,5000.0,15000.0,200
965,F43,GOOD,19899,32193,3,61.81157394464635,373,20.72222222222222,378.0,98.67724867724868,30,373,373,376,99.20212765957449,99.20212765957449,7500.0,22500.0,441
966,F13,GOOD,9918,13005,4,76.26297577854672,518,20.72,525.0,98.66666666666669,30,516,472,524,98.47328244274809,90.0763358778626,5000.0,20000.0,267
967,F43,GOOD,20245,33162,4,61.04879078463301,373,20.72222222222222,378.0,98.67724867724868,30,373,373,376,99.20212765957449,99.20212765957449,7500.0,30000.0,588
968,F13,GOOD,16255,23129,5,70.2797353971205,518,20.72,525.0,98.66666666666669,30,523,516,524,99.80916030534353,98.47328244274809,5000.0,25000.0,333
969,F43,GOOD,21038,37840,5,55.59725158562368,373,20.72222222222222,378.0,98.67724867724868,30,373,373,376,99.20212765957449,99.20212765957449,7500.0,37500.0,735
970,F13,GOOD,18180,26599,6,68.34843415165983,518,20.72,525.0,98.66666666666669,30,523,519,524,99.80916030534353,99.04580152671755,5000.0,30000.0,400
971,F43,GOOD,21187,40005,6,52.96087989001374,373,20.72222222222222,378.0,98.67724867724868,30,373,373,376,99.20212765957449,99.20212765957449,7500.0,45000.0,882
972,F13,GOOD,19564,29375,7,66.6008510638298,518,20.72,525.0,98.66666666666669,30,523,519,524,99.80916030534353,99.04580152671755,5000.0,35000.0,467
973,F43,GOOD,21395,43874,7,48.76464420841501,373,20.72222222222222,378.0,98.67724867724868,30,373,373,376,99.20212765957449,99.20212765957449,7500.0,52500.0,1029
974,F13,GOOD,21726,34267,8,63.4021069833951,518,20.72,525.0,98.66666666666669,30,524,520,524,100.0,99.23664122137404,5000.0,40000.0,533
975,F43,GOOD,21206,46445,8,45.658305522661216,373,20.72222222222222,378.0,98.67724867724868,30,373,373,376,99.20212765957449,99.20212765957449,7500.0,60000.0,1176
976,F13,GOOD,21727,34268,9,63.403174973736434,518,20.72,525.0,98.66666666666669,30,524,520,524,100.0,99.23664122137404,5000.0,45000.0,600
977,F43,GOOD,20852,48359,9,43.119171198742734,373,20.72222222222222,378.0,98.67724867724868,30,373,373,376,99.20212765957449,99.20212765957449,7500.0,67500.0,1324
978,F13,GOOD,22322,35836,10,62.28931800424154,518,20.72,525.0,98.66666666666669,30,524,520,524,100.0,99.23664122137404,5000.0,50000.0,667
979,F43,GOOD,20133,52139,10,38.61408926139742,373,20.72222222222222,378.0,98.67724867724868,30,373,373,376,99.20212765957449,99.20212765957449,7500.0,75000.0,1471
980,F13,GOOD,22322,35836,11,62.28931800424154,518,20.72,525.0,98.66666666666669,30,524,520,524,100.0,99.23664122137404,5000.0,55000.0,733
981,F43,GOOD,19537,54325,11,35.963184537505754,373,20.72222222222222,378.0,98.67724867724868,30,373,373,376,99.20212765957449,99.20212765957449,7500.0,82500.0,1618
982,F13,GOOD,23066,37672,12,61.22849861966447,518,20.72,525.0,98.66666666666669,30,524,521,524,100.0,99.42748091603052,5000.0,60000.0,800
983,F43,GOOD,18423,57147,12,32.23791275132553,373,20.72222222222222,378.0,98.67724867724868,30,375,373,376,99.7340425531915,99.20212765957449,7500.0,90000.0,1765
984,F13,GOOD,23952,39936,13,59.97596153846154,518,20.72,525.0,98.66666666666669,30,524,521,524,100.0,99.42748091603052,5000.0,65000.0,867
985,F43,GOOD,17763,58665,13,30.278701099463053,373,20.72222222222222,378.0,98.67724867724868,30,375,373,376,99.7340425531915,99.20212765957449,7500.0,97500.0,1912
986,F13,GOOD,23952,39936,14,59.97596153846154,518,20.72,525.0,98.66666666666669,30,524,521,524,100.0,99.42748091603052,5000.0,70000.0,933
987,F43,GOOD,17288,59750,14,28.933891213389124,373,20.72222222222222,378.0,98.67724867724868,30,375,373,376,99.7340425531915,99.20212765957449,7500.0,105000.0,2059
988,F13,GOOD,24341,41152,15,59.149008553654745,518,20.72,525.0,98.66666666666669,30,524,521,524,100.0,99.42748091603052,5000.0,75000.0,1000
989,F43,GOOD,16535,60943,15,27.13191014554584,373,20.72222222222222,378.0,98.67724867724868,30,375,373,376,99.7340425531915,99.20212765957449,7500.0,112500.0,2206
990,F13,GOOD,25521,45010,16,56.70073317040658,518,20.72,525.0,98.66666666666669,30,524,522,524,100.0,99.61832061068702,5000.0,80000.0,1067
991,F43,GOOD,15924,61828,16,25.75532121368959,373,20.72222222222222,378.0,98.67724867724868,30,375,373,377,99.46949602122017,98.93899204244032,7500.0,120000.0,2353
992,F13,GOOD,3562,4337,1,82.13050495734379,511,20.44,525.0,97.33333333333334,31,354,170,514,68.8715953307393,33.07392996108949,5000.0,5000.0,67
993,F43,GOOD,11290,14026,1,80.49336945672323,373,20.72222222222222,378.0,98.67724867724868,31,373,360,374,99.73262032085562,96.2566844919786,7500.0,7500.0,147
994,F13,GOOD,3568,4344,2,82.13627992633518,511,20.44,525.0,97.33333333333334,31,355,171,514,69.06614785992218,33.26848249027237,5000.0,10000.0,133
995,F43,GOOD,16109,22142,2,72.75313883118056,373,20.72222222222222,378.0,98.67724867724868,31,373,373,375,99.46666666666668,99.46666666666668,7500.0,15000.0,294
996,F13,GOOD,11823,15793,3,74.86228075729754,518,20.72,525.0,98.66666666666669,31,518,502,523,99.04397705544932,95.9847036328872,5000.0,15000.0,200
997,F43,GOOD,18781,28398,3,66.13493908021691,373,20.72222222222222,378.0,98.67724867724868,31,373,373,375,99.46666666666668,99.46666666666668,7500.0,22500.0,441
998,F13,GOOD,15544,21908,4,70.9512506846814,518,20.72,525.0,98.66666666666669,31,521,513,524,99.42748091603052,97.90076335877863,5000.0,20000.0,267
999,F43,GOOD,20173,32966,4,61.19335072498938,373,20.72222222222222,378.0,98.67724867724868,31,373,373,375,99.46666666666668,99.46666666666668,7500.0,30000.0,588
1000,F13,GOOD,15544,21909,5,70.9480122324159,518,20.72,525.0,98.66666666666669,31,521,513,524,99.42748091603052,97.90076335877863,5000.0,25000.0,333
1001,F43,GOOD,21451,38978,5,55.033608702344914,373,20.72222222222222,378.0,98.67724867724868,31,373,373,375,99.46666666666668,99.46666666666668,7500.0,37500.0,735
1002,F13,GOOD,16966,24510,6,69.22072623419012,518,20.72,525.0,98.66666666666669,31,523,515,524,99.80916030534353,98.2824427480916,5000.0,30000.0,400
1003,F43,GOOD,21627,43481,6,49.73896644511396,373,20.72222222222222,378.0,98.67724867724868,31,373,373,375,99.46666666666668,99.46666666666668,7500.0,45000.0,882
1004,F13,GOOD,18867,27956,7,67.48819573615683,518,20.72,525.0,98.66666666666669,31,523,518,524,99.80916030534353,98.85496183206108,5000.0,35000.0,467
1005,F43,GOOD,21530,44823,7,48.03337572228544,373,20.72222222222222,378.0,98.67724867724868,31,373,373,376,99.20212765957449,99.20212765957449,7500.0,52500.0,1029
1006,F13,GOOD,19530,29237,8,66.79891917775421,518,20.72,525.0,98.66666666666669,31,523,520,524,99.80916030534353,99.23664122137404,5000.0,40000.0,533
1007,F43,GOOD,21133,48559,8,43.52025371197924,373,20.72222222222222,378.0,98.67724867724868,31,373,373,376,99.20212765957449,99.20212765957449,7500.0,60000.0,1176
1008,F13,GOOD,20439,31102,9,65.71603112340043,518,20.72,525.0,98.66666666666669,31,523,521,524,99.80916030534353,99.42748091603052,5000.0,45000.0,600
1009,F43,GOOD,20701,51110,9,40.50283701819605,373,20.72222222222222,378.0,98.67724867724868,31,373,373,376,99.20212765957449,99.20212765957449,7500.0,67500.0,1324
1010,F13,GOOD,21534,33600,10,64.08928571428572,518,20.72,525.0,98.66666666666669,31,523,521,524,99.80916030534353,99.42748091603052,5000.0,50000.0,667
1011,F43,GOOD,19986,54093,10,36.94747934113472,373,20.72222222222222,378.0,98.67724867724868,31,373,373,376,99.20212765957449,99.20212765957449,7500.0,75000.0,1471
1012,F13,GOOD,21978,34802,11,63.15154301476926,518,20.72,525.0,98.66666666666669,31,524,521,524,100.0,99.42748091603052,5000.0,55000.0,733
1013,F43,GOOD,19020,56463,11,33.685776526220714,373,20.72222222222222,378.0,98.67724867724868,31,375,373,376,99.7340425531915,99.20212765957449,7500.0,82500.0,1618
1014,F13,GOOD,21978,34802,12,63.15154301476926,518,20.72,525.0,98.66666666666669,31,524,521,524,100.0,99.42748091603052,5000.0,60000.0,800
1015,F43,GOOD,18589,57345,12,32.41607812363763,373,20.72222222222222,378.0,98.67724867724868,31,375,373,376,99.7340425531915,99.20212765957449,7500.0,90000.0,1765
1016,F13,GOOD,23141,37584,13,61.57141336739039,518,20.72,525.0,98.66666666666669,31,524,521,524,100.0,99.42748091603052,5000.0,65000.0,867
1017,F43,GOOD,18434,57639,13,31.981817866375195,373,20.72222222222222,378.0,98.67724867724868,31,375,373,376,99.7340425531915,99.20212765957449,7500.0,97500.0,1912
1018,F13,GOOD,23763,39448,14,60.23879537619145,518,20.72,525.0,98.66666666666669,31,524,521,524,100.0,99.42748091603052,5000.0,70000.0,933
1019,F43,GOOD,17719,58931,14,30.067366920636,373,20.72222222222222,378.0,98.67724867724868,31,375,373,376,99.7340425531915,99.20212765957449,7500.0,105000.0,2059
1020,F13,GOOD,24341,41152,15,59.149008553654745,518,20.72,525.0,98.66666666666669,31,524,521,524,100.0,99.42748091603052,5000.0,75000.0,1000
1021,F43,GOOD,16535,60943,15,27.13191014554584,373,20.72222222222222,378.0,98.67724867724868,31,375,373,376,99.7340425531915,99.20212765957449,7500.0,112500.0,2206
1022,F13,GOOD,25521,45010,16,56.70073317040658,518,20.72,525.0,98.66666666666669,31,524,522,524,100.0,99.61832061068702,5000.0,80000.0,1067
1023,F43,GOOD,15924,61828,16,25.75532121368959,373,20.72222222222222,378.0,98.67724867724868,31,375,373,377,99.46949602122017,98.93899204244032,7500.0,120000.0,2353
1024,F13,GOOD,9210,12072,1,76.29224652087476,518,20.72,525.0,98.66666666666669,32,515,472,523,98.47036328871891,90.24856596558315,5000.0,5000.0,67
1025,F43,GOOD,8872,10736,1,82.63785394932935,373,20.72222222222222,378.0,98.67724867724868,32,370,338,374,98.93048128342244,90.37433155080214,7500.0,7500.0,147
1026,F13,GOOD,12020,16140,2,74.4733581164808,518,20.72,525.0,98.66666666666669,32,518,504,523,99.04397705544932,96.36711281070744,5000.0,10000.0,133
1027,F43,GOOD,10084,12388,2,81.40135615111397,373,20.72222222222222,378.0,98.67724867724868,32,372,357,374,99.46524064171123,95.45454545454544,7500.0,15000.0,294
1028,F13,GOOD,14108,19466,3,72.47508476317682,518,20.72,525.0,98.66666666666669,32,520,510,523,99.4263862332696,97.51434034416826,5000.0,15000.0,200
1029,F43,GOOD,15370,20994,3,73.21139373154234,373,20.72222222222222,378.0,98.67724867724868,32,373,372,374,99.73262032085562,99.46524064171123,7500.0,22500.0,441
1030,F13,GOOD,16271,23123,4,70.36716689010942,518,20.72,525.0,98.66666666666669,32,520,516,523,99.4263862332696,98.66156787762908,5000.0,20000.0,267
1031,F43,GOOD,18189,26756,4,67.98101360442517,373,20.72222222222222,378.0,98.67724867724868,32,373,373,375,99.46666666666668,99.46666666666668,7500.0,30000.0,588
1032,F13,GOOD,17588,25477,5,69.03481571613612,518,20.72,525.0,98.66666666666669,32,521,517,523,99.61759082217974,98.8527724665392,5000.0,25000.0,333
1033,F43,GOOD,20824,35689,5,58.348510745607896,373,20.72222222222222,378.0,98.67724867724868,32,373,373,376,99.20212765957449,99.20212765957449,7500.0,37500.0,735
1034,F13,GOOD,19122,28361,6,67.4235746271288,518,20.72,525.0,98.66666666666669,32,522,518,524,99.61832061068702,98.85496183206108,5000.0,30000.0,400
1035,F43,GOOD,21700,42221,6,51.39622462755501,373,20.72222222222222,378.0,98.67724867724868,32,373,373,376,99.20212765957449,99.20212765957449,7500.0,45000.0,882
1036,F13,GOOD,21391,33327,7,64.18519518708554,518,20.72,525.0,98.66666666666669,32,522,519,524,99.61832061068702,99.04580152671755,5000.0,35000.0,467
1037,F43,GOOD,21734,45076,7,48.21634572721626,373,20.72222222222222,378.0,98.67724867724868,32,373,373,376,99.20212765957449,99.20212765957449,7500.0,52500.0,1029
1038,F13,GOOD,23221,37801,8,61.42959180974048,518,20.72,525.0,98.66666666666669,32,523,521,524,99.80916030534353,99.42748091603052,5000.0,40000.0,533
1039,F43,GOOD,21450,47535,8,45.12464499842221,373,20.72222222222222,378.0,98.67724867724868,32,373,373,377,98.93899204244032,98.93899204244032,7500.0,60000.0,1176
1040,F13,GOOD,23681,39022,9,60.68627953462149,518,20.72,525.0,98.66666666666669,32,523,521,524,99.80916030534353,99.42748091603052,5000.0,45000.0,600
1041,F43,GOOD,20854,50925,9,40.95041728031419,373,20.72222222222222,378.0,98.67724867724868,32,373,373,377,98.93899204244032,98.93899204244032,7500.0,67500.0,1324
1042,F13,GOOD,24511,41246,10,59.42636861756292,518,20.72,525.0,98.66666666666669,32,523,522,524,99.80916030534353,99.61832061068702,5000.0,50000.0,667
1043,F43,GOOD,20313,53188,10,38.19094532601338,373,20.72222222222222,378.0,98.67724867724868,32,373,373,377,98.93899204244032,98.93899204244032,7500.0,75000.0,1471
1044,F13,GOOD,24930,42536,11,58.609178107955614,518,20.72,525.0,98.66666666666669,32,523,522,524,99.80916030534353,99.61832061068702,5000.0,55000.0,733
1045,F43,GOOD,19532,55346,11,35.29071658295089,373,20.72222222222222,378.0,98.67724867724868,32,373,373,377,98.93899204244032,98.93899204244032,7500.0,82500.0,1618
1046,F13,GOOD,25177,43521,12,57.85023322074401,518,20.72,525.0,98.66666666666669,32,524,522,524,100.0,99.61832061068702,5000.0,60000.0,800
1047,F43,GOOD,18547,57456,12,32.28035366193261,373,20.72222222222222,378.0,98.67724867724868,32,374,373,377,99.20424403183024,98.93899204244032,7500.0,90000.0,1765
1048,F13,GOOD,25177,43521,13,57.85023322074401,518,20.72,525.0,98.66666666666669,32,524,522,524,100.0,99.61832061068702,5000.0,65000.0,867
1049,F43,GOOD,17730,59254,13,29.922030580213992,373,20.72222222222222,378.0,98.67724867724868,32,374,373,377,99.20424403183024,98.93899204244032,7500.0,97500.0,1912
1050,F13,GOOD,25177,43521,14,57.85023322074401,518,20.72,525.0,98.66666666666669,32,524,522,524,100.0,99.61832061068702,5000.0,70000.0,933
1051,F43,GOOD,17186,60154,14,28.57000365727965,373,20.72222222222222,378.0,98.67724867724868,32,374,373,377,99.20424403183024,98.93899204244032,7500.0,105000.0,2059
1052,F13,GOOD,25521,45010,15,56.70073317040658,518,20.72,525.0,98.66666666666669,32,524,522,524,100.0,99.61832061068702,5000.0,75000.0,1000
1053,F43,GOOD,16376,61264,15,26.73021676677984,373,20.72222222222222,378.0,98.67724867724868,32,375,373,377,99.46949602122017,98.93899204244032,7500.0,112500.0,2206
1054,F13,GOOD,25521,45010,16,56.70073317040658,518,20.72,525.0,98.66666666666669,32,524,522,524,100.0,99.61832061068702,5000.0,80000.0,1067
1055,F43,GOOD,15924,61828,16,25.75532121368959,373,20.72222222222222,378.0,98.67724867724868,32,375,373,377,99.46949602122017,98.93899204244032,7500.0,120000.0,2353
1056,F13,GOOD,7196,9084,1,79.21620431527961,518,20.72,525.0,98.66666666666669,33,498,396,524,95.0381679389313,75.57251908396947,5000.0,5000.0,67
1057,F43,GOOD,8785,10520,1,83.50760456273764,373,20.72222222222222,378.0,98.67724867724868,33,369,333,375,98.4,88.8,7500.0,7500.0,147
1058,F13,GOOD,9985,12979,2,76.93196702365358,518,20.72,525.0,98.66666666666669,33,515,482,524,98.2824427480916,91.98473282442748,5000.0,10000.0,133
1059,F43,GOOD,13788,17896,2,77.045149754135,373,20.72222222222222,378.0,98.67724867724868,33,373,371,376,99.20212765957449,98.67021276595744,7500.0,15000.0,294
1060,F13,GOOD,12206,16423,3,74.32259635876515,518,20.72,525.0,98.66666666666669,33,519,503,524,99.04580152671755,95.99236641221374,5000.0,15000.0,200
1061,F43,GOOD,17853,25845,3,69.07719094602439,373,20.72222222222222,378.0,98.67724867724868,33,373,373,376,99.20212765957449,99.20212765957449,7500.0,22500.0,441
1062,F13,GOOD,14417,19818,4,72.74699767887779,518,20.72,525.0,98.66666666666669,33,520,515,524,99.23664122137404,98.2824427480916,5000.0,20000.0,267
1063,F43,GOOD,20283,33203,4,61.08785350721321,373,20.72222222222222,378.0,98.67724867724868,33,373,373,377,98.93899204244032,98.93899204244032,7500.0,30000.0,588
1064,F13,GOOD,18471,26902,5,68.66032265259089,518,20.72,525.0,98.66666666666669,33,522,517,524,99.61832061068702,98.66412213740458,5000.0,25000.0,333
1065,F43,GOOD,21023,36886,5,56.99452366751613,373,20.72222222222222,378.0,98.67724867724868,33,373,373,377,98.93899204244032,98.93899204244032,7500.0,37500.0,735
1066,F13,GOOD,18471,26902,6,68.66032265259089,518,20.72,525.0,98.66666666666669,33,522,517,524,99.61832061068702,98.66412213740458,5000.0,30000.0,400
1067,F43,GOOD,21598,41279,6,52.32200392451367,373,20.72222222222222,378.0,98.67724867724868,33,373,373,377,98.93899204244032,98.93899204244032,7500.0,45000.0,882
1068,F13,GOOD,18473,26905,7,68.66010035309422,518,20.72,525.0,98.66666666666669,33,522,517,524,99.61832061068702,98.66412213740458,5000.0,35000.0,467
1069,F43,GOOD,21724,44006,7,49.3659955460619,373,20.72222222222222,378.0,98.67724867724868,33,373,373,377,98.93899204244032,98.93899204244032,7500.0,52500.0,1029
1070,F13,GOOD,19578,29111,8,67.25292844629178,518,20.72,525.0,98.66666666666669,33,522,517,524,99.61832061068702,98.66412213740458,5000.0,40000.0,533
1071,F43,GOOD,21275,48917,8,43.492037532964,373,20.72222222222222,378.0,98.67724867724868,33,373,373,377,98.93899204244032,98.93899204244032,7500.0,60000.0,1176
1072,F13,GOOD,20348,30718,9,66.24129175076501,518,20.72,525.0,98.66666666666669,33,522,519,524,99.61832061068702,99.04580152671755,5000.0,45000.0,600
1073,F43,GOOD,20677,51618,9,40.05773179898485,373,20.72222222222222,378.0,98.67724867724868,33,373,373,377,98.93899204244032,98.93899204244032,7500.0,67500.0,1324
1074,F13,GOOD,21276,32878,10,64.71196544801995,518,20.72,525.0,98.66666666666669,33,522,519,524,99.61832061068702,99.04580152671755,5000.0,50000.0,667
1075,F43,GOOD,19854,54341,10,36.53594891518375,373,20.72222222222222,378.0,98.67724867724868,33,374,373,377,99.20424403183024,98.93899204244032,7500.0,75000.0,1471
1076,F13,GOOD,23690,38833,11,61.00481549197847,518,20.72,525.0,98.66666666666669,33,523,521,524,99.80916030534353,99.42748091603052,5000.0,55000.0,733
1077,F43,GOOD,19294,55885,11,34.524469893531354,373,20.72222222222222,378.0,98.67724867724868,33,374,373,377,99.20424403183024,98.93899204244032,7500.0,82500.0,1618
1078,F13,GOOD,23690,38833,12,61.00481549197847,518,20.72,525.0,98.66666666666669,33,523,521,524,99.80916030534353,99.42748091603052,5000.0,60000.0,800
1079,F43,GOOD,18799,57038,12,32.95872926820716,373,20.72222222222222,378.0,98.67724867724868,33,374,373,377,99.20424403183024,98.93899204244032,7500.0,90000.0,1765
1080,F13,GOOD,24494,41133,13,59.54829455668198,518,20.72,525.0,98.66666666666669,33,523,521,524,99.80916030534353,99.42748091603052,5000.0,65000.0,867
1081,F43,GOOD,18661,57274,13,32.58197436882355,373,20.72222222222222,378.0,98.67724867724868,33,374,373,377,99.20424403183024,98.93899204244032,7500.0,97500.0,1912
1082,F13,GOOD,24828,42402,14,58.5538417999151,518,20.72,525.0,98.66666666666669,33,524,522,524,100.0,99.61832061068702,5000.0,70000.0,933
1083,F43,GOOD,17718,59180,14,29.9391686380534,373,20.72222222222222,378.0,98.67724867724868,33,374,373,377,99.20424403183024,98.93899204244032,7500.0,105000.0,2059
1084,F13,GOOD,25177,43521,15,57.85023322074401,518,20.72,525.0,98.66666666666669,33,524,522,524,100.0,99.61832061068702,5000.0,75000.0,1000
1085,F43,GOOD,16733,60786,15,27.52772019872997,373,20.72222222222222,378.0,98.67724867724868,33,374,373,377,99.20424403183024,98.93899204244032,7500.0,112500.0,2206
1086,F13,GOOD,25521,45010,16,56.70073317040658,518,20.72,525.0,98.66666666666669,33,524,522,524,100.0,99.61832061068702,5000.0,80000.0,1067
1087,F43,GOOD,15924,61828,16,25.75532121368959,373,20.72222222222222,378.0,98.67724867724868,33,375,373,377,99.46949602122017,98.93899204244032,7500.0,120000.0,2353
1088,F13,GOOD,3378,4183,1,80.75543868037293,507,20.28,525.0,96.57142857142856,34,354,159,510,69.41176470588235,31.176470588235293,5000.0,5000.0,67
1089,F43,GOOD,13185,17157,1,76.84909949291834,373,20.72222222222222,378.0,98.67724867724868,34,373,369,374,99.73262032085562,98.66310160427808,7500.0,7500.0,147
1090,F13,GOOD,5030,6307,2,79.75265577929285,514,20.56,525.0,97.90476190476193,34,447,281,518,86.2934362934363,54.24710424710425,5000.0,10000.0,133
1091,F43,GOOD,18048,26517,2,68.06199796357055,373,20.72222222222222,378.0,98.67724867724868,34,373,372,374,99.73262032085562,99.46524064171123,7500.0,15000.0,294
1092,F13,GOOD,6329,8164,3,77.52327290543852,517,20.68,525.0,98.47619047619048,34,489,364,522,93.67816091954025,69.73180076628353,5000.0,15000.0,200
1093,F43,GOOD,20488,33945,3,60.35645897775815,373,20.72222222222222,378.0,98.67724867724868,34,373,373,376,99.20212765957449,99.20212765957449,7500.0,22500.0,441
1094,F13,GOOD,9000,11879,4,75.76395319471337,518,20.72,525.0,98.66666666666669,34,512,462,523,97.89674952198853,88.33652007648183,5000.0,20000.0,267
1095,F43,GOOD,21290,38673,4,55.05132779975693,373,20.72222222222222,378.0,98.67724867724868,34,373,373,376,99.20212765957449,99.20212765957449,7500.0,30000.0,588
1096,F13,GOOD,14096,19603,5,71.90736111819619,518,20.72,525.0,98.66666666666669,34,521,510,524,99.42748091603052,97.32824427480917,5000.0,25000.0,333
1097,F43,GOOD,21529,42454,5,50.71135817590804,373,20.72222222222222,378.0,98.67724867724868,34,373,373,377,98.93899204244032,98.93899204244032,7500.0,37500.0,735
1098,F13,GOOD,18093,26651,6,67.88863457281153,518,20.72,525.0,98.66666666666669,34,521,517,524,99.42748091603052,98.66412213740458,5000.0,30000.0,400
1099,F43,GOOD,21551,45047,6,47.84114369436367,373,20.72222222222222,378.0,98.67724867724868,34,373,373,377,98.93899204244032,98.93899204244032,7500.0,45000.0,882
1100,F13,GOOD,18094,26654,7,67.88474525399565,518,20.72,525.0,98.66666666666669,34,521,517,524,99.42748091603052,98.66412213740458,5000.0,35000.0,467
1101,F43,GOOD,21378,49005,7,43.62411998775635,373,20.72222222222222,378.0,98.67724867724868,34,374,373,377,99.20424403183024,98.93899204244032,7500.0,52500.0,1029
1102,F13,GOOD,21230,33239,8,63.870754234483584,518,20.72,525.0,98.66666666666669,34,523,520,524,99.80916030534353,99.23664122137404,5000.0,40000.0,533
1103,F43,GOOD,21027,50977,8,41.24801381014967,373,20.72222222222222,378.0,98.67724867724868,34,374,373,377,99.20424403183024,98.93899204244032,7500.0,60000.0,1176
1104,F13,GOOD,22366,35882,9,62.33208851234602,518,20.72,525.0,98.66666666666669,34,523,520,524,99.80916030534353,99.23664122137404,5000.0,45000.0,600
1105,F43,GOOD,20428,52796,9,38.69232517614971,373,20.72222222222222,378.0,98.67724867724868,34,374,373,377,99.20424403183024,98.93899204244032,7500.0,67500.0,1324
1106,F13,GOOD,23368,38329,10,60.96689190952021,518,20.72,525.0,98.66666666666669,34,523,520,524,99.80916030534353,99.23664122137404,5000.0,50000.0,667
1107,F43,GOOD,20334,53140,10,38.26496048174633,373,20.72222222222222,378.0,98.67724867724868,34,374,373,377,99.20424403183024,98.93899204244032,7500.0,75000.0,1471
1108,F13,GOOD,24259,40584,11,59.77478809383008,518,20.72,525.0,98.66666666666669,34,523,522,524,99.80916030534353,99.61832061068702,5000.0,55000.0,733
1109,F43,GOOD,19771,55164,11,35.84040316148213,373,20.72222222222222,378.0,98.67724867724868,34,374,373,377,99.20424403183024,98.93899204244032,7500.0,82500.0,1618
1110,F13,GOOD,24737,42277,12,58.51172032074178,518,20.72,525.0,98.66666666666669,34,524,522,524,100.0,99.61832061068702,5000.0,60000.0,800
1111,F43,GOOD,18836,56938,12,33.081597527134775,373,20.72222222222222,378.0,98.67724867724868,34,375,373,377,99.46949602122017,98.93899204244032,7500.0,90000.0,1765
1112,F13,GOOD,24737,42277,13,58.51172032074178,518,20.72,525.0,98.66666666666669,34,524,522,524,100.0,99.61832061068702,5000.0,65000.0,867
1113,F43,GOOD,18354,57769,13,31.771365265107583,373,20.72222222222222,378.0,98.67724867724868,34,375,373,377,99.46949602122017,98.93899204244032,7500.0,97500.0,1912
1114,F13,GOOD,25221,43889,14,57.465424138166746,518,20.72,525.0,98.66666666666669,34,524,522,524,100.0,99.61832061068702,5000.0,70000.0,933
1115,F43,GOOD,17174,59985,14,28.63049095607235,373,20.72222222222222,378.0,98.67724867724868,34,375,373,377,99.46949602122017,98.93899204244032,7500.0,105000.0,2059
1116,F13,GOOD,25521,45010,15,56.70073317040658,518,20.72,525.0,98.66666666666669,34,524,522,524,100.0,99.61832061068702,5000.0,75000.0,1000
1117,F43,GOOD,16429,61162,15,26.86144991988489,373,20.72222222222222,378.0,98.67724867724868,34,375,373,377,99.46949602122017,98.93899204244032,7500.0,112500.0,2206
1118,F13,GOOD,25521,45010,16,56.70073317040658,518,20.72,525.0,98.66666666666669,34,524,522,524,100.0,99.61832061068702,5000.0,80000.0,1067
1119,F43,GOOD,15924,61828,16,25.75532121368959,373,20.72222222222222,378.0,98.67724867724868,34,375,373,377,99.46949602122017,98.93899204244032,7500.0,120000.0,2353
1120,F13,GOOD,1848,2246,1,82.27960819234195,482,19.28,525.0,91.8095238095238,35,180,39,486,37.03703703703704,8.024691358024691,5000.0,5000.0,67
1121,F43,GOOD,10906,13435,1,81.17603275027912,373,20.72222222222222,378.0,98.67724867724868,35,370,351,373,99.19571045576409,94.1018766756032,7500.0,7500.0,147
1122,F13,GOOD,1851,2251,2,82.23011994669037,482,19.28,525.0,91.8095238095238,35,180,39,486,37.03703703703704,8.024691358024691,5000.0,10000.0,133
1123,F43,GOOD,16960,23876,2,71.03367398224158,373,20.72222222222222,378.0,98.67724867724868,35,373,373,374,99.73262032085562,99.73262032085562,7500.0,15000.0,294
1124,F13,GOOD,1853,2253,3,82.24589436307146,482,19.28,525.0,91.8095238095238,35,180,39,486,37.03703703703704,8.024691358024691,5000.0,15000.0,200
1125,F43,GOOD,18480,27550,3,67.07803992740472,373,20.72222222222222,378.0,98.67724867724868,35,373,373,375,99.46666666666668,99.46666666666668,7500.0,22500.0,441
1126,F13,GOOD,5601,6961,4,80.46257721591725,517,20.68,525.0,98.47619047619048,35,467,310,519,89.98073217726397,59.73025048169557,5000.0,20000.0,267
1127,F43,GOOD,20042,32251,4,62.143809494279246,373,20.72222222222222,378.0,98.67724867724868,35,373,373,375,99.46666666666668,99.46666666666668,7500.0,30000.0,588
1128,F13,GOOD,11264,14857,5,75.81611361647708,518,20.72,525.0,98.66666666666669,35,517,494,524,98.66412213740458,94.27480916030534,5000.0,25000.0,333
1129,F43,GOOD,21099,37017,5,56.998135991571445,373,20.72222222222222,378.0,98.67724867724868,35,373,373,376,99.20212765957449,99.20212765957449,7500.0,37500.0,735
1130,F13,GOOD,13708,18469,6,74.22166874221668,518,20.72,525.0,98.66666666666669,35,517,511,524,98.66412213740458,97.51908396946564,5000.0,30000.0,400
1131,F43,GOOD,21723,42535,6,51.07088280239802,373,20.72222222222222,378.0,98.67724867724868,35,373,373,377,98.93899204244032,98.93899204244032,7500.0,45000.0,882
1132,F13,GOOD,13711,18473,7,74.22183727602447,518,20.72,525.0,98.66666666666669,35,517,511,524,98.66412213740458,97.51908396946564,5000.0,35000.0,467
1133,F43,GOOD,21651,44946,7,48.17113869977306,373,20.72222222222222,378.0,98.67724867724868,35,373,373,377,98.93899204244032,98.93899204244032,7500.0,52500.0,1029
1134,F13,GOOD,15810,21813,8,72.47971393205887,518,20.72,525.0,98.66666666666669,35,518,516,524,98.85496183206108,98.47328244274809,5000.0,40000.0,533
1135,F43,GOOD,21639,45432,8,47.62942419440042,373,20.72222222222222,378.0,98.67724867724868,35,373,373,377,98.93899204244032,98.93899204244032,7500.0,60000.0,1176
1136,F13,GOOD,17329,24694,9,70.1749412812829,518,20.72,525.0,98.66666666666669,35,520,517,524,99.23664122137404,98.66412213740458,5000.0,45000.0,600
1137,F43,GOOD,21283,48395,9,43.97768364500465,373,20.72222222222222,378.0,98.67724867724868,35,373,373,377,98.93899204244032,98.93899204244032,7500.0,67500.0,1324
1138,F13,GOOD,21537,33199,10,64.87243591674448,518,20.72,525.0,98.66666666666669,35,523,519,524,99.80916030534353,99.04580152671755,5000.0,50000.0,667
1139,F43,GOOD,20862,50680,10,41.16416732438832,373,20.72222222222222,378.0,98.67724867724868,35,373,373,377,98.93899204244032,98.93899204244032,7500.0,75000.0,1471
1140,F13,GOOD,22355,35170,11,63.56269547910151,518,20.72,525.0,98.66666666666669,35,523,519,524,99.80916030534353,99.04580152671755,5000.0,55000.0,733
1141,F43,GOOD,19894,54237,11,36.67975736121098,373,20.72222222222222,378.0,98.67724867724868,35,374,373,377,99.20424403183024,98.93899204244032,7500.0,82500.0,1618
1142,F13,GOOD,23054,37043,12,62.235780039413655,518,20.72,525.0,98.66666666666669,35,524,521,524,100.0,99.42748091603052,5000.0,60000.0,800
1143,F43,GOOD,19052,56013,12,34.013532572795604,373,20.72222222222222,378.0,98.67724867724868,35,375,373,377,99.46949602122017,98.93899204244032,7500.0,90000.0,1765
1144,F13,GOOD,24343,40847,13,59.59556393370382,518,20.72,525.0,98.66666666666669,35,524,521,524,100.0,99.42748091603052,5000.0,65000.0,867
1145,F43,GOOD,18511,57177,13,32.37490599366878,373,20.72222222222222,378.0,98.67724867724868,35,375,373,377,99.46949602122017,98.93899204244032,7500.0,97500.0,1912
1146,F13,GOOD,24736,42057,14,58.815417171933326,518,20.72,525.0,98.66666666666669,35,524,521,524,100.0,99.42748091603052,5000.0,70000.0,933
1147,F43,GOOD,17773,58680,14,30.288002726653037,373,20.72222222222222,378.0,98.67724867724868,35,375,373,377,99.46949602122017,98.93899204244032,7500.0,105000.0,2059
1148,F13,GOOD,25308,44059,15,57.44115844662838,518,20.72,525.0,98.66666666666669,35,524,522,524,100.0,99.61832061068702,5000.0,75000.0,1000
1149,F43,GOOD,16819,60394,15,27.848792926449644,373,20.72222222222222,378.0,98.67724867724868,35,375,373,377,99.46949602122017,98.93899204244032,7500.0,112500.0,2206
1150,F13,GOOD,25521,45010,16,56.70073317040658,518,20.72,525.0,98.66666666666669,35,524,522,524,100.0,99.61832061068702,5000.0,80000.0,1067
1151,F43,GOOD,15924,61828,16,25.75532121368959,373,20.72222222222222,378.0,98.67724867724868,35,375,373,377,99.46949602122017,98.93899204244032,7500.0,120000.0,2353
1152,F13,GOOD,7867,10082,1,78.03015274747074,518,20.72,525.0,98.66666666666669,36,501,440,523,95.79349904397706,84.13001912045888,5000.0,5000.0,67
1153,F43,GOOD,8230,9749,1,84.41891476048825,372,20.666666666666668,378.0,98.4126984126984,36,362,322,372,97.31182795698923,86.55913978494624,7500.0,7500.0,147
1154,F13,GOOD,7869,10086,2,78.01903628792385,518,20.72,525.0,98.66666666666669,36,501,440,523,95.79349904397706,84.13001912045888,5000.0,10000.0,133
1155,F43,GOOD,15611,21106,2,73.96474936037146,373,20.72222222222222,378.0,98.67724867724868,36,373,372,374,99.73262032085562,99.46524064171123,7500.0,15000.0,294
1156,F13,GOOD,10885,14275,3,76.25218914185639,518,20.72,525.0,98.66666666666669,36,516,490,524,98.47328244274809,93.51145038167938,5000.0,15000.0,200
1157,F43,GOOD,16324,22414,3,72.82948157401624,373,20.72222222222222,378.0,98.67724867724868,36,373,373,374,99.73262032085562,99.73262032085562,7500.0,22500.0,441
1158,F13,GOOD,12714,17193,4,73.94870005234688,518,20.72,525.0,98.66666666666669,36,519,507,524,99.04580152671755,96.7557251908397,5000.0,20000.0,267
1159,F43,GOOD,19655,31075,4,63.25020112630733,373,20.72222222222222,378.0,98.67724867724868,36,373,373,375,99.46666666666668,99.46666666666668,7500.0,30000.0,588
1160,F13,GOOD,14935,20635,5,72.37702931911801,518,20.72,525.0,98.66666666666669,36,520,513,524,99.23664122137404,97.90076335877863,5000.0,25000.0,333
1161,F43,GOOD,21321,37777,5,56.4391031580062,373,20.72222222222222,378.0,98.67724867724868,36,373,373,375,99.46666666666668,99.46666666666668,7500.0,37500.0,735
1162,F13,GOOD,18835,27865,6,67.5937556073928,518,20.72,525.0,98.66666666666669,36,523,518,524,99.80916030534353,98.85496183206108,5000.0,30000.0,400
1163,F43,GOOD,21724,41385,6,52.49244895493537,373,20.72222222222222,378.0,98.67724867724868,36,373,373,375,99.46666666666668,99.46666666666668,7500.0,45000.0,882
1164,F13,GOOD,19469,29137,7,66.81882142979717,518,20.72,525.0,98.66666666666669,36,523,518,524,99.80916030534353,98.85496183206108,5000.0,35000.0,467
1165,F43,GOOD,21702,45770,7,47.415337557351975,373,20.72222222222222,378.0,98.67724867724868,36,373,373,375,99.46666666666668,99.46666666666668,7500.0,52500.0,1029
1166,F13,GOOD,20576,31496,8,65.32893065786132,518,20.72,525.0,98.66666666666669,36,523,519,524,99.80916030534353,99.04580152671755,5000.0,40000.0,533
1167,F43,GOOD,21111,50402,8,41.88524264910123,373,20.72222222222222,378.0,98.67724867724868,36,374,373,375,99.73333333333332,99.46666666666668,7500.0,60000.0,1176
1168,F13,GOOD,21644,33967,9,63.72067006211911,518,20.72,525.0,98.66666666666669,36,523,520,524,99.80916030534353,99.23664122137404,5000.0,45000.0,600
1169,F43,GOOD,20387,53483,9,38.11865452573715,373,20.72222222222222,378.0,98.67724867724868,36,374,373,375,99.73333333333332,99.46666666666668,7500.0,67500.0,1324
1170,F13,GOOD,21644,33968,10,63.71879415920867,518,20.72,525.0,98.66666666666669,36,523,520,524,99.80916030534353,99.23664122137404,5000.0,50000.0,667
1171,F43,GOOD,20000,54583,10,36.64144513859627,373,20.72222222222222,378.0,98.67724867724868,36,374,373,376,99.46808510638296,99.20212765957449,7500.0,75000.0,1471
1172,F13,GOOD,22073,35139,11,62.81624405930732,518,20.72,525.0,98.66666666666669,36,524,521,524,100.0,99.42748091603052,5000.0,55000.0,733
1173,F43,GOOD,19014,56845,11,33.448852141789075,373,20.72222222222222,378.0,98.67724867724868,36,375,373,376,99.7340425531915,99.20212765957449,7500.0,82500.0,1618
1174,F13,GOOD,23017,37444,12,61.47046255741908,518,20.72,525.0,98.66666666666669,36,524,521,524,100.0,99.42748091603052,5000.0,60000.0,800
1175,F43,GOOD,18248,58222,12,31.342104359176943,373,20.72222222222222,378.0,98.67724867724868,36,375,373,376,99.7340425531915,99.20212765957449,7500.0,90000.0,1765
1176,F13,GOOD,23015,37444,13,61.46512124772995,518,20.72,525.0,98.66666666666669,36,524,521,524,100.0,99.42748091603052,5000.0,65000.0,867
1177,F43,GOOD,17581,59223,13,29.68610168346757,373,20.72222222222222,378.0,98.67724867724868,36,375,373,376,99.7340425531915,99.20212765957449,7500.0,97500.0,1912
1178,F13,GOOD,23465,38726,14,60.5923668852967,518,20.72,525.0,98.66666666666669,36,524,521,524,100.0,99.42748091603052,5000.0,70000.0,933
1179,F43,GOOD,16835,60474,14,27.83840989516156,373,20.72222222222222,378.0,98.67724867724868,36,375,373,376,99.7340425531915,99.20212765957449,7500.0,105000.0,2059
1180,F13,GOOD,24341,41152,15,59.149008553654745,518,20.72,525.0,98.66666666666669,36,524,521,524,100.0,99.42748091603052,5000.0,75000.0,1000
1181,F43,GOOD,16535,60943,15,27.13191014554584,373,20.72222222222222,378.0,98.67724867724868,36,375,373,376,99.7340425531915,99.20212765957449,7500.0,112500.0,2206
1182,F13,GOOD,25521,45010,16,56.70073317040658,518,20.72,525.0,98.66666666666669,36,524,522,524,100.0,99.61832061068702,5000.0,80000.0,1067
1183,F43,GOOD,15924,61828,16,25.75532121368959,373,20.72222222222222,378.0,98.67724867724868,36,375,373,377,99.46949602122017,98.93899204244032,7500.0,120000.0,2353
1184,F13,GOOD,3356,4167,1,80.53755699544037,510,20.4,525.0,97.14285714285714,37,364,168,512,71.09375,32.8125,5000.0,5000.0,67
1185,F43,GOOD,9474,11611,1,81.59503918697787,373,20.72222222222222,378.0,98.67724867724868,37,371,337,373,99.46380697050938,90.3485254691689,7500.0,7500.0,147
1186,F13,GOOD,9734,12740,2,76.40502354788069,518,20.72,525.0,98.66666666666669,37,515,477,524,98.2824427480916,91.03053435114504,5000.0,10000.0,133
1187,F43,GOOD,14789,19904,2,74.30164790996785,373,20.72222222222222,378.0,98.67724867724868,37,373,371,375,99.46666666666668,98.93333333333332,7500.0,15000.0,294
1188,F13,GOOD,9736,12744,3,76.39673571876962,518,20.72,525.0,98.66666666666669,37,515,477,524,98.2824427480916,91.03053435114504,5000.0,15000.0,200
1189,F43,GOOD,18912,28832,3,65.5937846836848,373,20.72222222222222,378.0,98.67724867724868,37,373,373,375,99.46666666666668,99.46666666666668,7500.0,22500.0,441
1190,F13,GOOD,10983,14608,4,75.18483023001096,518,20.72,525.0,98.66666666666669,37,518,492,524,98.85496183206108,93.89312977099236,5000.0,20000.0,267
1191,F43,GOOD,20762,35631,4,58.26948443770874,373,20.72222222222222,378.0,98.67724867724868,37,373,373,375,99.46666666666668,99.46666666666668,7500.0,30000.0,588
1192,F13,GOOD,10985,14610,5,75.18822724161534,518,20.72,525.0,98.66666666666669,37,518,492,524,98.85496183206108,93.89312977099236,5000.0,25000.0,333
1193,F43,GOOD,21139,38144,5,55.41893875838926,373,20.72222222222222,378.0,98.67724867724868,37,373,373,376,99.20212765957449,99.20212765957449,7500.0,37500.0,735
1194,F13,GOOD,12676,17269,6,73.40320806068678,518,20.72,525.0,98.66666666666669,37,522,506,524,99.61832061068702,96.5648854961832,5000.0,30000.0,400
1195,F43,GOOD,21349,43408,6,49.18217840029488,373,20.72222222222222,378.0,98.67724867724868,37,373,373,377,98.93899204244032,98.93899204244032,7500.0,45000.0,882
1196,F13,GOOD,12677,17273,7,73.39199907369883,518,20.72,525.0,98.66666666666669,37,522,506,524,99.61832061068702,96.5648854961832,5000.0,35000.0,467
1197,F43,GOOD,21133,45869,7,46.07251084610521,373,20.72222222222222,378.0,98.67724867724868,37,374,373,377,99.20424403183024,98.93899204244032,7500.0,52500.0,1029
1198,F13,GOOD,14823,20719,8,71.54302813842367,518,20.72,525.0,98.66666666666669,37,522,514,524,99.61832061068702,98.09160305343512,5000.0,40000.0,533
1199,F43,GOOD,21092,47086,8,44.79463110053944,373,20.72222222222222,378.0,98.67724867724868,37,374,373,377,99.20424403183024,98.93899204244032,7500.0,60000.0,1176
1200,F13,GOOD,16628,23836,9,69.76002685014264,518,20.72,525.0,98.66666666666669,37,522,516,524,99.61832061068702,98.47328244274809,5000.0,45000.0,600
1201,F43,GOOD,20392,51390,9,39.680871764934814,373,20.72222222222222,378.0,98.67724867724868,37,374,373,377,99.20424403183024,98.93899204244032,7500.0,67500.0,1324
1202,F13,GOOD,20989,32456,10,64.66909046093173,518,20.72,525.0,98.66666666666669,37,523,519,524,99.80916030534353,99.04580152671755,5000.0,50000.0,667
1203,F43,GOOD,19918,53207,10,37.43492397616855,373,20.72222222222222,378.0,98.67724867724868,37,374,373,377,99.20424403183024,98.93899204244032,7500.0,75000.0,1471
1204,F13,GOOD,22187,34978,11,63.43129967408085,518,20.72,525.0,98.66666666666669,37,523,520,524,99.80916030534353,99.23664122137404,5000.0,55000.0,733
1205,F43,GOOD,19342,55201,11,35.03922030398,373,20.72222222222222,378.0,98.67724867724868,37,374,373,377,99.20424403183024,98.93899204244032,7500.0,82500.0,1618
1206,F13,GOOD,23225,37478,12,61.96968888414537,518,20.72,525.0,98.66666666666669,37,524,520,524,100.0,99.23664122137404,5000.0,60000.0,800
1207,F43,GOOD,19221,55477,12,34.64679056185446,373,20.72222222222222,378.0,98.67724867724868,37,374,373,377,99.20424403183024,98.93899204244032,7500.0,90000.0,1765
1208,F13,GOOD,23878,39285,13,60.78146875397734,518,20.72,525.0,98.66666666666669,37,524,521,524,100.0,99.42748091603052,5000.0,65000.0,867
1209,F43,GOOD,18062,58092,13,31.092060868966463,373,20.72222222222222,378.0,98.67724867724868,37,375,373,377,99.46949602122017,98.93899204244032,7500.0,97500.0,1912
1210,F13,GOOD,24981,42910,14,58.21719878816127,518,20.72,525.0,98.66666666666669,37,524,522,524,100.0,99.61832061068702,5000.0,70000.0,933
1211,F43,GOOD,17536,59091,14,29.676262036519947,373,20.72222222222222,378.0,98.67724867724868,37,375,373,377,99.46949602122017,98.93899204244032,7500.0,105000.0,2059
1212,F13,GOOD,25308,44059,15,57.44115844662838,518,20.72,525.0,98.66666666666669,37,524,522,524,100.0,99.61832061068702,5000.0,75000.0,1000
1213,F43,GOOD,16819,60394,15,27.848792926449644,373,20.72222222222222,378.0,98.67724867724868,37,375,373,377,99.46949602122017,98.93899204244032,7500.0,112500.0,2206
1214,F13,GOOD,25521,45010,16,56.70073317040658,518,20.72,525.0,98.66666666666669,37,524,522,524,100.0,99.61832061068702,5000.0,80000.0,1067
1215,F43,GOOD,15924,61828,16,25.75532121368959,373,20.72222222222222,378.0,98.67724867724868,37,375,373,377,99.46949602122017,98.93899204244032,7500.0,120000.0,2353
1216,F13,GOOD,2459,3027,1,81.23554674595309,501,20.04,525.0,95.42857142857144,38,278,102,505,55.049504950495056,20.1980198019802,5000.0,5000.0,67
1217,F43,GOOD,9453,11602,1,81.47733149456991,373,20.72222222222222,378.0,98.67724867724868,38,371,344,373,99.46380697050938,92.22520107238606,7500.0,7500.0,147
1218,F13,GOOD,9774,12759,2,76.60474958852575,518,20.72,525.0,98.66666666666669,38,513,478,524,97.90076335877863,91.22137404580153,5000.0,10000.0,133
1219,F43,GOOD,14427,19267,2,74.87932734727772,373,20.72222222222222,378.0,98.67724867724868,38,373,371,373,100.0,99.46380697050938,7500.0,15000.0,294
1220,F13,GOOD,11090,14651,3,75.69449184356016,518,20.72,525.0,98.66666666666669,38,516,494,524,98.47328244274809,94.27480916030534,5000.0,15000.0,200
1221,F43,GOOD,18766,28219,3,66.50129345476452,373,20.72222222222222,378.0,98.67724867724868,38,373,373,373,100.0,100.0,7500.0,22500.0,441
1222,F13,GOOD,12957,17590,4,73.66117111995452,518,20.72,525.0,98.66666666666669,38,519,507,524,99.04580152671755,96.7557251908397,5000.0,20000.0,267
1223,F43,GOOD,20489,34127,4,60.03750695929909,373,20.72222222222222,378.0,98.67724867724868,38,373,373,373,100.0,100.0,7500.0,30000.0,588
1224,F13,GOOD,14899,20817,5,71.5713119085363,518,20.72,525.0,98.66666666666669,38,520,512,524,99.23664122137404,97.70992366412212,5000.0,25000.0,333
1225,F43,GOOD,21636,41294,5,52.39502106843609,373,20.72222222222222,378.0,98.67724867724868,38,373,373,374,99.73262032085562,99.73262032085562,7500.0,37500.0,735
1226,F13,GOOD,17031,24420,6,69.74201474201475,518,20.72,525.0,98.66666666666669,38,522,515,524,99.61832061068702,98.2824427480916,5000.0,30000.0,400
1227,F43,GOOD,21673,44296,6,48.92766841249775,373,20.72222222222222,378.0,98.67724867724868,38,373,373,375,99.46666666666668,99.46666666666668,7500.0,45000.0,882
1228,F13,GOOD,18572,27266,7,68.11413481992224,518,20.72,525.0,98.66666666666669,38,522,517,524,99.61832061068702,98.66412213740458,5000.0,35000.0,467
1229,F43,GOOD,21483,47502,7,45.22546419098144,373,20.72222222222222,378.0,98.67724867724868,38,373,373,376,99.20212765957449,99.20212765957449,7500.0,52500.0,1029
1230,F13,GOOD,21621,33795,8,63.976919662672,518,20.72,525.0,98.66666666666669,38,522,521,524,99.61832061068702,99.42748091603052,5000.0,40000.0,533
1231,F43,GOOD,21179,49572,8,42.72371500040346,373,20.72222222222222,378.0,98.67724867724868,38,373,373,376,99.20212765957449,99.20212765957449,7500.0,60000.0,1176
1232,F13,GOOD,21621,33795,9,63.976919662672,518,20.72,525.0,98.66666666666669,38,522,521,524,99.61832061068702,99.42748091603052,5000.0,45000.0,600
1233,F43,GOOD,20632,52531,9,39.27585616112391,373,20.72222222222222,378.0,98.67724867724868,38,373,373,376,99.20212765957449,99.20212765957449,7500.0,67500.0,1324
1234,F13,GOOD,23544,38516,10,61.127842974348326,518,20.72,525.0,98.66666666666669,38,523,522,524,99.80916030534353,99.61832061068702,5000.0,50000.0,667
1235,F43,GOOD,20091,54304,10,36.99727460223925,373,20.72222222222222,378.0,98.67724867724868,38,373,373,377,98.93899204244032,98.93899204244032,7500.0,75000.0,1471
1236,F13,GOOD,23544,38516,11,61.127842974348326,518,20.72,525.0,98.66666666666669,38,523,522,524,99.80916030534353,99.61832061068702,5000.0,55000.0,733
1237,F43,GOOD,19623,55321,11,35.47115923428716,373,20.72222222222222,378.0,98.67724867724868,38,373,373,377,98.93899204244032,98.93899204244032,7500.0,82500.0,1618
1238,F13,GOOD,24405,40840,12,59.75759059745348,518,20.72,525.0,98.66666666666669,38,523,522,524,99.80916030534353,99.61832061068702,5000.0,60000.0,800
1239,F43,GOOD,19496,55601,12,35.06411755184259,373,20.72222222222222,378.0,98.67724867724868,38,373,373,377,98.93899204244032,98.93899204244032,7500.0,90000.0,1765
1240,F13,GOOD,24826,42426,13,58.51600433696318,518,20.72,525.0,98.66666666666669,38,524,522,524,100.0,99.61832061068702,5000.0,65000.0,867
1241,F43,GOOD,18581,57317,13,32.41795627824205,373,20.72222222222222,378.0,98.67724867724868,38,374,373,377,99.20424403183024,98.93899204244032,7500.0,97500.0,1912
1242,F13,GOOD,25088,43442,14,57.75056397035128,518,20.72,525.0,98.66666666666669,38,524,522,524,100.0,99.61832061068702,5000.0,70000.0,933
1243,F43,GOOD,17597,59179,14,29.73521012521333,373,20.72222222222222,378.0,98.67724867724868,38,375,373,377,99.46949602122017,98.93899204244032,7500.0,105000.0,2059
1244,F13,GOOD,25521,45010,15,56.70073317040658,518,20.72,525.0,98.66666666666669,38,524,522,524,100.0,99.61832061068702,5000.0,75000.0,1000
1245,F43,GOOD,16429,61162,15,26.86144991988489,373,20.72222222222222,378.0,98.67724867724868,38,375,373,377,99.46949602122017,98.93899204244032,7500.0,112500.0,2206
1246,F13,GOOD,25521,45010,16,56.70073317040658,518,20.72,525.0,98.66666666666669,38,524,522,524,100.0,99.61832061068702,5000.0,80000.0,1067
1247,F43,GOOD,15924,61828,16,25.75532121368959,373,20.72222222222222,378.0,98.67724867724868,38,375,373,377,99.46949602122017,98.93899204244032,7500.0,120000.0,2353
1248,F13,GOOD,7867,10082,1,78.03015274747074,518,20.72,525.0,98.66666666666669,39,501,440,523,95.79349904397706,84.13001912045888,5000.0,5000.0,67
1249,F43,GOOD,8230,9749,1,84.41891476048825,372,20.666666666666668,378.0,98.4126984126984,39,362,322,372,97.31182795698923,86.55913978494624,7500.0,7500.0,147
1250,F13,GOOD,7870,10087,2,78.02121542579557,518,20.72,525.0,98.66666666666669,39,501,440,523,95.79349904397706,84.13001912045888,5000.0,10000.0,133
1251,F43,GOOD,14125,18666,2,75.6723454409086,373,20.72222222222222,378.0,98.67724867724868,39,373,370,374,99.73262032085562,98.93048128342244,7500.0,15000.0,294
1252,F13,GOOD,7872,10091,3,78.01010801704489,518,20.72,525.0,98.66666666666669,39,501,440,523,95.79349904397706,84.13001912045888,5000.0,15000.0,200
1253,F43,GOOD,18485,27612,3,66.94553092858177,373,20.72222222222222,378.0,98.67724867724868,39,373,373,374,99.73262032085562,99.73262032085562,7500.0,22500.0,441
1254,F13,GOOD,12885,17348,4,74.27369149181462,518,20.72,525.0,98.66666666666669,39,517,504,524,98.66412213740458,96.18320610687024,5000.0,20000.0,267
1255,F43,GOOD,20106,32521,4,61.82466713815688,373,20.72222222222222,378.0,98.67724867724868,39,373,373,375,99.46666666666668,99.46666666666668,7500.0,30000.0,588
1256,F13,GOOD,14549,20122,5,72.30394592982805,518,20.72,525.0,98.66666666666669,39,519,510,524,99.04580152671755,97.32824427480917,5000.0,25000.0,333
1257,F43,GOOD,21447,38857,5,55.194688215765495,373,20.72222222222222,378.0,98.67724867724868,39,374,373,377,99.20424403183024,98.93899204244032,7500.0,37500.0,735
1258,F13,GOOD,15548,21796,6,71.33418975958892,518,20.72,525.0,98.66666666666669,39,519,512,524,99.04580152671755,97.70992366412212,5000.0,30000.0,400
1259,F43,GOOD,21679,43714,6,49.592807796129385,373,20.72222222222222,378.0,98.67724867724868,39,374,373,377,99.20424403183024,98.93899204244032,7500.0,45000.0,882
1260,F13,GOOD,16843,24042,7,70.0565676732385,518,20.72,525.0,98.66666666666669,39,520,514,524,99.23664122137404,98.09160305343512,5000.0,35000.0,467
1261,F43,GOOD,21515,46959,7,45.8165633850806,373,20.72222222222222,378.0,98.67724867724868,39,374,373,377,99.20424403183024,98.93899204244032,7500.0,52500.0,1029
1262,F13,GOOD,18554,27087,8,68.49780337431241,518,20.72,525.0,98.66666666666669,39,521,518,524,99.42748091603052,98.85496183206108,5000.0,40000.0,533
1263,F43,GOOD,21495,47436,8,45.3136858082469,373,20.72222222222222,378.0,98.67724867724868,39,374,373,377,99.20424403183024,98.93899204244032,7500.0,60000.0,1176
1264,F13,GOOD,19518,29174,9,66.90203605950504,518,20.72,525.0,98.66666666666669,39,524,519,524,100.0,99.04580152671755,5000.0,45000.0,600
1265,F43,GOOD,20737,50430,9,41.120364862185205,373,20.72222222222222,378.0,98.67724867724868,39,374,373,377,99.20424403183024,98.93899204244032,7500.0,67500.0,1324
1266,F13,GOOD,20261,30880,10,65.61204663212436,518,20.72,525.0,98.66666666666669,39,524,519,524,100.0,99.04580152671755,5000.0,50000.0,667
1267,F43,GOOD,19865,54140,10,36.69190986331732,373,20.72222222222222,378.0,98.67724867724868,39,374,373,377,99.20424403183024,98.93899204244032,7500.0,75000.0,1471
1268,F13,GOOD,21212,33095,11,64.09427405952562,518,20.72,525.0,98.66666666666669,39,524,519,524,100.0,99.04580152671755,5000.0,55000.0,733
1269,F43,GOOD,19149,55974,11,34.21052631578947,373,20.72222222222222,378.0,98.67724867724868,39,374,373,377,99.20424403183024,98.93899204244032,7500.0,82500.0,1618
1270,F13,GOOD,22118,35247,12,62.75143983885153,518,20.72,525.0,98.66666666666669,39,524,519,524,100.0,99.04580152671755,5000.0,60000.0,800
1271,F43,GOOD,17968,58486,12,30.721882159833125,373,20.72222222222222,378.0,98.67724867724868,39,374,373,377,99.20424403183024,98.93899204244032,7500.0,90000.0,1765
1272,F13,GOOD,23070,37584,13,61.38250319284803,518,20.72,525.0,98.66666666666669,39,524,520,524,100.0,99.23664122137404,5000.0,65000.0,867
1273,F43,GOOD,17198,59877,13,28.722213871770464,373,20.72222222222222,378.0,98.67724867724868,39,375,373,377,99.46949602122017,98.93899204244032,7500.0,97500.0,1912
1274,F13,GOOD,24908,43001,14,57.92423432013209,518,20.72,525.0,98.66666666666669,39,524,522,524,100.0,99.61832061068702,5000.0,70000.0,933
1275,F43,GOOD,16659,60800,14,27.39967105263158,373,20.72222222222222,378.0,98.67724867724868,39,375,373,377,99.46949602122017,98.93899204244032,7500.0,105000.0,2059
1276,F13,GOOD,24908,43002,15,57.922887307567095,518,20.72,525.0,98.66666666666669,39,524,522,524,100.0,99.61832061068702,5000.0,75000.0,1000
1277,F43,GOOD,16215,61397,15,26.410085183315147,373,20.72222222222222,378.0,98.67724867724868,39,375,373,377,99.46949602122017,98.93899204244032,7500.0,112500.0,2206
1278,F13,GOOD,25521,45010,16,56.70073317040658,518,20.72,525.0,98.66666666666669,39,524,522,524,100.0,99.61832061068702,5000.0,80000.0,1067
1279,F43,GOOD,15924,61828,16,25.75532121368959,373,20.72222222222222,378.0,98.67724867724868,39,375,373,377,99.46949602122017,98.93899204244032,7500.0,120000.0,2353
1280,F13,GOOD,2984,3670,1,81.30790190735695,506,20.24,525.0,96.38095238095238,40,333,139,508,65.5511811023622,27.36220472440945,5000.0,5000.0,67
1281,F43,GOOD,12757,16466,1,77.47479655046763,373,20.72222222222222,378.0,98.67724867724868,40,373,365,375,99.46666666666668,97.33333333333334,7500.0,7500.0,147
1282,F13,GOOD,6071,7660,2,79.25587467362925,517,20.68,525.0,98.47619047619048,40,487,339,521,93.47408829174664,65.06717850287907,5000.0,10000.0,133
1283,F43,GOOD,18737,28637,2,65.42933966546775,373,20.72222222222222,378.0,98.67724867724868,40,373,373,375,99.46666666666668,99.46666666666668,7500.0,15000.0,294
1284,F13,GOOD,9041,11701,3,77.26690026493462,518,20.72,525.0,98.66666666666669,40,511,445,523,97.7055449330784,85.08604206500956,5000.0,15000.0,200
1285,F43,GOOD,20359,33293,3,61.15099270116842,373,20.72222222222222,378.0,98.67724867724868,40,373,373,376,99.20212765957449,99.20212765957449,7500.0,22500.0,441
1286,F13,GOOD,9043,11704,4,77.26418318523581,518,20.72,525.0,98.66666666666669,40,511,445,523,97.7055449330784,85.08604206500956,5000.0,20000.0,267
1287,F43,GOOD,21091,36904,4,57.15098634294385,373,20.72222222222222,378.0,98.67724867724868,40,373,373,376,99.20212765957449,99.20212765957449,7500.0,30000.0,588
1288,F13,GOOD,10773,14257,5,75.56288139159712,518,20.72,525.0,98.66666666666669,40,515,480,524,98.2824427480916,91.6030534351145,5000.0,25000.0,333
1289,F43,GOOD,21600,41465,5,52.09212588930423,373,20.72222222222222,378.0,98.67724867724868,40,373,373,376,99.20212765957449,99.20212765957449,7500.0,37500.0,735
1290,F13,GOOD,16949,24266,6,69.84669908513969,518,20.72,525.0,98.66666666666669,40,520,517,524,99.23664122137404,98.66412213740458,5000.0,30000.0,400
1291,F43,GOOD,21663,44600,6,48.57174887892376,373,20.72222222222222,378.0,98.67724867724868,40,373,373,376,99.20212765957449,99.20212765957449,7500.0,45000.0,882
1292,F13,GOOD,16949,24266,7,69.84669908513969,518,20.72,525.0,98.66666666666669,40,520,517,524,99.23664122137404,98.66412213740458,5000.0,35000.0,467
1293,F43,GOOD,21390,47828,7,44.72275654428368,373,20.72222222222222,378.0,98.67724867724868,40,373,373,376,99.20212765957449,99.20212765957449,7500.0,52500.0,1029
1294,F13,GOOD,18640,27253,8,68.39613987450923,518,20.72,525.0,98.66666666666669,40,521,518,524,99.42748091603052,98.85496183206108,5000.0,40000.0,533
1295,F43,GOOD,20966,50651,8,41.39306232848315,373,20.72222222222222,378.0,98.67724867724868,40,373,373,376,99.20212765957449,99.20212765957449,7500.0,60000.0,1176
1296,F13,GOOD,21536,33129,9,65.0064897823659,518,20.72,525.0,98.66666666666669,40,523,521,524,99.80916030534353,99.42748091603052,5000.0,45000.0,600
1297,F43,GOOD,20390,52852,9,38.579429349882695,373,20.72222222222222,378.0,98.67724867724868,40,374,373,377,99.20424403183024,98.93899204244032,7500.0,67500.0,1324
1298,F13,GOOD,21961,34309,10,64.00944358623101,518,20.72,525.0,98.66666666666669,40,523,521,524,99.80916030534353,99.42748091603052,5000.0,50000.0,667
1299,F43,GOOD,19490,55341,10,35.21801196219801,373,20.72222222222222,378.0,98.67724867724868,40,374,373,377,99.20424403183024,98.93899204244032,7500.0,75000.0,1471
1300,F13,GOOD,23469,38312,11,61.25756942994363,518,20.72,525.0,98.66666666666669,40,524,521,524,100.0,99.42748091603052,5000.0,55000.0,733
1301,F43,GOOD,19021,56593,11,33.610163801176824,373,20.72222222222222,378.0,98.67724867724868,40,374,373,377,99.20424403183024,98.93899204244032,7500.0,82500.0,1618
1302,F13,GOOD,24054,40153,12,59.90586008517421,518,20.72,525.0,98.66666666666669,40,524,521,524,100.0,99.42748091603052,5000.0,60000.0,800
1303,F43,GOOD,18210,58133,12,31.324720898629003,373,20.72222222222222,378.0,98.67724867724868,40,375,373,377,99.46949602122017,98.93899204244032,7500.0,90000.0,1765
1304,F13,GOOD,24796,42393,13,58.49078857358526,518,20.72,525.0,98.66666666666669,40,524,521,524,100.0,99.42748091603052,5000.0,65000.0,867
1305,F43,GOOD,18086,58367,13,30.98668768310861,373,20.72222222222222,378.0,98.67724867724868,40,375,373,377,99.46949602122017,98.93899204244032,7500.0,97500.0,1912
1306,F13,GOOD,25261,44089,14,57.29547052552791,518,20.72,525.0,98.66666666666669,40,524,522,524,100.0,99.61832061068702,5000.0,70000.0,933
1307,F43,GOOD,17351,59555,14,29.13441356729074,373,20.72222222222222,378.0,98.67724867724868,40,375,373,377,99.46949602122017,98.93899204244032,7500.0,105000.0,2059
1308,F13,GOOD,25261,44089,15,57.29547052552791,518,20.72,525.0,98.66666666666669,40,524,522,524,100.0,99.61832061068702,5000.0,75000.0,1000
1309,F43,GOOD,16897,60430,15,27.961277511169943,373,20.72222222222222,378.0,98.67724867724868,40,375,373,377,99.46949602122017,98.93899204244032,7500.0,112500.0,2206
1310,F13,GOOD,25521,45010,16,56.70073317040658,518,20.72,525.0,98.66666666666669,40,524,522,524,100.0,99.61832061068702,5000.0,80000.0,1067
1311,F43,GOOD,15924,61828,16,25.75532121368959,373,20.72222222222222,378.0,98.67724867724868,40,375,373,377,99.46949602122017,98.93899204244032,7500.0,120000.0,2353
1312,F13,GOOD,2,2,1,100.0,2,1.0,525.0,0.3809523809523809,41,0,0,2,0.0,0.0,5000.0,5000.0,67
1313,F43,GOOD,9430,11314,1,83.34806434505921,373,20.72222222222222,378.0,98.67724867724868,41,367,337,374,98.1283422459893,90.10695187165776,7500.0,7500.0,147
1314,F13,GOOD,3380,4185,2,80.76463560334528,507,20.28,525.0,96.57142857142856,41,354,159,510,69.41176470588235,31.176470588235293,5000.0,10000.0,133
1315,F43,GOOD,17466,25058,2,69.7022906856094,373,20.72222222222222,378.0,98.67724867724868,41,373,373,375,99.46666666666668,99.46666666666668,7500.0,15000.0,294
1316,F13,GOOD,5032,6309,3,79.75907433824695,514,20.56,525.0,97.90476190476193,41,447,281,518,86.2934362934363,54.24710424710425,5000.0,15000.0,200
1317,F43,GOOD,20254,32710,3,61.91990217059004,373,20.72222222222222,378.0,98.67724867724868,41,373,373,375,99.46666666666668,99.46666666666668,7500.0,22500.0,441
1318,F13,GOOD,6331,8166,4,77.52877785941709,517,20.68,525.0,98.47619047619048,41,489,365,522,93.67816091954025,69.92337164750958,5000.0,20000.0,267
1319,F43,GOOD,21383,38830,4,55.06824620139068,373,20.72222222222222,378.0,98.67724867724868,41,373,373,376,99.20212765957449,99.20212765957449,7500.0,30000.0,588
1320,F13,GOOD,12563,17185,5,73.10445155659005,518,20.72,525.0,98.66666666666669,41,518,504,524,98.85496183206108,96.18320610687024,5000.0,25000.0,333
1321,F43,GOOD,21708,42293,5,51.327642872342935,373,20.72222222222222,378.0,98.67724867724868,41,373,373,376,99.20212765957449,99.20212765957449,7500.0,37500.0,735
1322,F13,GOOD,17046,24836,6,68.63424061845707,518,20.72,525.0,98.66666666666669,41,523,517,524,99.80916030534353,98.66412213740458,5000.0,30000.0,400
1323,F43,GOOD,21707,45121,6,48.10841958289932,373,20.72222222222222,378.0,98.67724867724868,41,373,373,376,99.20212765957449,99.20212765957449,7500.0,45000.0,882
1324,F13,GOOD,18237,26983,7,67.5869992217322,518,20.72,525.0,98.66666666666669,41,523,518,524,99.80916030534353,98.85496183206108,5000.0,35000.0,467
1325,F43,GOOD,21444,48399,7,44.30670055166429,373,20.72222222222222,378.0,98.67724867724868,41,373,373,376,99.20212765957449,99.20212765957449,7500.0,52500.0,1029
1326,F13,GOOD,19723,29801,8,66.18234287440019,518,20.72,525.0,98.66666666666669,41,523,520,524,99.80916030534353,99.23664122137404,5000.0,40000.0,533
1327,F43,GOOD,20969,51153,8,40.99270815005963,373,20.72222222222222,378.0,98.67724867724868,41,373,373,376,99.20212765957449,99.20212765957449,7500.0,60000.0,1176
1328,F13,GOOD,21288,32954,9,64.59913819263215,518,20.72,525.0,98.66666666666669,41,523,521,524,99.80916030534353,99.42748091603052,5000.0,45000.0,600
1329,F43,GOOD,20354,52956,9,38.43568245335751,373,20.72222222222222,378.0,98.67724867724868,41,373,373,376,99.20212765957449,99.20212765957449,7500.0,67500.0,1324
1330,F13,GOOD,21288,32954,10,64.59913819263215,518,20.72,525.0,98.66666666666669,41,523,521,524,99.80916030534353,99.42748091603052,5000.0,50000.0,667
1331,F43,GOOD,19927,54441,10,36.60292794033908,373,20.72222222222222,378.0,98.67724867724868,41,373,373,376,99.20212765957449,99.20212765957449,7500.0,75000.0,1471
1332,F13,GOOD,21978,34802,11,63.15154301476926,518,20.72,525.0,98.66666666666669,41,524,521,524,100.0,99.42748091603052,5000.0,55000.0,733
1333,F43,GOOD,19105,56309,11,33.92885684348861,373,20.72222222222222,378.0,98.67724867724868,41,374,373,376,99.46808510638296,99.20212765957449,7500.0,82500.0,1618
1334,F13,GOOD,22737,36679,12,61.98914910439216,518,20.72,525.0,98.66666666666669,41,524,521,524,100.0,99.42748091603052,5000.0,60000.0,800
1335,F43,GOOD,17908,58795,12,30.458372310570624,373,20.72222222222222,378.0,98.67724867724868,41,375,373,376,99.7340425531915,99.20212765957449,7500.0,90000.0,1765
1336,F13,GOOD,22737,36679,13,61.98914910439216,518,20.72,525.0,98.66666666666669,41,524,521,524,100.0,99.42748091603052,5000.0,65000.0,867
1337,F43,GOOD,17382,59633,13,29.148290376134018,373,20.72222222222222,378.0,98.67724867724868,41,375,373,376,99.7340425531915,99.20212765957449,7500.0,97500.0,1912
1338,F13,GOOD,23408,38578,14,60.67706983254705,518,20.72,525.0,98.66666666666669,41,524,521,524,100.0,99.42748091603052,5000.0,70000.0,933
1339,F43,GOOD,16680,60722,14,27.46945094035111,373,20.72222222222222,378.0,98.67724867724868,41,375,373,376,99.7340425531915,99.20212765957449,7500.0,105000.0,2059
1340,F13,GOOD,24898,42897,15,58.04135487330117,518,20.72,525.0,98.66666666666669,41,524,522,524,100.0,99.61832061068702,5000.0,75000.0,1000
1341,F43,GOOD,16064,61667,15,26.04958892114097,373,20.72222222222222,378.0,98.67724867724868,41,375,373,377,99.46949602122017,98.93899204244032,7500.0,112500.0,2206
1342,F13,GOOD,25521,45010,16,56.70073317040658,518,20.72,525.0,98.66666666666669,41,524,522,524,100.0,99.61832061068702,5000.0,80000.0,1067
1343,F43,GOOD,15924,61828,16,25.75532121368959,373,20.72222222222222,378.0,98.67724867724868,41,375,373,377,99.46949602122017,98.93899204244032,7500.0,120000.0,2353
1344,F13,GOOD,1848,2246,1,82.27960819234195,482,19.28,525.0,91.8095238095238,42,180,39,486,37.03703703703704,8.024691358024691,5000.0,5000.0,67
1345,F43,GOOD,10906,13435,1,81.17603275027912,373,20.72222222222222,378.0,98.67724867724868,42,370,351,373,99.19571045576409,94.1018766756032,7500.0,7500.0,147
1346,F13,GOOD,5595,6925,2,80.79422382671481,516,20.64,525.0,98.28571428571428,42,468,291,517,90.52224371373308,56.2862669245648,5000.0,10000.0,133
1347,F43,GOOD,11961,14982,2,79.83580296355626,373,20.72222222222222,378.0,98.67724867724868,42,371,359,373,99.46380697050938,96.24664879356568,7500.0,15000.0,294
1348,F13,GOOD,8356,10718,3,77.96230640044784,518,20.72,525.0,98.66666666666669,42,510,436,521,97.88867562380038,83.6852207293666,5000.0,15000.0,200
1349,F43,GOOD,16712,23496,3,71.12700034048348,373,20.72222222222222,378.0,98.67724867724868,42,373,371,373,100.0,99.46380697050938,7500.0,22500.0,441
1350,F13,GOOD,10518,13867,4,75.84913824186918,518,20.72,525.0,98.66666666666669,42,515,482,523,98.47036328871891,92.16061185468452,5000.0,20000.0,267
1351,F43,GOOD,20254,33297,4,60.82830285010662,373,20.72222222222222,378.0,98.67724867724868,42,373,373,375,99.46666666666668,99.46666666666668,7500.0,30000.0,588
1352,F13,GOOD,10520,13869,5,75.85262095320499,518,20.72,525.0,98.66666666666669,42,515,482,523,98.47036328871891,92.16061185468452,5000.0,25000.0,333
1353,F43,GOOD,21284,38273,5,55.61100514723173,373,20.72222222222222,378.0,98.67724867724868,42,373,373,376,99.20212765957449,99.20212765957449,7500.0,37500.0,735
1354,F13,GOOD,10523,13874,6,75.84690788525299,518,20.72,525.0,98.66666666666669,42,515,482,523,98.47036328871891,92.16061185468452,5000.0,30000.0,400
1355,F43,GOOD,21477,42191,6,50.90422127941978,373,20.72222222222222,378.0,98.67724867724868,42,373,373,376,99.20212765957449,99.20212765957449,7500.0,45000.0,882
1356,F13,GOOD,10526,13878,7,75.84666378440697,518,20.72,525.0,98.66666666666669,42,515,482,523,98.47036328871891,92.16061185468452,5000.0,35000.0,467
1357,F43,GOOD,21489,44864,7,47.89809201141227,373,20.72222222222222,378.0,98.67724867724868,42,373,373,376,99.20212765957449,99.20212765957449,7500.0,52500.0,1029
1358,F13,GOOD,12440,16756,8,74.24206254476009,518,20.72,525.0,98.66666666666669,42,518,501,524,98.85496183206108,95.61068702290076,5000.0,40000.0,533
1359,F43,GOOD,21087,48742,8,43.26248409995486,373,20.72222222222222,378.0,98.67724867724868,42,373,373,376,99.20212765957449,99.20212765957449,7500.0,60000.0,1176
1360,F13,GOOD,17226,24734,9,69.64502304520094,518,20.72,525.0,98.66666666666669,42,519,516,524,99.04580152671755,98.47328244274809,5000.0,45000.0,600
1361,F43,GOOD,20674,50999,9,40.53804976568168,373,20.72222222222222,378.0,98.67724867724868,42,373,373,376,99.20212765957449,99.20212765957449,7500.0,67500.0,1324
1362,F13,GOOD,19993,30181,10,66.24366323183459,518,20.72,525.0,98.66666666666669,42,521,519,524,99.42748091603052,99.04580152671755,5000.0,50000.0,667
1363,F43,GOOD,20203,52843,10,38.232121567662695,373,20.72222222222222,378.0,98.67724867724868,42,374,373,377,99.20424403183024,98.93899204244032,7500.0,75000.0,1471
1364,F13,GOOD,22642,36361,11,62.27001457605677,518,20.72,525.0,98.66666666666669,42,523,520,524,99.80916030534353,99.23664122137404,5000.0,55000.0,733
1365,F43,GOOD,19555,54562,11,35.83996187823027,373,20.72222222222222,378.0,98.67724867724868,42,374,373,377,99.20424403183024,98.93899204244032,7500.0,82500.0,1618
1366,F13,GOOD,23295,38207,12,60.97050278744732,518,20.72,525.0,98.66666666666669,42,524,521,524,100.0,99.42748091603052,5000.0,60000.0,800
1367,F43,GOOD,18615,56565,12,32.909042694245564,373,20.72222222222222,378.0,98.67724867724868,42,375,373,377,99.46949602122017,98.93899204244032,7500.0,90000.0,1765
1368,F13,GOOD,23767,39656,13,59.93292313899536,518,20.72,525.0,98.66666666666669,42,524,522,524,100.0,99.61832061068702,5000.0,65000.0,867
1369,F43,GOOD,17614,58900,13,29.90492359932088,373,20.72222222222222,378.0,98.67724867724868,42,375,373,377,99.46949602122017,98.93899204244032,7500.0,97500.0,1912
1370,F13,GOOD,24496,41789,14,58.618296680944745,518,20.72,525.0,98.66666666666669,42,524,522,524,100.0,99.61832061068702,5000.0,70000.0,933
1371,F43,GOOD,17309,59436,14,29.12208089373444,373,20.72222222222222,378.0,98.67724867724868,42,375,373,377,99.46949602122017,98.93899204244032,7500.0,105000.0,2059
1372,F13,GOOD,25221,43889,15,57.465424138166746,518,20.72,525.0,98.66666666666669,42,524,522,524,100.0,99.61832061068702,5000.0,75000.0,1000
1373,F43,GOOD,16650,60720,15,27.420948616600796,373,20.72222222222222,378.0,98.67724867724868,42,375,373,377,99.46949602122017,98.93899204244032,7500.0,112500.0,2206
1374,F13,GOOD,25521,45010,16,56.70073317040658,518,20.72,525.0,98.66666666666669,42,524,522,524,100.0,99.61832061068702,5000.0,80000.0,1067
1375,F43,GOOD,15924,61828,16,25.75532121368959,373,20.72222222222222,378.0,98.67724867724868,42,375,373,377,99.46949602122017,98.93899204244032,7500.0,120000.0,2353
1376,F13,GOOD,3,5,1,60.0,3,1.0,525.0,0.5714285714285714,43,0,0,3,0.0,0.0,5000.0,5000.0,67
1377,F43,GOOD,11155,13756,1,81.0918871765048,373,20.72222222222222,378.0,98.67724867724868,43,373,360,374,99.73262032085562,96.2566844919786,7500.0,7500.0,147
1378,F13,GOOD,5,7,2,71.42857142857143,5,1.0,525.0,0.9523809523809524,43,0,0,5,0.0,0.0,5000.0,10000.0,133
1379,F43,GOOD,14089,18483,2,76.22680300816967,373,20.72222222222222,378.0,98.67724867724868,43,373,371,375,99.46666666666668,98.93333333333332,7500.0,15000.0,294
1380,F13,GOOD,1853,2253,3,82.24589436307146,482,19.28,525.0,91.8095238095238,43,180,39,486,37.03703703703704,8.024691358024691,5000.0,15000.0,200
1381,F43,GOOD,18480,27550,3,67.07803992740472,373,20.72222222222222,378.0,98.67724867724868,43,373,373,375,99.46666666666668,99.46666666666668,7500.0,22500.0,441
1382,F13,GOOD,5007,6296,4,79.5266836086404,518,20.72,525.0,98.66666666666669,43,450,284,520,86.53846153846155,54.61538461538461,5000.0,20000.0,267
1383,F43,GOOD,20301,33625,4,60.37472118959107,373,20.72222222222222,378.0,98.67724867724868,43,373,373,375,99.46666666666668,99.46666666666668,7500.0,30000.0,588
1384,F13,GOOD,7428,9545,5,77.82084861183866,518,20.72,525.0,98.66666666666669,43,498,405,523,95.21988527724665,77.43785850860421,5000.0,25000.0,333
1385,F43,GOOD,21412,39701,5,53.933150298481145,373,20.72222222222222,378.0,98.67724867724868,43,373,373,376,99.20212765957449,99.20212765957449,7500.0,37500.0,735
1386,F13,GOOD,9005,11886,6,75.76139996634697,518,20.72,525.0,98.66666666666669,43,512,463,523,97.89674952198853,88.52772466539197,5000.0,30000.0,400
1387,F43,GOOD,21624,45595,6,47.42625287860511,373,20.72222222222222,378.0,98.67724867724868,43,373,373,376,99.20212765957449,99.20212765957449,7500.0,45000.0,882
1388,F13,GOOD,9009,11891,7,75.76318223866791,518,20.72,525.0,98.66666666666669,43,512,463,523,97.89674952198853,88.52772466539197,5000.0,35000.0,467
1389,F43,GOOD,21130,48335,7,43.71573394020896,373,20.72222222222222,378.0,98.67724867724868,43,373,373,376,99.20212765957449,99.20212765957449,7500.0,52500.0,1029
1390,F13,GOOD,11356,15309,8,74.17858775883467,518,20.72,525.0,98.66666666666669,43,518,497,524,98.85496183206108,94.8473282442748,5000.0,40000.0,533
1391,F43,GOOD,20724,51006,8,40.63051405716974,373,20.72222222222222,378.0,98.67724867724868,43,373,373,376,99.20212765957449,99.20212765957449,7500.0,60000.0,1176
1392,F13,GOOD,13937,19193,9,72.61501589121033,518,20.72,525.0,98.66666666666669,43,519,513,524,99.04580152671755,97.90076335877863,5000.0,45000.0,600
1393,F43,GOOD,20610,51432,9,40.07232851143257,373,20.72222222222222,378.0,98.67724867724868,43,373,373,376,99.20212765957449,99.20212765957449,7500.0,67500.0,1324
1394,F13,GOOD,15560,21933,10,70.94332740619159,518,20.72,525.0,98.66666666666669,43,520,515,524,99.23664122137404,98.2824427480916,5000.0,50000.0,667
1395,F43,GOOD,19643,54790,10,35.851432743201315,373,20.72222222222222,378.0,98.67724867724868,43,374,373,376,99.46808510638296,99.20212765957449,7500.0,75000.0,1471
1396,F13,GOOD,16520,23703,11,69.69581909462937,518,20.72,525.0,98.66666666666669,43,520,515,524,99.23664122137404,98.2824427480916,5000.0,55000.0,733
1397,F43,GOOD,18868,56516,11,33.38523603935169,373,20.72222222222222,378.0,98.67724867724868,43,374,373,376,99.46808510638296,99.20212765957449,7500.0,82500.0,1618
1398,F13,GOOD,19789,29852,12,66.29036580463621,518,20.72,525.0,98.66666666666669,43,523,518,524,99.80916030534353,98.85496183206108,5000.0,60000.0,800
1399,F43,GOOD,18165,57980,12,31.32976888582269,373,20.72222222222222,378.0,98.67724867724868,43,374,373,377,99.20424403183024,98.93899204244032,7500.0,90000.0,1765
1400,F13,GOOD,22458,35831,13,62.67756970221316,518,20.72,525.0,98.66666666666669,43,524,519,524,100.0,99.04580152671755,5000.0,65000.0,867
1401,F43,GOOD,17674,59090,13,29.910306312404806,373,20.72222222222222,378.0,98.67724867724868,43,374,373,377,99.20424403183024,98.93899204244032,7500.0,97500.0,1912
1402,F13,GOOD,24492,41440,14,59.102316602316606,518,20.72,525.0,98.66666666666669,43,524,522,524,100.0,99.61832061068702,5000.0,70000.0,933
1403,F43,GOOD,17129,60082,14,28.50937052694651,373,20.72222222222222,378.0,98.67724867724868,43,374,373,377,99.20424403183024,98.93899204244032,7500.0,105000.0,2059
1404,F13,GOOD,24908,43002,15,57.922887307567095,518,20.72,525.0,98.66666666666669,43,524,522,524,100.0,99.61832061068702,5000.0,75000.0,1000
1405,F43,GOOD,16215,61397,15,26.410085183315147,373,20.72222222222222,378.0,98.67724867724868,43,375,373,377,99.46949602122017,98.93899204244032,7500.0,112500.0,2206
1406,F13,GOOD,25521,45010,16,56.70073317040658,518,20.72,525.0,98.66666666666669,43,524,522,524,100.0,99.61832061068702,5000.0,80000.0,1067
1407,F43,GOOD,15924,61828,16,25.75532121368959,373,20.72222222222222,378.0,98.67724867724868,43,375,373,377,99.46949602122017,98.93899204244032,7500.0,120000.0,2353
1408,F13,GOOD,3937,4836,1,81.41025641025641,514,20.56,525.0,97.90476190476193,44,398,200,517,76.9825918762089,38.684719535783366,5000.0,5000.0,67
1409,F43,GOOD,7877,9143,1,86.15334135404134,373,20.72222222222222,378.0,98.67724867724868,44,361,312,374,96.524064171123,83.42245989304813,7500.0,7500.0,147
1410,F13,GOOD,3937,4836,2,81.41025641025641,514,20.56,525.0,97.90476190476193,44,398,200,517,76.9825918762089,38.684719535783366,5000.0,10000.0,133
1411,F43,GOOD,14191,18515,2,76.64596273291926,373,20.72222222222222,378.0,98.67724867724868,44,373,370,374,99.73262032085562,98.93048128342244,7500.0,15000.0,294
1412,F13,GOOD,5601,6958,3,80.49726933026732,517,20.68,525.0,98.47619047619048,44,467,310,519,89.98073217726397,59.73025048169557,5000.0,15000.0,200
1413,F43,GOOD,18537,27549,3,67.28737885222694,373,20.72222222222222,378.0,98.67724867724868,44,373,373,374,99.73262032085562,99.73262032085562,7500.0,22500.0,441
1414,F13,GOOD,7800,9951,4,78.38408200180886,518,20.72,525.0,98.66666666666669,44,503,422,521,96.5451055662188,80.99808061420346,5000.0,20000.0,267
1415,F43,GOOD,21103,36327,4,58.09177746579679,373,20.72222222222222,378.0,98.67724867724868,44,373,373,376,99.20212765957449,99.20212765957449,7500.0,30000.0,588
1416,F13,GOOD,9943,12996,5,76.50815635580179,518,20.72,525.0,98.66666666666669,44,514,474,523,98.2791586998088,90.63097514340345,5000.0,25000.0,333
1417,F43,GOOD,21536,41675,5,51.67606478704258,373,20.72222222222222,378.0,98.67724867724868,44,373,373,376,99.20212765957449,99.20212765957449,7500.0,37500.0,735
1418,F13,GOOD,12216,16450,6,74.26139817629179,518,20.72,525.0,98.66666666666669,44,518,496,524,98.85496183206108,94.65648854961832,5000.0,30000.0,400
1419,F43,GOOD,21515,45432,6,47.356488818453954,373,20.72222222222222,378.0,98.67724867724868,44,373,373,376,99.20212765957449,99.20212765957449,7500.0,45000.0,882
1420,F13,GOOD,12216,16453,7,74.2478575335805,518,20.72,525.0,98.66666666666669,44,518,496,524,98.85496183206108,94.65648854961832,5000.0,35000.0,467
1421,F43,GOOD,21317,47886,7,44.51614250511632,373,20.72222222222222,378.0,98.67724867724868,44,373,373,376,99.20212765957449,99.20212765957449,7500.0,52500.0,1029
1422,F13,GOOD,17927,26108,8,68.66477707982229,518,20.72,525.0,98.66666666666669,44,522,518,524,99.61832061068702,98.85496183206108,5000.0,40000.0,533
1423,F43,GOOD,20874,50363,8,41.447094096856816,373,20.72222222222222,378.0,98.67724867724868,44,373,373,376,99.20212765957449,99.20212765957449,7500.0,60000.0,1176
1424,F13,GOOD,18799,27808,9,67.60284810126582,518,20.72,525.0,98.66666666666669,44,522,518,524,99.61832061068702,98.85496183206108,5000.0,45000.0,600
1425,F43,GOOD,20257,52658,9,38.46898856773899,373,20.72222222222222,378.0,98.67724867724868,44,373,373,376,99.20212765957449,99.20212765957449,7500.0,67500.0,1324
1426,F13,GOOD,21171,32859,10,64.4298365744545,518,20.72,525.0,98.66666666666669,44,523,521,524,99.80916030534353,99.42748091603052,5000.0,50000.0,667
1427,F43,GOOD,19793,54386,10,36.393557165446985,373,20.72222222222222,378.0,98.67724867724868,44,373,373,376,99.20212765957449,99.20212765957449,7500.0,75000.0,1471
1428,F13,GOOD,22337,35440,11,63.02765237020316,518,20.72,525.0,98.66666666666669,44,523,521,524,99.80916030534353,99.42748091603052,5000.0,55000.0,733
1429,F43,GOOD,19018,56623,11,33.58705826254349,373,20.72222222222222,378.0,98.67724867724868,44,373,373,376,99.20212765957449,99.20212765957449,7500.0,82500.0,1618
1430,F13,GOOD,22861,36884,12,61.98080468495824,518,20.72,525.0,98.66666666666669,44,523,521,524,99.80916030534353,99.42748091603052,5000.0,60000.0,800
1431,F43,GOOD,18068,58612,12,30.826451921108305,373,20.72222222222222,378.0,98.67724867724868,44,373,373,376,99.20212765957449,99.20212765957449,7500.0,90000.0,1765
1432,F13,GOOD,24488,41340,13,59.23560716013546,518,20.72,525.0,98.66666666666669,44,524,522,524,100.0,99.61832061068702,5000.0,65000.0,867
1433,F43,GOOD,17416,59745,13,29.15055653192736,373,20.72222222222222,378.0,98.67724867724868,44,374,373,377,99.20424403183024,98.93899204244032,7500.0,97500.0,1912
1434,F13,GOOD,24898,42897,14,58.04135487330117,518,20.72,525.0,98.66666666666669,44,524,522,524,100.0,99.61832061068702,5000.0,70000.0,933
1435,F43,GOOD,16566,60986,14,27.163611320630963,373,20.72222222222222,378.0,98.67724867724868,44,375,373,377,99.46949602122017,98.93899204244032,7500.0,105000.0,2059
1436,F13,GOOD,25521,45010,15,56.70073317040658,518,20.72,525.0,98.66666666666669,44,524,522,524,100.0,99.61832061068702,5000.0,75000.0,1000
1437,F43,GOOD,16429,61162,15,26.86144991988489,373,20.72222222222222,378.0,98.67724867724868,44,375,373,377,99.46949602122017,98.93899204244032,7500.0,112500.0,2206
1438,F13,GOOD,25521,45010,16,56.70073317040658,518,20.72,525.0,98.66666666666669,44,524,522,524,100.0,99.61832061068702,5000.0,80000.0,1067
1439,F43,GOOD,15924,61828,16,25.75532121368959,373,20.72222222222222,378.0,98.67724867724868,44,375,373,377,99.46949602122017,98.93899204244032,7500.0,120000.0,2353
1440,F13,GOOD,7867,10082,1,78.03015274747074,518,20.72,525.0,98.66666666666669,45,501,440,523,95.79349904397706,84.13001912045888,5000.0,5000.0,67
1441,F43,GOOD,8230,9749,1,84.41891476048825,372,20.666666666666668,378.0,98.4126984126984,45,362,322,372,97.31182795698923,86.55913978494624,7500.0,7500.0,147
1442,F13,GOOD,13415,18522,2,72.42738365187344,518,20.72,525.0,98.66666666666669,45,520,509,524,99.23664122137404,97.13740458015268,5000.0,10000.0,133
1443,F43,GOOD,13654,17921,2,76.18994475754701,373,20.72222222222222,378.0,98.67724867724868,45,373,372,374,99.73262032085562,99.46524064171123,7500.0,15000.0,294
1444,F13,GOOD,15142,21351,3,70.91939487611822,518,20.72,525.0,98.66666666666669,45,521,514,524,99.42748091603052,98.09160305343512,5000.0,15000.0,200
1445,F43,GOOD,19165,29327,3,65.34933678862481,373,20.72222222222222,378.0,98.67724867724868,45,373,373,375,99.46666666666668,99.46666666666668,7500.0,22500.0,441
1446,F13,GOOD,16862,24402,4,69.10089336939595,518,20.72,525.0,98.66666666666669,45,522,516,524,99.61832061068702,98.47328244274809,5000.0,20000.0,267
1447,F43,GOOD,20664,34797,4,59.384429692214844,373,20.72222222222222,378.0,98.67724867724868,45,373,373,375,99.46666666666668,99.46666666666668,7500.0,30000.0,588
1448,F13,GOOD,18576,27534,5,67.46567879712356,518,20.72,525.0,98.66666666666669,45,522,518,524,99.61832061068702,98.85496183206108,5000.0,25000.0,333
1449,F43,GOOD,21406,38615,5,55.434416677456944,373,20.72222222222222,378.0,98.67724867724868,45,373,373,376,99.20212765957449,99.20212765957449,7500.0,37500.0,735
1450,F13,GOOD,21156,32803,6,64.49410114928511,518,20.72,525.0,98.66666666666669,45,522,521,524,99.61832061068702,99.42748091603052,5000.0,30000.0,400
1451,F43,GOOD,21615,41945,6,51.53176779115508,373,20.72222222222222,378.0,98.67724867724868,45,373,373,377,98.93899204244032,98.93899204244032,7500.0,45000.0,882
1452,F13,GOOD,22226,35338,7,62.89546663648198,518,20.72,525.0,98.66666666666669,45,522,521,524,99.61832061068702,99.42748091603052,5000.0,35000.0,467
1453,F43,GOOD,21472,47070,7,45.61716592309327,373,20.72222222222222,378.0,98.67724867724868,45,373,373,377,98.93899204244032,98.93899204244032,7500.0,52500.0,1029
1454,F13,GOOD,23247,37730,8,61.61410018552876,518,20.72,525.0,98.66666666666669,45,522,522,524,99.61832061068702,99.61832061068702,5000.0,40000.0,533
1455,F43,GOOD,21047,49780,8,42.28003214142226,373,20.72222222222222,378.0,98.67724867724868,45,373,373,377,98.93899204244032,98.93899204244032,7500.0,60000.0,1176
1456,F13,GOOD,23756,39106,9,60.74771134864216,518,20.72,525.0,98.66666666666669,45,523,522,524,99.80916030534353,99.61832061068702,5000.0,45000.0,600
1457,F43,GOOD,20430,52382,9,39.0019472337826,373,20.72222222222222,378.0,98.67724867724868,45,373,373,377,98.93899204244032,98.93899204244032,7500.0,67500.0,1324
1458,F13,GOOD,24311,40912,10,59.42266327727806,518,20.72,525.0,98.66666666666669,45,524,522,524,100.0,99.61832061068702,5000.0,50000.0,667
1459,F43,GOOD,19711,54584,10,36.11131467096585,373,20.72222222222222,378.0,98.67724867724868,45,375,373,377,99.46949602122017,98.93899204244032,7500.0,75000.0,1471
1460,F13,GOOD,24311,40912,11,59.42266327727806,518,20.72,525.0,98.66666666666669,45,524,522,524,100.0,99.61832061068702,5000.0,55000.0,733
1461,F43,GOOD,19191,55805,11,34.389391631574235,373,20.72222222222222,378.0,98.67724867724868,45,375,373,377,99.46949602122017,98.93899204244032,7500.0,82500.0,1618
1462,F13,GOOD,24585,41926,12,58.63903067309069,518,20.72,525.0,98.66666666666669,45,524,522,524,100.0,99.61832061068702,5000.0,60000.0,800
1463,F43,GOOD,18275,57879,12,31.57449161181085,373,20.72222222222222,378.0,98.67724867724868,45,375,373,377,99.46949602122017,98.93899204244032,7500.0,90000.0,1765
1464,F13,GOOD,24898,42897,13,58.04135487330117,518,20.72,525.0,98.66666666666669,45,524,522,524,100.0,99.61832061068702,5000.0,65000.0,867
1465,F43,GOOD,17332,59641,13,29.060545597827,373,20.72222222222222,378.0,98.67724867724868,45,375,373,377,99.46949602122017,98.93899204244032,7500.0,97500.0,1912
1466,F13,GOOD,24898,42897,14,58.04135487330117,518,20.72,525.0,98.66666666666669,45,524,522,524,100.0,99.61832061068702,5000.0,70000.0,933
1467,F43,GOOD,16523,60895,14,27.133590606782164,373,20.72222222222222,378.0,98.67724867724868,45,375,373,377,99.46949602122017,98.93899204244032,7500.0,105000.0,2059
1468,F13,GOOD,24898,42897,15,58.04135487330117,518,20.72,525.0,98.66666666666669,45,524,522,524,100.0,99.61832061068702,5000.0,75000.0,1000
1469,F43,GOOD,16064,61667,15,26.04958892114097,373,20.72222222222222,378.0,98.67724867724868,45,375,373,377,99.46949602122017,98.93899204244032,7500.0,112500.0,2206
1470,F13,GOOD,25521,45010,16,56.70073317040658,518,20.72,525.0,98.66666666666669,45,524,522,524,100.0,99.61832061068702,5000.0,80000.0,1067
1471,F43,GOOD,15924,61828,16,25.75532121368959,373,20.72222222222222,378.0,98.67724867724868,45,375,373,377,99.46949602122017,98.93899204244032,7500.0,120000.0,2353
1472,F13,GOOD,3976,4822,1,82.45541269182912,512,20.48,525.0,97.52380952380952,46,407,188,513,79.33723196881091,36.64717348927875,5000.0,5000.0,67
1473,F43,GOOD,1850,2025,1,91.35802469135804,358,19.88888888888889,378.0,94.70899470899472,46,171,50,358,47.76536312849162,13.966480446927374,7500.0,7500.0,147
1474,F13,GOOD,3978,4824,2,82.46268656716418,512,20.48,525.0,97.52380952380952,46,407,188,513,79.33723196881091,36.64717348927875,5000.0,10000.0,133
1475,F43,GOOD,10587,12926,2,81.90468822528237,373,20.72222222222222,378.0,98.67724867724868,46,373,351,374,99.73262032085562,93.85026737967914,7500.0,15000.0,294
1476,F13,GOOD,6135,7664,3,80.04958246346555,518,20.72,525.0,98.66666666666669,46,484,341,522,92.72030651340997,65.32567049808429,5000.0,15000.0,200
1477,F43,GOOD,15907,21861,3,72.76428342710763,373,20.72222222222222,378.0,98.67724867724868,46,373,373,374,99.73262032085562,99.73262032085562,7500.0,22500.0,441
1478,F13,GOOD,7658,9699,4,78.95659346324364,518,20.72,525.0,98.66666666666669,46,504,409,522,96.55172413793105,78.35249042145594,5000.0,20000.0,267
1479,F43,GOOD,19638,30299,4,64.8140202646952,373,20.72222222222222,378.0,98.67724867724868,46,373,373,374,99.73262032085562,99.73262032085562,7500.0,30000.0,588
1480,F13,GOOD,10683,13944,5,76.61359724612737,518,20.72,525.0,98.66666666666669,46,515,484,523,98.47036328871891,92.54302103250478,5000.0,25000.0,333
1481,F43,GOOD,20819,34676,5,60.03864344215019,373,20.72222222222222,378.0,98.67724867724868,46,373,373,374,99.73262032085562,99.73262032085562,7500.0,37500.0,735
1482,F13,GOOD,13124,17551,6,74.77636601903025,518,20.72,525.0,98.66666666666669,46,517,504,524,98.66412213740458,96.18320610687024,5000.0,30000.0,400
1483,F43,GOOD,21683,40596,6,53.41166617400729,373,20.72222222222222,378.0,98.67724867724868,46,373,373,375,99.46666666666668,99.46666666666668,7500.0,45000.0,882
1484,F13,GOOD,13124,17553,7,74.76784595225887,518,20.72,525.0,98.66666666666669,46,517,504,524,98.66412213740458,96.18320610687024,5000.0,35000.0,467
1485,F43,GOOD,21771,43320,7,50.25623268698061,373,20.72222222222222,378.0,98.67724867724868,46,373,373,376,99.20212765957449,99.20212765957449,7500.0,52500.0,1029
1486,F13,GOOD,18642,27081,8,68.83793065248697,518,20.72,525.0,98.66666666666669,46,522,516,524,99.61832061068702,98.47328244274809,5000.0,40000.0,533
1487,F43,GOOD,21620,46420,8,46.57475226195606,373,20.72222222222222,378.0,98.67724867724868,46,373,373,376,99.20212765957449,99.20212765957449,7500.0,60000.0,1176
1488,F13,GOOD,21428,32662,9,65.60529055171148,518,20.72,525.0,98.66666666666669,46,522,520,524,99.61832061068702,99.23664122137404,5000.0,45000.0,600
1489,F43,GOOD,21207,49069,9,43.21873280482586,373,20.72222222222222,378.0,98.67724867724868,46,373,373,377,98.93899204244032,98.93899204244032,7500.0,67500.0,1324
1490,F13,GOOD,23088,36802,10,62.735720884734526,518,20.72,525.0,98.66666666666669,46,523,521,524,99.80916030534353,99.42748091603052,5000.0,50000.0,667
1491,F43,GOOD,20829,50850,10,40.961651917404126,373,20.72222222222222,378.0,98.67724867724868,46,373,373,377,98.93899204244032,98.93899204244032,7500.0,75000.0,1471
1492,F13,GOOD,23703,38700,11,61.24806201550388,518,20.72,525.0,98.66666666666669,46,523,521,524,99.80916030534353,99.42748091603052,5000.0,55000.0,733
1493,F43,GOOD,20256,52989,11,38.22680178905056,373,20.72222222222222,378.0,98.67724867724868,46,373,373,377,98.93899204244032,98.93899204244032,7500.0,82500.0,1618
1494,F13,GOOD,24292,40467,12,60.02915956211233,518,20.72,525.0,98.66666666666669,46,523,521,524,99.80916030534353,99.42748091603052,5000.0,60000.0,800
1495,F43,GOOD,19217,56151,12,34.223789424943455,373,20.72222222222222,378.0,98.67724867724868,46,373,373,377,98.93899204244032,98.93899204244032,7500.0,90000.0,1765
1496,F13,GOOD,24735,42056,13,58.81443789233403,518,20.72,525.0,98.66666666666669,46,524,521,524,100.0,99.42748091603052,5000.0,65000.0,867
1497,F43,GOOD,18286,57787,13,31.643795317285893,373,20.72222222222222,378.0,98.67724867724868,46,375,373,377,99.46949602122017,98.93899204244032,7500.0,97500.0,1912
1498,F13,GOOD,25308,44059,14,57.44115844662838,518,20.72,525.0,98.66666666666669,46,524,522,524,100.0,99.61832061068702,5000.0,70000.0,933
1499,F43,GOOD,17369,59647,14,29.119653964155784,373,20.72222222222222,378.0,98.67724867724868,46,375,373,377,99.46949602122017,98.93899204244032,7500.0,105000.0,2059
1500,F13,GOOD,25521,45010,15,56.70073317040658,518,20.72,525.0,98.66666666666669,46,524,522,524,100.0,99.61832061068702,5000.0,75000.0,1000
1501,F43,GOOD,16429,61162,15,26.86144991988489,373,20.72222222222222,378.0,98.67724867724868,46,375,373,377,99.46949602122017,98.93899204244032,7500.0,112500.0,2206
1502,F13,GOOD,25521,45010,16,56.70073317040658,518,20.72,525.0,98.66666666666669,46,524,522,524,100.0,99.61832061068702,5000.0,80000.0,1067
1503,F43,GOOD,15924,61828,16,25.75532121368959,373,20.72222222222222,378.0,98.67724867724868,46,375,373,377,99.46949602122017,98.93899204244032,7500.0,120000.0,2353
1504,F13,GOOD,7196,9084,1,79.21620431527961,518,20.72,525.0,98.66666666666669,47,498,396,524,95.0381679389313,75.57251908396947,5000.0,5000.0,67
1505,F43,GOOD,8785,10520,1,83.50760456273764,373,20.72222222222222,378.0,98.67724867724868,47,369,333,375,98.4,88.8,7500.0,7500.0,147
1506,F13,GOOD,7199,9089,2,79.20563318296843,518,20.72,525.0,98.66666666666669,47,498,396,524,95.0381679389313,75.57251908396947,5000.0,10000.0,133
1507,F43,GOOD,14652,19383,2,75.59201362018263,373,20.72222222222222,378.0,98.67724867724868,47,373,370,375,99.46666666666668,98.66666666666669,7500.0,15000.0,294
1508,F13,GOOD,9424,12249,3,76.93689280757613,518,20.72,525.0,98.66666666666669,47,515,467,524,98.2824427480916,89.12213740458014,5000.0,15000.0,200
1509,F43,GOOD,18314,27604,3,66.34545718011883,373,20.72222222222222,378.0,98.67724867724868,47,373,373,376,99.20212765957449,99.20212765957449,7500.0,22500.0,441
1510,F13,GOOD,11857,15826,4,74.92101604953874,518,20.72,525.0,98.66666666666669,47,519,500,524,99.04580152671755,95.41984732824427,5000.0,20000.0,267
1511,F43,GOOD,20794,36678,4,56.693385680789575,373,20.72222222222222,378.0,98.67724867724868,47,374,373,376,99.46808510638296,99.20212765957449,7500.0,30000.0,588
1512,F13,GOOD,14141,19312,5,73.22390223695112,518,20.72,525.0,98.66666666666669,47,521,512,524,99.42748091603052,97.70992366412212,5000.0,25000.0,333
1513,F43,GOOD,20961,37386,5,56.06644198363024,373,20.72222222222222,378.0,98.67724867724868,47,374,373,376,99.46808510638296,99.20212765957449,7500.0,37500.0,735
1514,F13,GOOD,19246,28543,6,67.42809095049574,518,20.72,525.0,98.66666666666669,47,524,519,524,100.0,99.04580152671755,5000.0,30000.0,400
1515,F43,GOOD,21416,40992,6,52.24434035909445,373,20.72222222222222,378.0,98.67724867724868,47,374,373,376,99.46808510638296,99.20212765957449,7500.0,45000.0,882
1516,F13,GOOD,19837,29788,7,66.59393044178864,518,20.72,525.0,98.66666666666669,47,524,519,524,100.0,99.04580152671755,5000.0,35000.0,467
1517,F43,GOOD,21385,45384,7,47.12013044244668,373,20.72222222222222,378.0,98.67724867724868,47,374,373,376,99.46808510638296,99.20212765957449,7500.0,52500.0,1029
1518,F13,GOOD,20378,31091,8,65.54308320735905,518,20.72,525.0,98.66666666666669,47,524,520,524,100.0,99.23664122137404,5000.0,40000.0,533
1519,F43,GOOD,20873,49147,8,42.47054754105032,373,20.72222222222222,378.0,98.67724867724868,47,374,373,377,99.20424403183024,98.93899204244032,7500.0,60000.0,1176
1520,F13,GOOD,20380,31093,9,65.54529958511563,518,20.72,525.0,98.66666666666669,47,524,520,524,100.0,99.23664122137404,5000.0,45000.0,600
1521,F43,GOOD,20292,51697,9,39.25179410797532,373,20.72222222222222,378.0,98.67724867724868,47,374,373,377,99.20424403183024,98.93899204244032,7500.0,67500.0,1324
1522,F13,GOOD,22104,35310,10,62.5998300764656,518,20.72,525.0,98.66666666666669,47,524,520,524,100.0,99.23664122137404,5000.0,50000.0,667
1523,F43,GOOD,19980,53246,10,37.52394546069189,373,20.72222222222222,378.0,98.67724867724868,47,374,373,377,99.20424403183024,98.93899204244032,7500.0,75000.0,1471
1524,F13,GOOD,22815,36995,11,61.67049601297473,518,20.72,525.0,98.66666666666669,47,524,521,524,100.0,99.42748091603052,5000.0,55000.0,733
1525,F43,GOOD,19389,55409,11,34.99251024201844,373,20.72222222222222,378.0,98.67724867724868,47,374,373,377,99.20424403183024,98.93899204244032,7500.0,82500.0,1618
1526,F13,GOOD,23768,39354,12,60.39538547542816,518,20.72,525.0,98.66666666666669,47,524,521,524,100.0,99.42748091603052,5000.0,60000.0,800
1527,F43,GOOD,18638,57226,12,32.56911194212421,373,20.72222222222222,378.0,98.67724867724868,47,375,373,377,99.46949602122017,98.93899204244032,7500.0,90000.0,1765
1528,F13,GOOD,24341,41159,13,59.13894895405623,518,20.72,525.0,98.66666666666669,47,524,522,524,100.0,99.61832061068702,5000.0,65000.0,867
1529,F43,GOOD,17868,58519,13,30.53367282421094,373,20.72222222222222,378.0,98.67724867724868,47,375,373,377,99.46949602122017,98.93899204244032,7500.0,97500.0,1912
1530,F13,GOOD,24342,41160,14,59.1399416909621,518,20.72,525.0,98.66666666666669,47,524,522,524,100.0,99.61832061068702,5000.0,70000.0,933
1531,F43,GOOD,17400,59480,14,29.25353059852051,373,20.72222222222222,378.0,98.67724867724868,47,375,373,377,99.46949602122017,98.93899204244032,7500.0,105000.0,2059
1532,F13,GOOD,25088,43442,15,57.75056397035128,518,20.72,525.0,98.66666666666669,47,524,522,524,100.0,99.61832061068702,5000.0,75000.0,1000
1533,F43,GOOD,17089,59994,15,28.48451511817848,373,20.72222222222222,378.0,98.67724867724868,47,375,373,377,99.46949602122017,98.93899204244032,7500.0,112500.0,2206
1534,F13,GOOD,25521,45010,16,56.70073317040658,518,20.72,525.0,98.66666666666669,47,524,522,524,100.0,99.61832061068702,5000.0,80000.0,1067
1535,F43,GOOD,15924,61828,16,25.75532121368959,373,20.72222222222222,378.0,98.67724867724868,47,375,373,377,99.46949602122017,98.93899204244032,7500.0,120000.0,2353
1536,F13,GOOD,3,5,1,60.0,3,1.0,525.0,0.5714285714285714,48,0,0,3,0.0,0.0,5000.0,5000.0,67
1537,F43,GOOD,11155,13756,1,81.0918871765048,373,20.72222222222222,378.0,98.67724867724868,48,373,360,374,99.73262032085562,96.2566844919786,7500.0,7500.0,147
1538,F13,GOOD,9210,12074,2,76.2796090773563,518,20.72,525.0,98.66666666666669,48,515,472,523,98.47036328871891,90.24856596558315,5000.0,10000.0,133
1539,F43,GOOD,15896,21797,2,72.92746708262605,373,20.72222222222222,378.0,98.67724867724868,48,373,373,375,99.46666666666668,99.46666666666668,7500.0,15000.0,294
1540,F13,GOOD,11595,15608,3,74.28882624295234,518,20.72,525.0,98.66666666666669,48,518,506,523,99.04397705544932,96.74952198852772,5000.0,15000.0,200
1541,F43,GOOD,18853,28621,3,65.87121344467349,373,20.72222222222222,378.0,98.67724867724868,48,373,373,375,99.46666666666668,99.46666666666668,7500.0,22500.0,441
1542,F13,GOOD,12936,17635,4,73.35412531896796,518,20.72,525.0,98.66666666666669,48,519,511,524,99.04580152671755,97.51908396946564,5000.0,20000.0,267
1543,F43,GOOD,20495,34099,4,60.10440188861843,373,20.72222222222222,378.0,98.67724867724868,48,373,373,375,99.46666666666668,99.46666666666668,7500.0,30000.0,588
1544,F13,GOOD,14676,20417,5,71.88127540774845,518,20.72,525.0,98.66666666666669,48,521,516,524,99.42748091603052,98.47328244274809,5000.0,25000.0,333
1545,F43,GOOD,21444,40064,5,53.52436102236422,373,20.72222222222222,378.0,98.67724867724868,48,373,373,376,99.20212765957449,99.20212765957449,7500.0,37500.0,735
1546,F13,GOOD,16848,24015,6,70.15615240474703,518,20.72,525.0,98.66666666666669,48,522,517,524,99.61832061068702,98.66412213740458,5000.0,30000.0,400
1547,F43,GOOD,21576,40832,6,52.84090909090909,373,20.72222222222222,378.0,98.67724867724868,48,373,373,376,99.20212765957449,99.20212765957449,7500.0,45000.0,882
1548,F13,GOOD,17780,25876,7,68.71232029680013,518,20.72,525.0,98.66666666666669,48,523,518,524,99.80916030534353,98.85496183206108,5000.0,35000.0,467
1549,F43,GOOD,21656,46151,7,46.92422699399796,373,20.72222222222222,378.0,98.67724867724868,48,373,373,376,99.20212765957449,99.20212765957449,7500.0,52500.0,1029
1550,F13,GOOD,17782,25878,8,68.71473838781978,518,20.72,525.0,98.66666666666669,48,523,518,524,99.80916030534353,98.85496183206108,5000.0,40000.0,533
1551,F43,GOOD,21503,47801,8,44.98441455199682,373,20.72222222222222,378.0,98.67724867724868,48,373,373,376,99.20212765957449,99.20212765957449,7500.0,60000.0,1176
1552,F13,GOOD,19052,28340,9,67.22653493295695,518,20.72,525.0,98.66666666666669,48,523,518,524,99.80916030534353,98.85496183206108,5000.0,45000.0,600
1553,F43,GOOD,20734,51860,9,39.98071731585037,373,20.72222222222222,378.0,98.67724867724868,48,373,373,376,99.20212765957449,99.20212765957449,7500.0,67500.0,1324
1554,F13,GOOD,21343,33326,10,64.04308947968553,518,20.72,525.0,98.66666666666669,48,523,521,524,99.80916030534353,99.42748091603052,5000.0,50000.0,667
1555,F43,GOOD,20334,53695,10,37.86944780705839,373,20.72222222222222,378.0,98.67724867724868,48,373,373,376,99.20212765957449,99.20212765957449,7500.0,75000.0,1471
1556,F13,GOOD,21935,34665,11,63.27708062887639,518,20.72,525.0,98.66666666666669,48,523,521,524,99.80916030534353,99.42748091603052,5000.0,55000.0,733
1557,F43,GOOD,19338,56089,11,34.477348499705826,373,20.72222222222222,378.0,98.67724867724868,48,373,373,376,99.20212765957449,99.20212765957449,7500.0,82500.0,1618
1558,F13,GOOD,21933,34665,12,63.27131112072696,518,20.72,525.0,98.66666666666669,48,523,521,524,99.80916030534353,99.42748091603052,5000.0,60000.0,800
1559,F43,GOOD,18520,57574,12,32.167297738562546,373,20.72222222222222,378.0,98.67724867724868,48,374,373,376,99.46808510638296,99.20212765957449,7500.0,90000.0,1765
1560,F13,GOOD,22578,36451,13,61.94068749828537,518,20.72,525.0,98.66666666666669,48,524,521,524,100.0,99.42748091603052,5000.0,65000.0,867
1561,F43,GOOD,17582,59184,13,29.7073533387402,373,20.72222222222222,378.0,98.67724867724868,48,375,373,376,99.7340425531915,99.20212765957449,7500.0,97500.0,1912
1562,F13,GOOD,23547,38964,14,60.43270711425932,518,20.72,525.0,98.66666666666669,48,524,521,524,100.0,99.42748091603052,5000.0,70000.0,933
1563,F43,GOOD,17260,59708,14,28.907349098948217,373,20.72222222222222,378.0,98.67724867724868,48,375,373,376,99.7340425531915,99.20212765957449,7500.0,105000.0,2059
1564,F13,GOOD,24877,42980,15,57.880409492787344,518,20.72,525.0,98.66666666666669,48,524,522,524,100.0,99.61832061068702,5000.0,75000.0,1000
1565,F43,GOOD,16645,60704,15,27.419939377965207,373,20.72222222222222,378.0,98.67724867724868,48,375,373,377,99.46949602122017,98.93899204244032,7500.0,112500.0,2206
1566,F13,GOOD,25521,45010,16,56.70073317040658,518,20.72,525.0,98.66666666666669,48,524,522,524,100.0,99.61832061068702,5000.0,80000.0,1067
1567,F43,GOOD,15924,61828,16,25.75532121368959,373,20.72222222222222,378.0,98.67724867724868,48,375,373,377,99.46949602122017,98.93899204244032,7500.0,120000.0,2353
1568,F13,GOOD,2,2,1,100.0,2,1.0,525.0,0.3809523809523809,49,0,0,2,0.0,0.0,5000.0,5000.0,67
1569,F43,GOOD,9430,11314,1,83.34806434505921,373,20.72222222222222,378.0,98.67724867724868,49,367,337,374,98.1283422459893,90.10695187165776,7500.0,7500.0,147
1570,F13,GOOD,7198,9086,2,79.22077922077922,518,20.72,525.0,98.66666666666669,49,498,398,524,95.0381679389313,75.95419847328245,5000.0,10000.0,133
1571,F43,GOOD,14731,19646,2,74.98218466863483,373,20.72222222222222,378.0,98.67724867724868,49,373,372,376,99.20212765957449,98.93617021276596,7500.0,15000.0,294
1572,F13,GOOD,9132,11783,3,77.50148519052873,518,20.72,525.0,98.66666666666669,49,512,463,524,97.70992366412212,88.35877862595419,5000.0,15000.0,200
1573,F43,GOOD,18365,27280,3,67.32038123167156,373,20.72222222222222,378.0,98.67724867724868,49,373,373,376,99.20212765957449,99.20212765957449,7500.0,22500.0,441
1574,F13,GOOD,11192,14872,4,75.25551371705218,518,20.72,525.0,98.66666666666669,49,517,497,524,98.66412213740458,94.8473282442748,5000.0,20000.0,267
1575,F43,GOOD,20919,36112,4,57.92811253876828,373,20.72222222222222,378.0,98.67724867724868,49,373,373,377,98.93899204244032,98.93899204244032,7500.0,30000.0,588
1576,F13,GOOD,13554,18408,5,73.63102998696219,518,20.72,525.0,98.66666666666669,49,519,510,524,99.04580152671755,97.32824427480917,5000.0,25000.0,333
1577,F43,GOOD,21088,36829,5,57.25922506720248,373,20.72222222222222,378.0,98.67724867724868,49,373,373,377,98.93899204244032,98.93899204244032,7500.0,37500.0,735
1578,F13,GOOD,17796,25633,6,69.42613037880857,518,20.72,525.0,98.66666666666669,49,520,515,524,99.23664122137404,98.2824427480916,5000.0,30000.0,400
1579,F43,GOOD,21617,40215,6,53.75357453686436,373,20.72222222222222,378.0,98.67724867724868,49,373,373,377,98.93899204244032,98.93899204244032,7500.0,45000.0,882
1580,F13,GOOD,19247,28390,7,67.79499823881649,518,20.72,525.0,98.66666666666669,49,521,517,524,99.42748091603052,98.66412213740458,5000.0,35000.0,467
1581,F43,GOOD,21777,43335,7,50.25268258913119,373,20.72222222222222,378.0,98.67724867724868,49,373,373,377,98.93899204244032,98.93899204244032,7500.0,52500.0,1029
1582,F13,GOOD,20329,30727,8,66.1600546750415,518,20.72,525.0,98.66666666666669,49,522,518,524,99.61832061068702,98.85496183206108,5000.0,40000.0,533
1583,F43,GOOD,21485,46735,8,45.97196961591955,373,20.72222222222222,378.0,98.67724867724868,49,373,373,377,98.93899204244032,98.93899204244032,7500.0,60000.0,1176
1584,F13,GOOD,20989,32129,9,65.32727442497432,518,20.72,525.0,98.66666666666669,49,522,518,524,99.61832061068702,98.85496183206108,5000.0,45000.0,600
1585,F43,GOOD,21032,50310,9,41.8048101769032,373,20.72222222222222,378.0,98.67724867724868,49,373,373,377,98.93899204244032,98.93899204244032,7500.0,67500.0,1324
1586,F13,GOOD,20989,32130,10,65.32524120759416,518,20.72,525.0,98.66666666666669,49,522,518,524,99.61832061068702,98.85496183206108,5000.0,50000.0,667
1587,F43,GOOD,20601,52013,10,39.60740584084749,373,20.72222222222222,378.0,98.67724867724868,49,373,373,377,98.93899204244032,98.93899204244032,7500.0,75000.0,1471
1588,F13,GOOD,23373,38105,11,61.33840703319774,518,20.72,525.0,98.66666666666669,49,523,521,524,99.80916030534353,99.42748091603052,5000.0,55000.0,733
1589,F43,GOOD,20043,53853,11,37.21798228510946,373,20.72222222222222,378.0,98.67724867724868,49,373,373,377,98.93899204244032,98.93899204244032,7500.0,82500.0,1618
1590,F13,GOOD,23374,38106,12,61.339421613394215,518,20.72,525.0,98.66666666666669,49,523,521,524,99.80916030534353,99.42748091603052,5000.0,60000.0,800
1591,F43,GOOD,19536,55177,12,35.40605687152256,373,20.72222222222222,378.0,98.67724867724868,49,374,373,377,99.20424403183024,98.93899204244032,7500.0,90000.0,1765
1592,F13,GOOD,23889,39776,13,60.058829444891394,518,20.72,525.0,98.66666666666669,49,524,521,524,100.0,99.42748091603052,5000.0,65000.0,867
1593,F43,GOOD,18640,56796,13,32.81921262060708,373,20.72222222222222,378.0,98.67724867724868,49,374,373,377,99.20424403183024,98.93899204244032,7500.0,97500.0,1912
1594,F13,GOOD,24618,41982,14,58.63941689295413,518,20.72,525.0,98.66666666666669,49,524,522,524,100.0,99.61832061068702,5000.0,70000.0,933
1595,F43,GOOD,17568,59103,14,29.724379473123197,373,20.72222222222222,378.0,98.67724867724868,49,374,373,377,99.20424403183024,98.93899204244032,7500.0,105000.0,2059
1596,F13,GOOD,24877,42980,15,57.880409492787344,518,20.72,525.0,98.66666666666669,49,524,522,524,100.0,99.61832061068702,5000.0,75000.0,1000
1597,F43,GOOD,16645,60704,15,27.419939377965207,373,20.72222222222222,378.0,98.67724867724868,49,375,373,377,99.46949602122017,98.93899204244032,7500.0,112500.0,2206
1598,F13,GOOD,25521,45010,16,56.70073317040658,518,20.72,525.0,98.66666666666669,49,524,522,524,100.0,99.61832061068702,5000.0,80000.0,1067
1599,F43,GOOD,15924,61828,16,25.75532121368959,373,20.72222222222222,378.0,98.67724867724868,49,375,373,377,99.46949602122017,98.93899204244032,7500.0,120000.0,2353
1600,F13,GOOD,2811,3536,1,79.49660633484163,504,20.16,525.0,96.0,50,331,134,509,65.0294695481336,26.326129666011788,5000.0,5000.0,67
1601,F43,GOOD,11390,14352,1,79.36176142697882,373,20.72222222222222,378.0,98.67724867724868,50,373,362,375,99.46666666666668,96.53333333333332,7500.0,7500.0,147
1602,F13,GOOD,6403,8159,2,78.47775462679249,516,20.64,525.0,98.28571428571428,50,489,359,522,93.67816091954025,68.77394636015326,5000.0,10000.0,133
1603,F43,GOOD,14150,18785,2,75.32605802501996,373,20.72222222222222,378.0,98.67724867724868,50,373,370,376,99.20212765957449,98.40425531914892,7500.0,15000.0,294
1604,F13,GOOD,8544,11097,3,76.99378210327116,518,20.72,525.0,98.66666666666669,50,512,447,523,97.89674952198853,85.46845124282983,5000.0,15000.0,200
1605,F43,GOOD,19175,29822,3,64.29816913687881,373,20.72222222222222,378.0,98.67724867724868,50,373,373,376,99.20212765957449,99.20212765957449,7500.0,22500.0,441
1606,F13,GOOD,14334,19814,4,72.34278792772787,518,20.72,525.0,98.66666666666669,50,520,510,523,99.4263862332696,97.51434034416826,5000.0,20000.0,267
1607,F43,GOOD,20658,34672,4,59.58121827411168,373,20.72222222222222,378.0,98.67724867724868,50,373,373,376,99.20212765957449,99.20212765957449,7500.0,30000.0,588
1608,F13,GOOD,15862,22443,5,70.67682573630977,518,20.72,525.0,98.66666666666669,50,521,517,524,99.42748091603052,98.66412213740458,5000.0,25000.0,333
1609,F43,GOOD,21630,40455,5,53.466814979606966,373,20.72222222222222,378.0,98.67724867724868,50,373,373,376,99.20212765957449,99.20212765957449,7500.0,37500.0,735
1610,F13,GOOD,19514,29479,6,66.19627531463075,518,20.72,525.0,98.66666666666669,50,523,521,524,99.80916030534353,99.42748091603052,5000.0,30000.0,400
1611,F43,GOOD,21575,43772,6,49.28950013707393,373,20.72222222222222,378.0,98.67724867724868,50,374,373,376,99.46808510638296,99.20212765957449,7500.0,45000.0,882
1612,F13,GOOD,19514,29479,7,66.19627531463075,518,20.72,525.0,98.66666666666669,50,523,521,524,99.80916030534353,99.42748091603052,5000.0,35000.0,467
1613,F43,GOOD,21486,47136,7,45.58299389002037,373,20.72222222222222,378.0,98.67724867724868,50,374,373,376,99.46808510638296,99.20212765957449,7500.0,52500.0,1029
1614,F13,GOOD,20300,31221,8,65.02033887447551,518,20.72,525.0,98.66666666666669,50,524,521,524,100.0,99.42748091603052,5000.0,40000.0,533
1615,F43,GOOD,20727,51256,8,40.438192601841735,373,20.72222222222222,378.0,98.67724867724868,50,374,373,376,99.46808510638296,99.20212765957449,7500.0,60000.0,1176
1616,F13,GOOD,20300,31221,9,65.02033887447551,518,20.72,525.0,98.66666666666669,50,524,521,524,100.0,99.42748091603052,5000.0,45000.0,600
1617,F43,GOOD,20267,52770,9,38.40629145347735,373,20.72222222222222,378.0,98.67724867724868,50,375,373,376,99.7340425531915,99.20212765957449,7500.0,67500.0,1324
1618,F13,GOOD,21658,34184,10,63.357126140884624,518,20.72,525.0,98.66666666666669,50,524,521,524,100.0,99.42748091603052,5000.0,50000.0,667
1619,F43,GOOD,20161,53175,10,37.914433474377056,373,20.72222222222222,378.0,98.67724867724868,50,375,373,376,99.7340425531915,99.20212765957449,7500.0,75000.0,1471
1620,F13,GOOD,21658,34184,11,63.357126140884624,518,20.72,525.0,98.66666666666669,50,524,521,524,100.0,99.42748091603052,5000.0,55000.0,733
1621,F43,GOOD,19679,54705,11,35.97294580020108,373,20.72222222222222,378.0,98.67724867724868,50,375,373,376,99.7340425531915,99.20212765957449,7500.0,82500.0,1618
1622,F13,GOOD,23385,38583,12,60.60959489930799,518,20.72,525.0,98.66666666666669,50,524,521,524,100.0,99.42748091603052,5000.0,60000.0,800
1623,F43,GOOD,19014,56138,12,33.870105810680826,373,20.72222222222222,378.0,98.67724867724868,50,375,373,377,99.46949602122017,98.93899204244032,7500.0,90000.0,1765
1624,F13,GOOD,24172,40805,13,59.237838500183805,518,20.72,525.0,98.66666666666669,50,524,522,524,100.0,99.61832061068702,5000.0,65000.0,867
1625,F43,GOOD,18315,57704,13,31.73956744766394,373,20.72222222222222,378.0,98.67724867724868,50,375,373,377,99.46949602122017,98.93899204244032,7500.0,97500.0,1912
1626,F13,GOOD,24575,42018,14,58.486838973773146,518,20.72,525.0,98.66666666666669,50,524,522,524,100.0,99.61832061068702,5000.0,70000.0,933
1627,F43,GOOD,17646,59150,14,29.83262890955199,373,20.72222222222222,378.0,98.67724867724868,50,375,373,377,99.46949602122017,98.93899204244032,7500.0,105000.0,2059
1628,F13,GOOD,24877,42980,15,57.880409492787344,518,20.72,525.0,98.66666666666669,50,524,522,524,100.0,99.61832061068702,5000.0,75000.0,1000
1629,F43,GOOD,16645,60704,15,27.419939377965207,373,20.72222222222222,378.0,98.67724867724868,50,375,373,377,99.46949602122017,98.93899204244032,7500.0,112500.0,2206
1630,F13,GOOD,25521,45010,16,56.70073317040658,518,20.72,525.0,98.66666666666669,50,524,522,524,100.0,99.61832061068702,5000.0,80000.0,1067
1631,F43,GOOD,15924,61828,16,25.75532121368959,373,20.72222222222222,378.0,98.67724867724868,50,375,373,377,99.46949602122017,98.93899204244032,7500.0,120000.0,2353
1632,F13,GOOD,2984,3670,1,81.30790190735695,506,20.24,525.0,96.38095238095238,51,333,139,508,65.5511811023622,27.36220472440945,5000.0,5000.0,67
1633,F43,GOOD,12757,16466,1,77.47479655046763,373,20.72222222222222,378.0,98.67724867724868,51,373,365,375,99.46666666666668,97.33333333333334,7500.0,7500.0,147
1634,F13,GOOD,10130,13294,2,76.19978937866708,518,20.72,525.0,98.66666666666669,51,512,485,523,97.89674952198853,92.73422562141492,5000.0,10000.0,133
1635,F43,GOOD,16725,23426,2,71.39503116195681,373,20.72222222222222,378.0,98.67724867724868,51,373,373,375,99.46666666666668,99.46666666666668,7500.0,15000.0,294
1636,F13,GOOD,11404,15163,3,75.20939128140868,518,20.72,525.0,98.66666666666669,51,516,497,523,98.66156787762908,95.02868068833652,5000.0,15000.0,200
1637,F43,GOOD,19832,31398,3,63.1632588062934,373,20.72222222222222,378.0,98.67724867724868,51,373,373,375,99.46666666666668,99.46666666666668,7500.0,22500.0,441
1638,F13,GOOD,16124,23002,4,70.0982523258847,518,20.72,525.0,98.66666666666669,51,521,514,524,99.42748091603052,98.09160305343512,5000.0,20000.0,267
1639,F43,GOOD,20988,36069,4,58.18847209515096,373,20.72222222222222,378.0,98.67724867724868,51,373,373,375,99.46666666666668,99.46666666666668,7500.0,30000.0,588
1640,F13,GOOD,16122,23003,5,70.08651045515802,518,20.72,525.0,98.66666666666669,51,521,514,524,99.42748091603052,98.09160305343512,5000.0,25000.0,333
1641,F43,GOOD,21450,40336,5,53.17830226100754,373,20.72222222222222,378.0,98.67724867724868,51,373,373,375,99.46666666666668,99.46666666666668,7500.0,37500.0,735
1642,F13,GOOD,17974,26234,6,68.51414195319052,518,20.72,525.0,98.66666666666669,51,521,518,524,99.42748091603052,98.85496183206108,5000.0,30000.0,400
1643,F43,GOOD,21621,42540,6,50.82510578279267,373,20.72222222222222,378.0,98.67724867724868,51,373,373,376,99.20212765957449,99.20212765957449,7500.0,45000.0,882
1644,F13,GOOD,19345,29021,7,66.65862651183626,518,20.72,525.0,98.66666666666669,51,522,518,524,99.61832061068702,98.85496183206108,5000.0,35000.0,467
1645,F43,GOOD,21498,45954,7,46.78156417286852,373,20.72222222222222,378.0,98.67724867724868,51,373,373,376,99.20212765957449,99.20212765957449,7500.0,52500.0,1029
1646,F13,GOOD,20857,32104,8,64.96698230750061,518,20.72,525.0,98.66666666666669,51,522,519,524,99.61832061068702,99.04580152671755,5000.0,40000.0,533
1647,F43,GOOD,21456,46519,8,46.123089490315785,373,20.72222222222222,378.0,98.67724867724868,51,373,373,376,99.20212765957449,99.20212765957449,7500.0,60000.0,1176
1648,F13,GOOD,20857,32104,9,64.96698230750061,518,20.72,525.0,98.66666666666669,51,522,519,524,99.61832061068702,99.04580152671755,5000.0,45000.0,600
1649,F43,GOOD,21080,49452,9,42.62719404675241,373,20.72222222222222,378.0,98.67724867724868,51,373,373,376,99.20212765957449,99.20212765957449,7500.0,67500.0,1324
1650,F13,GOOD,21823,34254,10,63.70934781339406,518,20.72,525.0,98.66666666666669,51,523,520,524,99.80916030534353,99.23664122137404,5000.0,50000.0,667
1651,F43,GOOD,20272,52531,10,38.59054653442729,373,20.72222222222222,378.0,98.67724867724868,51,373,373,376,99.20212765957449,99.20212765957449,7500.0,75000.0,1471
1652,F13,GOOD,21823,34254,11,63.70934781339406,518,20.72,525.0,98.66666666666669,51,523,520,524,99.80916030534353,99.23664122137404,5000.0,55000.0,733
1653,F43,GOOD,19801,54137,11,36.57572455067699,373,20.72222222222222,378.0,98.67724867724868,51,373,373,376,99.20212765957449,99.20212765957449,7500.0,82500.0,1618
1654,F13,GOOD,22439,35835,12,62.617552671968745,518,20.72,525.0,98.66666666666669,51,523,520,524,99.80916030534353,99.23664122137404,5000.0,60000.0,800
1655,F43,GOOD,18807,56896,12,33.055047806524186,373,20.72222222222222,378.0,98.67724867724868,51,374,373,376,99.46808510638296,99.20212765957449,7500.0,90000.0,1765
1656,F13,GOOD,23391,38179,13,61.266664920506045,518,20.72,525.0,98.66666666666669,51,523,521,524,99.80916030534353,99.42748091603052,5000.0,65000.0,867
1657,F43,GOOD,18135,58460,13,31.021211084502227,373,20.72222222222222,378.0,98.67724867724868,51,374,373,376,99.46808510638296,99.20212765957449,7500.0,97500.0,1912
1658,F13,GOOD,24791,42263,14,58.65887419255613,518,20.72,525.0,98.66666666666669,51,523,522,524,99.80916030534353,99.61832061068702,5000.0,70000.0,933
1659,F43,GOOD,17492,59548,14,29.3746221535568,373,20.72222222222222,378.0,98.67724867724868,51,374,373,377,99.20424403183024,98.93899204244032,7500.0,105000.0,2059
1660,F13,GOOD,25221,43889,15,57.465424138166746,518,20.72,525.0,98.66666666666669,51,524,522,524,100.0,99.61832061068702,5000.0,75000.0,1000
1661,F43,GOOD,16650,60720,15,27.420948616600796,373,20.72222222222222,378.0,98.67724867724868,51,375,373,377,99.46949602122017,98.93899204244032,7500.0,112500.0,2206
1662,F13,GOOD,25521,45010,16,56.70073317040658,518,20.72,525.0,98.66666666666669,51,524,522,524,100.0,99.61832061068702,5000.0,80000.0,1067
1663,F43,GOOD,15924,61828,16,25.75532121368959,373,20.72222222222222,378.0,98.67724867724868,51,375,373,377,99.46949602122017,98.93899204244032,7500.0,120000.0,2353
1664,F13,GOOD,6,7,1,85.71428571428571,6,1.0,525.0,1.1428571428571428,52,0,0,6,0.0,0.0,5000.0,5000.0,67
1665,F43,GOOD,9073,10887,1,83.33792596674934,373,20.72222222222222,378.0,98.67724867724868,52,370,332,374,98.93048128342244,88.77005347593582,7500.0,7500.0,147
1666,F13,GOOD,7199,9089,2,79.20563318296843,518,20.72,525.0,98.66666666666669,52,498,396,524,95.0381679389313,75.57251908396947,5000.0,10000.0,133
1667,F43,GOOD,14652,19383,2,75.59201362018263,373,20.72222222222222,378.0,98.67724867724868,52,373,370,375,99.46666666666668,98.66666666666669,7500.0,15000.0,294
1668,F13,GOOD,9851,12816,3,76.86485642946317,518,20.72,525.0,98.66666666666669,52,510,477,524,97.32824427480917,91.03053435114504,5000.0,15000.0,200
1669,F43,GOOD,19590,30714,3,63.78198866966205,373,20.72222222222222,378.0,98.67724867724868,52,373,373,375,99.46666666666668,99.46666666666668,7500.0,22500.0,441
1670,F13,GOOD,16270,23011,4,70.70531484941984,518,20.72,525.0,98.66666666666669,52,522,517,524,99.61832061068702,98.66412213740458,5000.0,20000.0,267
1671,F43,GOOD,20754,35234,4,58.90333200885508,373,20.72222222222222,378.0,98.67724867724868,52,373,373,376,99.20212765957449,99.20212765957449,7500.0,30000.0,588
1672,F13,GOOD,16272,23013,5,70.70786077434494,518,20.72,525.0,98.66666666666669,52,522,517,524,99.61832061068702,98.66412213740458,5000.0,25000.0,333
1673,F43,GOOD,21523,39927,5,53.90587822776567,373,20.72222222222222,378.0,98.67724867724868,52,373,373,377,98.93899204244032,98.93899204244032,7500.0,37500.0,735
1674,F13,GOOD,18030,26184,6,68.85884509624198,518,20.72,525.0,98.66666666666669,52,522,518,524,99.61832061068702,98.85496183206108,5000.0,30000.0,400
1675,F43,GOOD,21643,42121,6,51.38292063341326,373,20.72222222222222,378.0,98.67724867724868,52,373,373,377,98.93899204244032,98.93899204244032,7500.0,45000.0,882
1676,F13,GOOD,19194,28427,7,67.52031519330214,518,20.72,525.0,98.66666666666669,52,522,518,524,99.61832061068702,98.85496183206108,5000.0,35000.0,467
1677,F43,GOOD,21375,47418,7,45.07781854991775,373,20.72222222222222,378.0,98.67724867724868,52,374,373,377,99.20424403183024,98.93899204244032,7500.0,52500.0,1029
1678,F13,GOOD,21182,32859,8,64.46331294318148,518,20.72,525.0,98.66666666666669,52,522,521,524,99.61832061068702,99.42748091603052,5000.0,40000.0,533
1679,F43,GOOD,21176,49387,8,42.87768036122866,373,20.72222222222222,378.0,98.67724867724868,52,374,373,377,99.20424403183024,98.93899204244032,7500.0,60000.0,1176
1680,F13,GOOD,21802,34213,9,63.72431531873849,518,20.72,525.0,98.66666666666669,52,522,521,524,99.61832061068702,99.42748091603052,5000.0,45000.0,600
1681,F43,GOOD,20458,52439,9,39.01294837811552,373,20.72222222222222,378.0,98.67724867724868,52,374,373,377,99.20424403183024,98.93899204244032,7500.0,67500.0,1324
1682,F13,GOOD,22235,35383,10,62.84091230251816,518,20.72,525.0,98.66666666666669,52,523,521,524,99.80916030534353,99.42748091603052,5000.0,50000.0,667
1683,F43,GOOD,19504,54981,10,35.47407286153398,373,20.72222222222222,378.0,98.67724867724868,52,374,373,377,99.20424403183024,98.93899204244032,7500.0,75000.0,1471
1684,F13,GOOD,23214,37842,11,61.34453781512605,518,20.72,525.0,98.66666666666669,52,523,521,524,99.80916030534353,99.42748091603052,5000.0,55000.0,733
1685,F43,GOOD,19391,55268,11,35.085402040964034,373,20.72222222222222,378.0,98.67724867724868,52,374,373,377,99.20424403183024,98.93899204244032,7500.0,82500.0,1618
1686,F13,GOOD,24011,40090,12,59.892741332003,518,20.72,525.0,98.66666666666669,52,523,521,524,99.80916030534353,99.42748091603052,5000.0,60000.0,800
1687,F43,GOOD,18677,56913,12,32.81675539859083,373,20.72222222222222,378.0,98.67724867724868,52,374,373,377,99.20424403183024,98.93899204244032,7500.0,90000.0,1765
1688,F13,GOOD,24011,40090,13,59.892741332003,518,20.72,525.0,98.66666666666669,52,523,521,524,99.80916030534353,99.42748091603052,5000.0,65000.0,867
1689,F43,GOOD,18159,58118,13,31.245053167693317,373,20.72222222222222,378.0,98.67724867724868,52,374,373,377,99.20424403183024,98.93899204244032,7500.0,97500.0,1912
1690,F13,GOOD,24496,41789,14,58.618296680944745,518,20.72,525.0,98.66666666666669,52,524,522,524,100.0,99.61832061068702,5000.0,70000.0,933
1691,F43,GOOD,17309,59436,14,29.12208089373444,373,20.72222222222222,378.0,98.67724867724868,52,375,373,377,99.46949602122017,98.93899204244032,7500.0,105000.0,2059
1692,F13,GOOD,24877,42980,15,57.880409492787344,518,20.72,525.0,98.66666666666669,52,524,522,524,100.0,99.61832061068702,5000.0,75000.0,1000
1693,F43,GOOD,16645,60704,15,27.419939377965207,373,20.72222222222222,378.0,98.67724867724868,52,375,373,377,99.46949602122017,98.93899204244032,7500.0,112500.0,2206
1694,F13,GOOD,25521,45010,16,56.70073317040658,518,20.72,525.0,98.66666666666669,52,524,522,524,100.0,99.61832061068702,5000.0,80000.0,1067
1695,F43,GOOD,15924,61828,16,25.75532121368959,373,20.72222222222222,378.0,98.67724867724868,52,375,373,377,99.46949602122017,98.93899204244032,7500.0,120000.0,2353
1696,F13,GOOD,2845,3531,1,80.57207589917871,504,20.16,525.0,96.0,53,313,135,508,61.61417322834646,26.574803149606304,5000.0,5000.0,67
1697,F43,GOOD,11032,13800,1,79.94202898550725,373,20.72222222222222,378.0,98.67724867724868,53,373,359,376,99.20212765957449,95.47872340425532,7500.0,7500.0,147
1698,F13,GOOD,2847,3533,2,80.58307387489386,504,20.16,525.0,96.0,53,314,135,508,61.81102362204725,26.574803149606304,5000.0,10000.0,133
1699,F43,GOOD,16097,22295,2,72.20004485310608,373,20.72222222222222,378.0,98.67724867724868,53,373,373,376,99.20212765957449,99.20212765957449,7500.0,15000.0,294
1700,F13,GOOD,6421,8141,3,78.87237440117921,516,20.64,525.0,98.28571428571428,53,490,375,521,94.04990403071018,71.97696737044146,5000.0,15000.0,200
1701,F43,GOOD,18545,27770,3,66.78069859560676,373,20.72222222222222,378.0,98.67724867724868,53,373,373,376,99.20212765957449,99.20212765957449,7500.0,22500.0,441
1702,F13,GOOD,8116,10555,4,76.89246802463288,516,20.64,525.0,98.28571428571428,53,507,435,522,97.1264367816092,83.33333333333334,5000.0,20000.0,267
1703,F43,GOOD,21024,36779,4,57.16305500421436,373,20.72222222222222,378.0,98.67724867724868,53,373,373,376,99.20212765957449,99.20212765957449,7500.0,30000.0,588
1704,F13,GOOD,10115,13375,5,75.62616822429906,518,20.72,525.0,98.66666666666669,53,513,480,524,97.90076335877863,91.6030534351145,5000.0,25000.0,333
1705,F43,GOOD,21623,43204,5,50.04860661049902,373,20.72222222222222,378.0,98.67724867724868,53,373,373,376,99.20212765957449,99.20212765957449,7500.0,37500.0,735
1706,F13,GOOD,11739,15856,6,74.03506559031283,518,20.72,525.0,98.66666666666669,53,516,499,524,98.47328244274809,95.22900763358778,5000.0,30000.0,400
1707,F43,GOOD,21345,46698,6,45.70859565720159,373,20.72222222222222,378.0,98.67724867724868,53,373,373,376,99.20212765957449,99.20212765957449,7500.0,45000.0,882
1708,F13,GOOD,16067,22844,7,70.33356680091052,518,20.72,525.0,98.66666666666669,53,521,514,524,99.42748091603052,98.09160305343512,5000.0,35000.0,467
1709,F43,GOOD,21034,49430,7,42.55310540157799,373,20.72222222222222,378.0,98.67724867724868,53,374,373,377,99.20424403183024,98.93899204244032,7500.0,52500.0,1029
1710,F13,GOOD,16068,22847,8,70.32870836433668,518,20.72,525.0,98.66666666666669,53,521,514,524,99.42748091603052,98.09160305343512,5000.0,40000.0,533
1711,F43,GOOD,20676,51205,8,40.37886925104971,373,20.72222222222222,378.0,98.67724867724868,53,374,373,377,99.20424403183024,98.93899204244032,7500.0,60000.0,1176
1712,F13,GOOD,17389,25285,9,68.77199920901721,518,20.72,525.0,98.66666666666669,53,523,517,524,99.80916030534353,98.66412213740458,5000.0,45000.0,600
1713,F43,GOOD,19948,53545,9,37.25464562517509,373,20.72222222222222,378.0,98.67724867724868,53,374,373,377,99.20424403183024,98.93899204244032,7500.0,67500.0,1324
1714,F13,GOOD,19017,28278,10,67.25015913430936,518,20.72,525.0,98.66666666666669,53,524,519,524,100.0,99.04580152671755,5000.0,50000.0,667
1715,F43,GOOD,19889,53880,10,36.91351150705271,373,20.72222222222222,378.0,98.67724867724868,53,374,373,377,99.20424403183024,98.93899204244032,7500.0,75000.0,1471
1716,F13,GOOD,19019,28281,11,67.25009723842862,518,20.72,525.0,98.66666666666669,53,524,519,524,100.0,99.04580152671755,5000.0,55000.0,733
1717,F43,GOOD,19338,55087,11,35.10447110933614,373,20.72222222222222,378.0,98.67724867724868,53,374,373,377,99.20424403183024,98.93899204244032,7500.0,82500.0,1618
1718,F13,GOOD,20103,30601,12,65.6939315708637,518,20.72,525.0,98.66666666666669,53,524,519,524,100.0,99.04580152671755,5000.0,60000.0,800
1719,F43,GOOD,18606,56813,12,32.74954675866439,373,20.72222222222222,378.0,98.67724867724868,53,374,373,377,99.20424403183024,98.93899204244032,7500.0,90000.0,1765
1720,F13,GOOD,22635,36484,13,62.04089463874575,518,20.72,525.0,98.66666666666669,53,524,519,524,100.0,99.04580152671755,5000.0,65000.0,867
1721,F43,GOOD,18152,58024,13,31.28360678339997,373,20.72222222222222,378.0,98.67724867724868,53,374,373,377,99.20424403183024,98.93899204244032,7500.0,97500.0,1912
1722,F13,GOOD,23056,37564,14,61.37791502502395,518,20.72,525.0,98.66666666666669,53,524,519,524,100.0,99.04580152671755,5000.0,70000.0,933
1723,F43,GOOD,17198,59745,14,28.785672441208472,373,20.72222222222222,378.0,98.67724867724868,53,374,373,377,99.20424403183024,98.93899204244032,7500.0,105000.0,2059
1724,F13,GOOD,23913,39816,15,60.05877034358047,518,20.72,525.0,98.66666666666669,53,524,520,524,100.0,99.23664122137404,5000.0,75000.0,1000
1725,F43,GOOD,16446,60991,15,26.96463412634651,373,20.72222222222222,378.0,98.67724867724868,53,375,373,377,99.46949602122017,98.93899204244032,7500.0,112500.0,2206
1726,F13,GOOD,25521,45010,16,56.70073317040658,518,20.72,525.0,98.66666666666669,53,524,522,524,100.0,99.61832061068702,5000.0,80000.0,1067
1727,F43,GOOD,15924,61828,16,25.75532121368959,373,20.72222222222222,378.0,98.67724867724868,53,375,373,377,99.46949602122017,98.93899204244032,7500.0,120000.0,2353
1728,F13,GOOD,2984,3670,1,81.30790190735695,506,20.24,525.0,96.38095238095238,54,333,139,508,65.5511811023622,27.36220472440945,5000.0,5000.0,67
1729,F43,GOOD,12757,16466,1,77.47479655046763,373,20.72222222222222,378.0,98.67724867724868,54,373,365,375,99.46666666666668,97.33333333333334,7500.0,7500.0,147
1730,F13,GOOD,9442,12298,2,76.7767116604326,518,20.72,525.0,98.66666666666669,54,510,471,524,97.32824427480917,89.8854961832061,5000.0,10000.0,133
1731,F43,GOOD,16763,23839,2,70.31754687696632,373,20.72222222222222,378.0,98.67724867724868,54,373,373,376,99.20212765957449,99.20212765957449,7500.0,15000.0,294
1732,F13,GOOD,11190,14870,3,75.25218560860793,518,20.72,525.0,98.66666666666669,54,517,497,524,98.66412213740458,94.8473282442748,5000.0,15000.0,200
1733,F43,GOOD,19517,30710,3,63.55258873331162,373,20.72222222222222,378.0,98.67724867724868,54,373,373,376,99.20212765957449,99.20212765957449,7500.0,22500.0,441
1734,F13,GOOD,12952,17624,4,73.49069450748978,518,20.72,525.0,98.66666666666669,54,521,507,524,99.42748091603052,96.7557251908397,5000.0,20000.0,267
1735,F43,GOOD,21151,37580,4,56.28259712613092,373,20.72222222222222,378.0,98.67724867724868,54,373,373,376,99.20212765957449,99.20212765957449,7500.0,30000.0,588
1736,F13,GOOD,12953,17627,5,73.48385998751915,518,20.72,525.0,98.66666666666669,54,521,507,524,99.42748091603052,96.7557251908397,5000.0,25000.0,333
1737,F43,GOOD,21512,42440,5,50.688030160226205,373,20.72222222222222,378.0,98.67724867724868,54,374,373,376,99.46808510638296,99.20212765957449,7500.0,37500.0,735
1738,F13,GOOD,13884,19136,6,72.55434782608695,518,20.72,525.0,98.66666666666669,54,521,511,524,99.42748091603052,97.51908396946564,5000.0,30000.0,400
1739,F43,GOOD,21421,46653,6,45.91558956551561,373,20.72222222222222,378.0,98.67724867724868,54,374,373,376,99.46808510638296,99.20212765957449,7500.0,45000.0,882
1740,F13,GOOD,15934,22454,7,70.96285739734569,518,20.72,525.0,98.66666666666669,54,521,516,524,99.42748091603052,98.47328244274809,5000.0,35000.0,467
1741,F43,GOOD,21431,47146,7,45.45666652526195,373,20.72222222222222,378.0,98.67724867724868,54,374,373,376,99.46808510638296,99.20212765957449,7500.0,52500.0,1029
1742,F13,GOOD,20550,31276,8,65.70533316280854,518,20.72,525.0,98.66666666666669,54,523,521,524,99.80916030534353,99.42748091603052,5000.0,40000.0,533
1743,F43,GOOD,20974,49817,8,42.10209366280587,373,20.72222222222222,378.0,98.67724867724868,54,374,373,376,99.46808510638296,99.20212765957449,7500.0,60000.0,1176
1744,F13,GOOD,21672,33779,9,64.15820480179994,518,20.72,525.0,98.66666666666669,54,523,521,524,99.80916030534353,99.42748091603052,5000.0,45000.0,600
1745,F43,GOOD,20709,51122,9,40.50897852196706,373,20.72222222222222,378.0,98.67724867724868,54,374,373,377,99.20424403183024,98.93899204244032,7500.0,67500.0,1324
1746,F13,GOOD,21673,33780,10,64.15926583777383,518,20.72,525.0,98.66666666666669,54,523,521,524,99.80916030534353,99.42748091603052,5000.0,50000.0,667
1747,F43,GOOD,20244,52526,10,38.54091307162168,373,20.72222222222222,378.0,98.67724867724868,54,374,373,377,99.20424403183024,98.93899204244032,7500.0,75000.0,1471
1748,F13,GOOD,22484,35878,11,62.66793020792686,518,20.72,525.0,98.66666666666669,54,524,521,524,100.0,99.42748091603052,5000.0,55000.0,733
1749,F43,GOOD,19562,54601,11,35.827182652332375,373,20.72222222222222,378.0,98.67724867724868,54,374,373,377,99.20424403183024,98.93899204244032,7500.0,82500.0,1618
1750,F13,GOOD,23291,37897,12,61.458690661529936,518,20.72,525.0,98.66666666666669,54,524,521,524,100.0,99.42748091603052,5000.0,60000.0,800
1751,F43,GOOD,18550,56835,12,32.63833905164071,373,20.72222222222222,378.0,98.67724867724868,54,375,373,377,99.46949602122017,98.93899204244032,7500.0,90000.0,1765
1752,F13,GOOD,23291,37897,13,61.458690661529936,518,20.72,525.0,98.66666666666669,54,524,521,524,100.0,99.42748091603052,5000.0,65000.0,867
1753,F43,GOOD,18121,57677,13,31.41806959446573,373,20.72222222222222,378.0,98.67724867724868,54,375,373,377,99.46949602122017,98.93899204244032,7500.0,97500.0,1912
1754,F13,GOOD,24215,40246,14,60.16747005913631,518,20.72,525.0,98.66666666666669,54,524,521,524,100.0,99.42748091603052,5000.0,70000.0,933
1755,F43,GOOD,17342,59452,14,29.16975038686672,373,20.72222222222222,378.0,98.67724867724868,54,375,373,377,99.46949602122017,98.93899204244032,7500.0,105000.0,2059
1756,F13,GOOD,24557,41537,15,59.12078387943279,518,20.72,525.0,98.66666666666669,54,524,521,524,100.0,99.42748091603052,5000.0,75000.0,1000
1757,F43,GOOD,16414,61034,15,26.89320706491464,373,20.72222222222222,378.0,98.67724867724868,54,375,373,377,99.46949602122017,98.93899204244032,7500.0,112500.0,2206
1758,F13,GOOD,25521,45010,16,56.70073317040658,518,20.72,525.0,98.66666666666669,54,524,522,524,100.0,99.61832061068702,5000.0,80000.0,1067
1759,F43,GOOD,15924,61828,16,25.75532121368959,373,20.72222222222222,378.0,98.67724867724868,54,375,373,377,99.46949602122017,98.93899204244032,7500.0,120000.0,2353
1760,F13,GOOD,3378,4183,1,80.75543868037293,507,20.28,525.0,96.57142857142856,55,354,159,510,69.41176470588235,31.176470588235293,5000.0,5000.0,67
1761,F43,GOOD,13185,17157,1,76.84909949291834,373,20.72222222222222,378.0,98.67724867724868,55,373,369,374,99.73262032085562,98.66310160427808,7500.0,7500.0,147
1762,F13,GOOD,6911,8765,2,78.84768967484312,516,20.64,525.0,98.28571428571428,55,499,389,521,95.77735124760078,74.6641074856046,5000.0,10000.0,133
1763,F43,GOOD,16786,23498,2,71.43586688228785,373,20.72222222222222,378.0,98.67724867724868,55,373,373,375,99.46666666666668,99.46666666666668,7500.0,15000.0,294
1764,F13,GOOD,8116,10555,3,76.89246802463288,516,20.64,525.0,98.28571428571428,55,507,435,522,97.1264367816092,83.33333333333334,5000.0,15000.0,200
1765,F43,GOOD,19916,31557,3,63.11119561428527,373,20.72222222222222,378.0,98.67724867724868,55,373,373,376,99.20212765957449,99.20212765957449,7500.0,22500.0,441
1766,F13,GOOD,9550,12523,4,76.25968218478,517,20.68,525.0,98.47619047619048,55,512,474,523,97.89674952198853,90.63097514340345,5000.0,20000.0,267
1767,F43,GOOD,21205,37802,4,56.09491561293053,373,20.72222222222222,378.0,98.67724867724868,55,373,373,376,99.20212765957449,99.20212765957449,7500.0,30000.0,588
1768,F13,GOOD,16029,22757,5,70.43547040471064,518,20.72,525.0,98.66666666666669,55,521,516,524,99.42748091603052,98.47328244274809,5000.0,25000.0,333
1769,F43,GOOD,21524,41382,5,52.0129524914214,373,20.72222222222222,378.0,98.67724867724868,55,373,373,376,99.20212765957449,99.20212765957449,7500.0,37500.0,735
1770,F13,GOOD,16029,22757,6,70.43547040471064,518,20.72,525.0,98.66666666666669,55,521,516,524,99.42748091603052,98.47328244274809,5000.0,30000.0,400
1771,F43,GOOD,21466,45041,6,47.658799760218464,373,20.72222222222222,378.0,98.67724867724868,55,373,373,376,99.20212765957449,99.20212765957449,7500.0,45000.0,882
1772,F13,GOOD,17280,24955,7,69.24464035263475,518,20.72,525.0,98.66666666666669,55,521,518,524,99.42748091603052,98.85496183206108,5000.0,35000.0,467
1773,F43,GOOD,21180,48316,7,43.8364102988658,373,20.72222222222222,378.0,98.67724867724868,55,373,373,376,99.20212765957449,99.20212765957449,7500.0,52500.0,1029
1774,F13,GOOD,18928,27906,8,67.82770730308894,518,20.72,525.0,98.66666666666669,55,522,518,524,99.61832061068702,98.85496183206108,5000.0,40000.0,533
1775,F43,GOOD,20729,51066,8,40.59256648259116,373,20.72222222222222,378.0,98.67724867724868,55,373,373,376,99.20212765957449,99.20212765957449,7500.0,60000.0,1176
1776,F13,GOOD,19834,29926,9,66.27681614649468,518,20.72,525.0,98.66666666666669,55,524,521,524,100.0,99.42748091603052,5000.0,45000.0,600
1777,F43,GOOD,20073,53385,9,37.60044956448441,373,20.72222222222222,378.0,98.67724867724868,55,374,373,376,99.46808510638296,99.20212765957449,7500.0,67500.0,1324
1778,F13,GOOD,20781,31972,10,64.99749781058426,518,20.72,525.0,98.66666666666669,55,524,521,524,100.0,99.42748091603052,5000.0,50000.0,667
1779,F43,GOOD,18971,56386,10,33.64487638775582,373,20.72222222222222,378.0,98.67724867724868,55,374,373,376,99.46808510638296,99.20212765957449,7500.0,75000.0,1471
1780,F13,GOOD,22737,36679,11,61.98914910439216,518,20.72,525.0,98.66666666666669,55,524,521,524,100.0,99.42748091603052,5000.0,55000.0,733
1781,F43,GOOD,18407,57737,11,31.88076969707467,373,20.72222222222222,378.0,98.67724867724868,55,374,373,376,99.46808510638296,99.20212765957449,7500.0,82500.0,1618
1782,F13,GOOD,23408,38578,12,60.67706983254705,518,20.72,525.0,98.66666666666669,55,524,521,524,100.0,99.42748091603052,5000.0,60000.0,800
1783,F43,GOOD,17674,59007,12,29.952378531360687,373,20.72222222222222,378.0,98.67724867724868,55,374,373,376,99.46808510638296,99.20212765957449,7500.0,90000.0,1765
1784,F13,GOOD,24898,42897,13,58.04135487330117,518,20.72,525.0,98.66666666666669,55,524,522,524,100.0,99.61832061068702,5000.0,65000.0,867
1785,F43,GOOD,17048,60106,13,28.36322496922104,373,20.72222222222222,378.0,98.67724867724868,55,375,373,377,99.46949602122017,98.93899204244032,7500.0,97500.0,1912
1786,F13,GOOD,25521,45010,14,56.70073317040658,518,20.72,525.0,98.66666666666669,55,524,522,524,100.0,99.61832061068702,5000.0,70000.0,933
1787,F43,GOOD,16894,60293,14,28.019836465261307,373,20.72222222222222,378.0,98.67724867724868,55,375,373,377,99.46949602122017,98.93899204244032,7500.0,105000.0,2059
1788,F13,GOOD,25521,45010,15,56.70073317040658,518,20.72,525.0,98.66666666666669,55,524,522,524,100.0,99.61832061068702,5000.0,75000.0,1000
1789,F43,GOOD,16429,61162,15,26.86144991988489,373,20.72222222222222,378.0,98.67724867724868,55,375,373,377,99.46949602122017,98.93899204244032,7500.0,112500.0,2206
1790,F13,GOOD,25521,45010,16,56.70073317040658,518,20.72,525.0,98.66666666666669,55,524,522,524,100.0,99.61832061068702,5000.0,80000.0,1067
1791,F43,GOOD,15924,61828,16,25.75532121368959,373,20.72222222222222,378.0,98.67724867724868,55,375,373,377,99.46949602122017,98.93899204244032,7500.0,120000.0,2353
1792,F13,GOOD,7867,10082,1,78.03015274747074,518,20.72,525.0,98.66666666666669,56,501,440,523,95.79349904397706,84.13001912045888,5000.0,5000.0,67
1793,F43,GOOD,8230,9749,1,84.41891476048825,372,20.666666666666668,378.0,98.4126984126984,56,362,322,372,97.31182795698923,86.55913978494624,7500.0,7500.0,147
1794,F13,GOOD,10885,14318,2,76.02318759603297,518,20.72,525.0,98.66666666666669,56,513,488,523,98.08795411089864,93.30783938814533,5000.0,10000.0,133
1795,F43,GOOD,13465,17281,2,77.91794456339332,373,20.72222222222222,378.0,98.67724867724868,56,373,366,374,99.73262032085562,97.86096256684492,7500.0,15000.0,294
1796,F13,GOOD,10884,14320,3,76.00558659217877,518,20.72,525.0,98.66666666666669,56,513,488,523,98.08795411089864,93.30783938814533,5000.0,15000.0,200
1797,F43,GOOD,18311,26806,3,68.3093337312542,373,20.72222222222222,378.0,98.67724867724868,56,373,373,375,99.46666666666668,99.46666666666668,7500.0,22500.0,441
1798,F13,GOOD,15745,22278,4,70.67510548523207,518,20.72,525.0,98.66666666666669,56,520,515,524,99.23664122137404,98.2824427480916,5000.0,20000.0,267
1799,F43,GOOD,20081,32130,4,62.49922191098661,373,20.72222222222222,378.0,98.67724867724868,56,373,373,376,99.20212765957449,99.20212765957449,7500.0,30000.0,588
1800,F13,GOOD,15745,22278,5,70.67510548523207,518,20.72,525.0,98.66666666666669,56,520,515,524,99.23664122137404,98.2824427480916,5000.0,25000.0,333
1801,F43,GOOD,20743,34957,5,59.338616013960014,373,20.72222222222222,378.0,98.67724867724868,56,373,373,376,99.20212765957449,99.20212765957449,7500.0,37500.0,735
1802,F13,GOOD,17157,24839,6,69.07282901888159,518,20.72,525.0,98.66666666666669,56,521,517,524,99.42748091603052,98.66412213740458,5000.0,30000.0,400
1803,F43,GOOD,21380,40659,6,52.58368380924272,373,20.72222222222222,378.0,98.67724867724868,56,373,373,376,99.20212765957449,99.20212765957449,7500.0,45000.0,882
1804,F13,GOOD,18329,26980,7,67.93550778354337,518,20.72,525.0,98.66666666666669,56,522,520,524,99.61832061068702,99.23664122137404,5000.0,35000.0,467
1805,F43,GOOD,21506,44301,7,48.54517956705266,373,20.72222222222222,378.0,98.67724867724868,56,373,373,376,99.20212765957449,99.20212765957449,7500.0,52500.0,1029
1806,F13,GOOD,19139,28494,8,67.168526707377,518,20.72,525.0,98.66666666666669,56,522,520,524,99.61832061068702,99.23664122137404,5000.0,40000.0,533
1807,F43,GOOD,21160,48207,8,43.89404028460597,373,20.72222222222222,378.0,98.67724867724868,56,373,373,376,99.20212765957449,99.20212765957449,7500.0,60000.0,1176
1808,F13,GOOD,21631,33701,9,64.18503901961367,518,20.72,525.0,98.66666666666669,56,523,521,524,99.80916030534353,99.42748091603052,5000.0,45000.0,600
1809,F43,GOOD,20747,50430,9,41.14019432877256,373,20.72222222222222,378.0,98.67724867724868,56,373,373,377,98.93899204244032,98.93899204244032,7500.0,67500.0,1324
1810,F13,GOOD,21632,33702,10,64.18610171503175,518,20.72,525.0,98.66666666666669,56,523,521,524,99.80916030534353,99.42748091603052,5000.0,50000.0,667
1811,F43,GOOD,20343,52085,10,39.057310166074686,373,20.72222222222222,378.0,98.67724867724868,56,374,373,377,99.20424403183024,98.93899204244032,7500.0,75000.0,1471
1812,F13,GOOD,22863,36363,11,62.87435030113026,518,20.72,525.0,98.66666666666669,56,523,521,524,99.80916030534353,99.42748091603052,5000.0,55000.0,733
1813,F43,GOOD,19618,54794,11,35.80319013030624,373,20.72222222222222,378.0,98.67724867724868,56,374,373,377,99.20424403183024,98.93899204244032,7500.0,82500.0,1618
1814,F13,GOOD,23498,38277,12,61.38934608250385,518,20.72,525.0,98.66666666666669,56,523,521,524,99.80916030534353,99.42748091603052,5000.0,60000.0,800
1815,F43,GOOD,18992,56497,12,33.61594420942705,373,20.72222222222222,378.0,98.67724867724868,56,374,373,377,99.20424403183024,98.93899204244032,7500.0,90000.0,1765
1816,F13,GOOD,23889,39617,13,60.29987126738522,518,20.72,525.0,98.66666666666669,56,524,522,524,100.0,99.61832061068702,5000.0,65000.0,867
1817,F43,GOOD,18109,58536,13,30.93651769851032,373,20.72222222222222,378.0,98.67724867724868,56,374,373,377,99.20424403183024,98.93899204244032,7500.0,97500.0,1912
1818,F13,GOOD,24488,41340,14,59.23560716013546,518,20.72,525.0,98.66666666666669,56,524,522,524,100.0,99.61832061068702,5000.0,70000.0,933
1819,F43,GOOD,16877,60607,14,27.84661837741515,373,20.72222222222222,378.0,98.67724867724868,56,374,373,377,99.20424403183024,98.93899204244032,7500.0,105000.0,2059
1820,F13,GOOD,25177,43521,15,57.85023322074401,518,20.72,525.0,98.66666666666669,56,524,522,524,100.0,99.61832061068702,5000.0,75000.0,1000
1821,F43,GOOD,16733,60786,15,27.52772019872997,373,20.72222222222222,378.0,98.67724867724868,56,374,373,377,99.20424403183024,98.93899204244032,7500.0,112500.0,2206
1822,F13,GOOD,25521,45010,16,56.70073317040658,518,20.72,525.0,98.66666666666669,56,524,522,524,100.0,99.61832061068702,5000.0,80000.0,1067
1823,F43,GOOD,15924,61828,16,25.75532121368959,373,20.72222222222222,378.0,98.67724867724868,56,375,373,377,99.46949602122017,98.93899204244032,7500.0,120000.0,2353
1824,F13,GOOD,7867,10082,1,78.03015274747074,518,20.72,525.0,98.66666666666669,57,501,440,523,95.79349904397706,84.13001912045888,5000.0,5000.0,67
1825,F43,GOOD,8230,9749,1,84.41891476048825,372,20.666666666666668,378.0,98.4126984126984,57,362,322,372,97.31182795698923,86.55913978494624,7500.0,7500.0,147
1826,F13,GOOD,12881,17341,2,74.28060665474887,518,20.72,525.0,98.66666666666669,57,517,504,524,98.66412213740458,96.18320610687024,5000.0,10000.0,133
1827,F43,GOOD,13345,17392,2,76.73068077276909,373,20.72222222222222,378.0,98.67724867724868,57,373,368,375,99.46666666666668,98.13333333333333,7500.0,15000.0,294
1828,F13,GOOD,15124,20807,3,72.68707646465133,518,20.72,525.0,98.66666666666669,57,520,510,524,99.23664122137404,97.32824427480917,5000.0,15000.0,200
1829,F43,GOOD,18258,27070,3,67.44735869966753,373,20.72222222222222,378.0,98.67724867724868,57,373,373,376,99.20212765957449,99.20212765957449,7500.0,22500.0,441
1830,F13,GOOD,15125,20809,4,72.6848959584795,518,20.72,525.0,98.66666666666669,57,520,510,524,99.23664122137404,97.32824427480917,5000.0,20000.0,267
1831,F43,GOOD,20701,34504,4,59.99594249942035,373,20.72222222222222,378.0,98.67724867724868,57,373,373,376,99.20212765957449,99.20212765957449,7500.0,30000.0,588
1832,F13,GOOD,15125,20810,5,72.68140317155213,518,20.72,525.0,98.66666666666669,57,520,510,524,99.23664122137404,97.32824427480917,5000.0,25000.0,333
1833,F43,GOOD,21165,37131,5,57.0008887452533,373,20.72222222222222,378.0,98.67724867724868,57,373,373,377,98.93899204244032,98.93899204244032,7500.0,37500.0,735
1834,F13,GOOD,16783,23776,6,70.58798788694482,518,20.72,525.0,98.66666666666669,57,520,514,524,99.23664122137404,98.09160305343512,5000.0,30000.0,400
1835,F43,GOOD,21796,42941,6,50.758016813767725,373,20.72222222222222,378.0,98.67724867724868,57,373,373,377,98.93899204244032,98.93899204244032,7500.0,45000.0,882
1836,F13,GOOD,18499,26912,7,68.73885255648038,518,20.72,525.0,98.66666666666669,57,522,517,524,99.61832061068702,98.66412213740458,5000.0,35000.0,467
1837,F43,GOOD,21730,45721,7,47.52739441394545,373,20.72222222222222,378.0,98.67724867724868,57,373,373,377,98.93899204244032,98.93899204244032,7500.0,52500.0,1029
1838,F13,GOOD,19555,28961,8,67.52183971547943,518,20.72,525.0,98.66666666666669,57,522,517,524,99.61832061068702,98.66412213740458,5000.0,40000.0,533
1839,F43,GOOD,21354,48661,8,43.8831918785064,373,20.72222222222222,378.0,98.67724867724868,57,373,373,377,98.93899204244032,98.93899204244032,7500.0,60000.0,1176
1840,F13,GOOD,20488,31149,9,65.77418215673056,518,20.72,525.0,98.66666666666669,57,522,517,524,99.61832061068702,98.66412213740458,5000.0,45000.0,600
1841,F43,GOOD,20926,51064,9,40.979946733510886,373,20.72222222222222,378.0,98.67724867724868,57,373,373,377,98.93899204244032,98.93899204244032,7500.0,67500.0,1324
1842,F13,GOOD,21371,33262,10,64.25049606157177,518,20.72,525.0,98.66666666666669,57,523,519,524,99.80916030534353,99.04580152671755,5000.0,50000.0,667
1843,F43,GOOD,20122,53404,10,37.67882555613812,373,20.72222222222222,378.0,98.67724867724868,57,374,373,377,99.20424403183024,98.93899204244032,7500.0,75000.0,1471
1844,F13,GOOD,22224,35232,11,63.07901907356949,518,20.72,525.0,98.66666666666669,57,523,520,524,99.80916030534353,99.23664122137404,5000.0,55000.0,733
1845,F43,GOOD,18920,56404,11,33.54372030352457,373,20.72222222222222,378.0,98.67724867724868,57,374,373,377,99.20424403183024,98.93899204244032,7500.0,82500.0,1618
1846,F13,GOOD,22585,36351,12,62.13034029325191,518,20.72,525.0,98.66666666666669,57,523,520,524,99.80916030534353,99.23664122137404,5000.0,60000.0,800
1847,F43,GOOD,18020,58380,12,30.866735183281943,373,20.72222222222222,378.0,98.67724867724868,57,375,373,377,99.46949602122017,98.93899204244032,7500.0,90000.0,1765
1848,F13,GOOD,23548,38783,13,60.717324600984966,518,20.72,525.0,98.66666666666669,57,524,520,524,100.0,99.23664122137404,5000.0,65000.0,867
1849,F43,GOOD,17906,58604,13,30.554228380315333,373,20.72222222222222,378.0,98.67724867724868,57,375,373,377,99.46949602122017,98.93899204244032,7500.0,97500.0,1912
1850,F13,GOOD,23549,38785,14,60.71677194791801,518,20.72,525.0,98.66666666666669,57,524,520,524,100.0,99.23664122137404,5000.0,70000.0,933
1851,F43,GOOD,17368,59449,14,29.214957358408043,373,20.72222222222222,378.0,98.67724867724868,57,375,373,377,99.46949602122017,98.93899204244032,7500.0,105000.0,2059
1852,F13,GOOD,25261,44089,15,57.29547052552791,518,20.72,525.0,98.66666666666669,57,524,522,524,100.0,99.61832061068702,5000.0,75000.0,1000
1853,F43,GOOD,16897,60430,15,27.961277511169943,373,20.72222222222222,378.0,98.67724867724868,57,375,373,377,99.46949602122017,98.93899204244032,7500.0,112500.0,2206
1854,F13,GOOD,25521,45010,16,56.70073317040658,518,20.72,525.0,98.66666666666669,57,524,522,524,100.0,99.61832061068702,5000.0,80000.0,1067
1855,F43,GOOD,15924,61828,16,25.75532121368959,373,20.72222222222222,378.0,98.67724867724868,57,375,373,377,99.46949602122017,98.93899204244032,7500.0,120000.0,2353
1856,F13,GOOD,2845,3531,1,80.57207589917871,504,20.16,525.0,96.0,58,313,135,508,61.61417322834646,26.574803149606304,5000.0,5000.0,67
1857,F43,GOOD,11032,13800,1,79.94202898550725,373,20.72222222222222,378.0,98.67724867724868,58,373,359,376,99.20212765957449,95.47872340425532,7500.0,7500.0,147
1858,F13,GOOD,5908,7507,2,78.69988011189555,518,20.72,525.0,98.66666666666669,58,478,340,523,91.39579349904398,65.00956022944551,5000.0,10000.0,133
1859,F43,GOOD,16238,22584,2,71.90046050301098,373,20.72222222222222,378.0,98.67724867724868,58,373,372,376,99.20212765957449,98.93617021276596,7500.0,15000.0,294
1860,F13,GOOD,8300,10771,3,77.05876891653514,518,20.72,525.0,98.66666666666669,58,504,438,524,96.18320610687024,83.58778625954199,5000.0,15000.0,200
1861,F43,GOOD,19996,32461,3,61.600073934875695,373,20.72222222222222,378.0,98.67724867724868,58,373,373,376,99.20212765957449,99.20212765957449,7500.0,22500.0,441
1862,F13,GOOD,9671,12707,4,76.10765719682065,518,20.72,525.0,98.66666666666669,58,514,468,524,98.09160305343512,89.31297709923665,5000.0,20000.0,267
1863,F43,GOOD,21180,38540,4,54.95588998443176,373,20.72222222222222,378.0,98.67724867724868,58,373,373,376,99.20212765957449,99.20212765957449,7500.0,30000.0,588
1864,F13,GOOD,14577,20311,5,71.76899217172961,518,20.72,525.0,98.66666666666669,58,520,515,524,99.23664122137404,98.2824427480916,5000.0,25000.0,333
1865,F43,GOOD,21437,42325,5,50.64855286473715,373,20.72222222222222,378.0,98.67724867724868,58,373,373,377,98.93899204244032,98.93899204244032,7500.0,37500.0,735
1866,F13,GOOD,15985,22752,6,70.25755977496485,518,20.72,525.0,98.66666666666669,58,522,517,524,99.61832061068702,98.66412213740458,5000.0,30000.0,400
1867,F43,GOOD,21251,46806,6,45.40229885057471,373,20.72222222222222,378.0,98.67724867724868,58,374,373,377,99.20424403183024,98.93899204244032,7500.0,45000.0,882
1868,F13,GOOD,16910,24413,7,69.26637447261706,518,20.72,525.0,98.66666666666669,58,523,518,524,99.80916030534353,98.85496183206108,5000.0,35000.0,467
1869,F43,GOOD,20868,49795,7,41.90782207048901,373,20.72222222222222,378.0,98.67724867724868,58,374,373,377,99.20424403183024,98.93899204244032,7500.0,52500.0,1029
1870,F13,GOOD,21259,33003,8,64.41535617974124,518,20.72,525.0,98.66666666666669,58,524,521,524,100.0,99.42748091603052,5000.0,40000.0,533
1871,F43,GOOD,20367,52023,8,39.14999134997982,373,20.72222222222222,378.0,98.67724867724868,58,375,373,377,99.46949602122017,98.93899204244032,7500.0,60000.0,1176
1872,F13,GOOD,21260,33005,9,64.41448265414331,518,20.72,525.0,98.66666666666669,58,524,521,524,100.0,99.42748091603052,5000.0,45000.0,600
1873,F43,GOOD,19539,54520,9,35.83822450476889,373,20.72222222222222,378.0,98.67724867724868,58,375,373,377,99.46949602122017,98.93899204244032,7500.0,67500.0,1324
1874,F13,GOOD,22423,35566,10,63.04616768824158,518,20.72,525.0,98.66666666666669,58,524,521,524,100.0,99.42748091603052,5000.0,50000.0,667
1875,F43,GOOD,18807,56758,10,33.13541703372212,373,20.72222222222222,378.0,98.67724867724868,58,375,373,377,99.46949602122017,98.93899204244032,7500.0,75000.0,1471
1876,F13,GOOD,23830,39490,11,60.34439098505951,518,20.72,525.0,98.66666666666669,58,524,521,524,100.0,99.42748091603052,5000.0,55000.0,733
1877,F43,GOOD,18290,57876,11,31.60204575298915,373,20.72222222222222,378.0,98.67724867724868,58,375,373,377,99.46949602122017,98.93899204244032,7500.0,82500.0,1618
1878,F13,GOOD,23831,39491,12,60.34539515332607,518,20.72,525.0,98.66666666666669,58,524,521,524,100.0,99.42748091603052,5000.0,60000.0,800
1879,F43,GOOD,17651,58934,12,29.950453049173653,373,20.72222222222222,378.0,98.67724867724868,58,375,373,377,99.46949602122017,98.93899204244032,7500.0,90000.0,1765
1880,F13,GOOD,23831,39492,13,60.34386711232654,518,20.72,525.0,98.66666666666669,58,524,521,524,100.0,99.42748091603052,5000.0,65000.0,867
1881,F43,GOOD,17250,59658,13,28.91481444232123,373,20.72222222222222,378.0,98.67724867724868,58,375,373,377,99.46949602122017,98.93899204244032,7500.0,97500.0,1912
1882,F13,GOOD,24593,41647,14,59.051072106034056,518,20.72,525.0,98.66666666666669,58,524,521,524,100.0,99.42748091603052,5000.0,70000.0,933
1883,F43,GOOD,16946,60164,14,28.16634532278439,373,20.72222222222222,378.0,98.67724867724868,58,375,373,377,99.46949602122017,98.93899204244032,7500.0,105000.0,2059
1884,F13,GOOD,24898,42897,15,58.04135487330117,518,20.72,525.0,98.66666666666669,58,524,522,524,100.0,99.61832061068702,5000.0,75000.0,1000
1885,F43,GOOD,16064,61667,15,26.04958892114097,373,20.72222222222222,378.0,98.67724867724868,58,375,373,377,99.46949602122017,98.93899204244032,7500.0,112500.0,2206
1886,F13,GOOD,25521,45010,16,56.70073317040658,518,20.72,525.0,98.66666666666669,58,524,522,524,100.0,99.61832061068702,5000.0,80000.0,1067
1887,F43,GOOD,15924,61828,16,25.75532121368959,373,20.72222222222222,378.0,98.67724867724868,58,375,373,377,99.46949602122017,98.93899204244032,7500.0,120000.0,2353
1888,F13,GOOD,7196,9084,1,79.21620431527961,518,20.72,525.0,98.66666666666669,59,498,396,524,95.0381679389313,75.57251908396947,5000.0,5000.0,67
1889,F43,GOOD,8785,10520,1,83.50760456273764,373,20.72222222222222,378.0,98.67724867724868,59,369,333,375,98.4,88.8,7500.0,7500.0,147
1890,F13,GOOD,9442,12298,2,76.7767116604326,518,20.72,525.0,98.66666666666669,59,510,471,524,97.32824427480917,89.8854961832061,5000.0,10000.0,133
1891,F43,GOOD,16763,23839,2,70.31754687696632,373,20.72222222222222,378.0,98.67724867724868,59,373,373,376,99.20212765957449,99.20212765957449,7500.0,15000.0,294
1892,F13,GOOD,12032,16012,3,75.14364226829878,518,20.72,525.0,98.66666666666669,59,518,500,524,98.85496183206108,95.41984732824427,5000.0,15000.0,200
1893,F43,GOOD,19892,32084,3,61.99975065453185,373,20.72222222222222,378.0,98.67724867724868,59,373,373,376,99.20212765957449,99.20212765957449,7500.0,22500.0,441
1894,F13,GOOD,16670,23530,4,70.84572885677858,518,20.72,525.0,98.66666666666669,59,521,515,524,99.42748091603052,98.2824427480916,5000.0,20000.0,267
1895,F43,GOOD,20922,36009,4,58.102141131383824,373,20.72222222222222,378.0,98.67724867724868,59,373,373,376,99.20212765957449,99.20212765957449,7500.0,30000.0,588
1896,F13,GOOD,17986,26006,5,69.16096285472582,518,20.72,525.0,98.66666666666669,59,521,517,524,99.42748091603052,98.66412213740458,5000.0,25000.0,333
1897,F43,GOOD,21548,41487,5,51.93916166509991,373,20.72222222222222,378.0,98.67724867724868,59,373,373,377,98.93899204244032,98.93899204244032,7500.0,37500.0,735
1898,F13,GOOD,19206,28445,6,67.51977500439445,518,20.72,525.0,98.66666666666669,59,523,518,524,99.80916030534353,98.85496183206108,5000.0,30000.0,400
1899,F43,GOOD,21499,46228,6,46.50644630959592,373,20.72222222222222,378.0,98.67724867724868,59,375,373,377,99.46949602122017,98.93899204244032,7500.0,45000.0,882
1900,F13,GOOD,19208,28448,7,67.51968503937007,518,20.72,525.0,98.66666666666669,59,523,518,524,99.80916030534353,98.85496183206108,5000.0,35000.0,467
1901,F43,GOOD,21199,48566,7,43.649878515834125,373,20.72222222222222,378.0,98.67724867724868,59,375,373,377,99.46949602122017,98.93899204244032,7500.0,52500.0,1029
1902,F13,GOOD,20106,30320,8,66.31266490765172,518,20.72,525.0,98.66666666666669,59,523,519,524,99.80916030534353,99.04580152671755,5000.0,40000.0,533
1903,F43,GOOD,20734,51316,8,40.40455218645257,373,20.72222222222222,378.0,98.67724867724868,59,375,373,377,99.46949602122017,98.93899204244032,7500.0,60000.0,1176
1904,F13,GOOD,20106,30321,9,66.31047788661324,518,20.72,525.0,98.66666666666669,59,523,519,524,99.80916030534353,99.04580152671755,5000.0,45000.0,600
1905,F43,GOOD,19924,53858,9,36.99357569906049,373,20.72222222222222,378.0,98.67724867724868,59,375,373,377,99.46949602122017,98.93899204244032,7500.0,67500.0,1324
1906,F13,GOOD,22789,36533,10,62.379218788492594,518,20.72,525.0,98.66666666666669,59,524,521,524,100.0,99.42748091603052,5000.0,50000.0,667
1907,F43,GOOD,19357,55508,10,34.87245081790012,373,20.72222222222222,378.0,98.67724867724868,59,375,373,377,99.46949602122017,98.93899204244032,7500.0,75000.0,1471
1908,F13,GOOD,22789,36534,11,62.37751135928177,518,20.72,525.0,98.66666666666669,59,524,521,524,100.0,99.42748091603052,5000.0,55000.0,733
1909,F43,GOOD,18973,56459,11,33.60491684231035,373,20.72222222222222,378.0,98.67724867724868,59,375,373,377,99.46949602122017,98.93899204244032,7500.0,82500.0,1618
1910,F13,GOOD,23678,38821,12,60.99276164962263,518,20.72,525.0,98.66666666666669,59,524,521,524,100.0,99.42748091603052,5000.0,60000.0,800
1911,F43,GOOD,18636,57095,12,32.64033628163587,373,20.72222222222222,378.0,98.67724867724868,59,375,373,377,99.46949602122017,98.93899204244032,7500.0,90000.0,1765
1912,F13,GOOD,24058,39864,13,60.35019064820389,518,20.72,525.0,98.66666666666669,59,524,521,524,100.0,99.42748091603052,5000.0,65000.0,867
1913,F43,GOOD,17656,58941,13,29.95537910792148,373,20.72222222222222,378.0,98.67724867724868,59,375,373,377,99.46949602122017,98.93899204244032,7500.0,97500.0,1912
1914,F13,GOOD,24405,41167,14,59.282920786066505,518,20.72,525.0,98.66666666666669,59,524,521,524,100.0,99.42748091603052,5000.0,70000.0,933
1915,F43,GOOD,16758,60683,14,27.615641942553925,373,20.72222222222222,378.0,98.67724867724868,59,375,373,377,99.46949602122017,98.93899204244032,7500.0,105000.0,2059
1916,F13,GOOD,24898,42897,15,58.04135487330117,518,20.72,525.0,98.66666666666669,59,524,522,524,100.0,99.61832061068702,5000.0,75000.0,1000
1917,F43,GOOD,16064,61667,15,26.04958892114097,373,20.72222222222222,378.0,98.67724867724868,59,375,373,377,99.46949602122017,98.93899204244032,7500.0,112500.0,2206
1918,F13,GOOD,25521,45010,16,56.70073317040658,518,20.72,525.0,98.66666666666669,59,524,522,524,100.0,99.61832061068702,5000.0,80000.0,1067
1919,F43,GOOD,15924,61828,16,25.75532121368959,373,20.72222222222222,378.0,98.67724867724868,59,375,373,377,99.46949602122017,98.93899204244032,7500.0,120000.0,2353
1920,F13,GOOD,9210,12072,1,76.29224652087476,518,20.72,525.0,98.66666666666669,60,515,472,523,98.47036328871891,90.24856596558315,5000.0,5000.0,67
1921,F43,GOOD,8872,10736,1,82.63785394932935,373,20.72222222222222,378.0,98.67724867724868,60,370,338,374,98.93048128342244,90.37433155080214,7500.0,7500.0,147
1922,F13,GOOD,12036,16192,2,74.33300395256917,518,20.72,525.0,98.66666666666669,60,518,502,523,99.04397705544932,95.9847036328872,5000.0,10000.0,133
1923,F43,GOOD,13860,18089,2,76.62115097573111,373,20.72222222222222,378.0,98.67724867724868,60,373,368,375,99.46666666666668,98.13333333333333,7500.0,15000.0,294
1924,F13,GOOD,14070,19489,3,72.19457129662887,518,20.72,525.0,98.66666666666669,60,519,512,523,99.23518164435946,97.89674952198853,5000.0,15000.0,200
1925,F43,GOOD,17671,25599,3,69.03004023594673,373,20.72222222222222,378.0,98.67724867724868,60,373,373,375,99.46666666666668,99.46666666666668,7500.0,22500.0,441
1926,F13,GOOD,14070,19489,4,72.19457129662887,518,20.72,525.0,98.66666666666669,60,519,512,523,99.23518164435946,97.89674952198853,5000.0,20000.0,267
1927,F43,GOOD,20033,31881,4,62.83679934757379,373,20.72222222222222,378.0,98.67724867724868,60,373,373,375,99.46666666666668,99.46666666666668,7500.0,30000.0,588
1928,F13,GOOD,16091,22741,5,70.75766237192735,518,20.72,525.0,98.66666666666669,60,520,515,523,99.4263862332696,98.47036328871891,5000.0,25000.0,333
1929,F43,GOOD,21267,37859,5,56.17422541535698,373,20.72222222222222,378.0,98.67724867724868,60,373,373,375,99.46666666666668,99.46666666666668,7500.0,37500.0,735
1930,F13,GOOD,18981,28228,6,67.24174578432762,518,20.72,525.0,98.66666666666669,60,522,518,524,99.61832061068702,98.85496183206108,5000.0,30000.0,400
1931,F43,GOOD,21612,41210,6,52.44358165493812,373,20.72222222222222,378.0,98.67724867724868,60,373,373,375,99.46666666666668,99.46666666666668,7500.0,45000.0,882
1932,F13,GOOD,18982,28229,7,67.2429062311807,518,20.72,525.0,98.66666666666669,60,522,518,524,99.61832061068702,98.85496183206108,5000.0,35000.0,467
1933,F43,GOOD,21648,43907,7,49.30421117361696,373,20.72222222222222,378.0,98.67724867724868,60,373,373,376,99.20212765957449,99.20212765957449,7500.0,52500.0,1029
1934,F13,GOOD,21532,33463,8,64.34569524549502,518,20.72,525.0,98.66666666666669,60,522,521,524,99.61832061068702,99.42748091603052,5000.0,40000.0,533
1935,F43,GOOD,21509,46617,8,46.13982023725251,373,20.72222222222222,378.0,98.67724867724868,60,373,373,377,98.93899204244032,98.93899204244032,7500.0,60000.0,1176
1936,F13,GOOD,22200,34973,9,63.47753981642982,518,20.72,525.0,98.66666666666669,60,523,521,524,99.80916030534353,99.42748091603052,5000.0,45000.0,600
1937,F43,GOOD,21049,49643,9,42.400741292830816,373,20.72222222222222,378.0,98.67724867724868,60,373,373,377,98.93899204244032,98.93899204244032,7500.0,67500.0,1324
1938,F13,GOOD,22200,34973,10,63.47753981642982,518,20.72,525.0,98.66666666666669,60,523,521,524,99.80916030534353,99.42748091603052,5000.0,50000.0,667
1939,F43,GOOD,20703,51349,10,40.31821457087772,373,20.72222222222222,378.0,98.67724867724868,60,373,373,377,98.93899204244032,98.93899204244032,7500.0,75000.0,1471
1940,F13,GOOD,22885,36928,11,61.97194540727903,518,20.72,525.0,98.66666666666669,60,524,521,524,100.0,99.42748091603052,5000.0,55000.0,733
1941,F43,GOOD,19891,53486,11,37.18917099801817,373,20.72222222222222,378.0,98.67724867724868,60,374,373,377,99.20424403183024,98.93899204244032,7500.0,82500.0,1618
1942,F13,GOOD,23623,38912,12,60.70877878289473,518,20.72,525.0,98.66666666666669,60,524,521,524,100.0,99.42748091603052,5000.0,60000.0,800
1943,F43,GOOD,19023,55975,12,33.98481464939705,373,20.72222222222222,378.0,98.67724867724868,60,375,373,377,99.46949602122017,98.93899204244032,7500.0,90000.0,1765
1944,F13,GOOD,24020,39954,13,60.119137007558685,518,20.72,525.0,98.66666666666669,60,524,521,524,100.0,99.42748091603052,5000.0,65000.0,867
1945,F43,GOOD,18059,57969,13,31.152857561800275,373,20.72222222222222,378.0,98.67724867724868,60,375,373,377,99.46949602122017,98.93899204244032,7500.0,97500.0,1912
1946,F13,GOOD,24359,41242,14,59.063575966248,518,20.72,525.0,98.66666666666669,60,524,522,524,100.0,99.61832061068702,5000.0,70000.0,933
1947,F43,GOOD,17240,59804,14,28.827503177045017,373,20.72222222222222,378.0,98.67724867724868,60,375,373,377,99.46949602122017,98.93899204244032,7500.0,105000.0,2059
1948,F13,GOOD,24898,42897,15,58.04135487330117,518,20.72,525.0,98.66666666666669,60,524,522,524,100.0,99.61832061068702,5000.0,75000.0,1000
1949,F43,GOOD,16064,61667,15,26.04958892114097,373,20.72222222222222,378.0,98.67724867724868,60,375,373,377,99.46949602122017,98.93899204244032,7500.0,112500.0,2206
1950,F13,GOOD,25521,45010,16,56.70073317040658,518,20.72,525.0,98.66666666666669,60,524,522,524,100.0,99.61832061068702,5000.0,80000.0,1067
1951,F43,GOOD,15924,61828,16,25.75532121368959,373,20.72222222222222,378.0,98.67724867724868,60,375,373,377,99.46949602122017,98.93899204244032,7500.0,120000.0,2353
1952,F13,GOOD,2459,3027,1,81.23554674595309,501,20.04,525.0,95.42857142857144,61,278,102,505,55.049504950495056,20.1980198019802,5000.0,5000.0,67
1953,F43,GOOD,9453,11602,1,81.47733149456991,373,20.72222222222222,378.0,98.67724867724868,61,371,344,373,99.46380697050938,92.22520107238606,7500.0,7500.0,147
1954,F13,GOOD,4190,5198,2,80.60792612543285,514,20.56,525.0,97.90476190476193,61,405,222,519,78.03468208092485,42.77456647398844,5000.0,10000.0,133
1955,F43,GOOD,16097,22286,2,72.22920218971551,373,20.72222222222222,378.0,98.67724867724868,61,373,371,373,100.0,99.46380697050938,7500.0,15000.0,294
1956,F13,GOOD,6266,8054,3,77.79985100571145,517,20.68,525.0,98.47619047619048,61,488,354,523,93.30783938814533,67.68642447418738,5000.0,15000.0,200
1957,F43,GOOD,19478,30843,3,63.15209285737444,373,20.72222222222222,378.0,98.67724867724868,61,373,373,375,99.46666666666668,99.46666666666668,7500.0,22500.0,441
1958,F13,GOOD,9105,11931,4,76.31380437515716,517,20.68,525.0,98.47619047619048,61,513,462,523,98.08795411089864,88.33652007648183,5000.0,20000.0,267
1959,F43,GOOD,21218,37592,4,56.44286018301767,373,20.72222222222222,378.0,98.67724867724868,61,373,373,375,99.46666666666668,99.46666666666668,7500.0,30000.0,588
1960,F13,GOOD,11986,16034,5,74.753648496944,518,20.72,525.0,98.66666666666669,61,517,501,524,98.66412213740458,95.61068702290076,5000.0,25000.0,333
1961,F43,GOOD,21417,38405,5,55.76617627913032,373,20.72222222222222,378.0,98.67724867724868,61,373,373,375,99.46666666666668,99.46666666666668,7500.0,37500.0,735
1962,F13,GOOD,14519,19947,6,72.7878879029428,518,20.72,525.0,98.66666666666669,61,520,512,524,99.23664122137404,97.70992366412212,5000.0,30000.0,400
1963,F43,GOOD,21549,40555,6,53.135248428060656,373,20.72222222222222,378.0,98.67724867724868,61,373,373,376,99.20212765957449,99.20212765957449,7500.0,45000.0,882
1964,F13,GOOD,18852,27608,7,68.2845552013909,518,20.72,525.0,98.66666666666669,61,521,516,524,99.42748091603052,98.47328244274809,5000.0,35000.0,467
1965,F43,GOOD,21609,43814,7,49.31985210206784,373,20.72222222222222,378.0,98.67724867724868,61,373,373,376,99.20212765957449,99.20212765957449,7500.0,52500.0,1029
1966,F13,GOOD,21823,34083,8,64.02898805856292,518,20.72,525.0,98.66666666666669,61,524,521,524,100.0,99.42748091603052,5000.0,40000.0,533
1967,F43,GOOD,21472,46644,8,46.03378783980791,373,20.72222222222222,378.0,98.67724867724868,61,373,373,376,99.20212765957449,99.20212765957449,7500.0,60000.0,1176
1968,F13,GOOD,22576,35995,9,62.71982219752743,518,20.72,525.0,98.66666666666669,61,524,521,524,100.0,99.42748091603052,5000.0,45000.0,600
1969,F43,GOOD,20818,51112,9,40.730161214587575,373,20.72222222222222,378.0,98.67724867724868,61,374,373,376,99.46808510638296,99.20212765957449,7500.0,67500.0,1324
1970,F13,GOOD,23271,37933,10,61.34763925869295,518,20.72,525.0,98.66666666666669,61,524,521,524,100.0,99.42748091603052,5000.0,50000.0,667
1971,F43,GOOD,20091,53170,10,37.786345683656194,373,20.72222222222222,378.0,98.67724867724868,61,374,373,376,99.46808510638296,99.20212765957449,7500.0,75000.0,1471
1972,F13,GOOD,24735,42056,11,58.81443789233403,518,20.72,525.0,98.66666666666669,61,524,521,524,100.0,99.42748091603052,5000.0,55000.0,733
1973,F43,GOOD,19576,54821,11,35.7089436529797,373,20.72222222222222,378.0,98.67724867724868,61,374,373,377,99.20424403183024,98.93899204244032,7500.0,82500.0,1618
1974,F13,GOOD,24735,42056,12,58.81443789233403,518,20.72,525.0,98.66666666666669,61,524,521,524,100.0,99.42748091603052,5000.0,60000.0,800
1975,F43,GOOD,18795,56633,12,33.18736425758833,373,20.72222222222222,378.0,98.67724867724868,61,374,373,377,99.20424403183024,98.93899204244032,7500.0,90000.0,1765
1976,F13,GOOD,24735,42056,13,58.81443789233403,518,20.72,525.0,98.66666666666669,61,524,521,524,100.0,99.42748091603052,5000.0,65000.0,867
1977,F43,GOOD,18286,57787,13,31.643795317285893,373,20.72222222222222,378.0,98.67724867724868,61,375,373,377,99.46949602122017,98.93899204244032,7500.0,97500.0,1912
1978,F13,GOOD,25308,44059,14,57.44115844662838,518,20.72,525.0,98.66666666666669,61,524,522,524,100.0,99.61832061068702,5000.0,70000.0,933
1979,F43,GOOD,17369,59647,14,29.119653964155784,373,20.72222222222222,378.0,98.67724867724868,61,375,373,377,99.46949602122017,98.93899204244032,7500.0,105000.0,2059
1980,F13,GOOD,25521,45010,15,56.70073317040658,518,20.72,525.0,98.66666666666669,61,524,522,524,100.0,99.61832061068702,5000.0,75000.0,1000
1981,F43,GOOD,16429,61162,15,26.86144991988489,373,20.72222222222222,378.0,98.67724867724868,61,375,373,377,99.46949602122017,98.93899204244032,7500.0,112500.0,2206
1982,F13,GOOD,25521,45010,16,56.70073317040658,518,20.72,525.0,98.66666666666669,61,524,522,524,100.0,99.61832061068702,5000.0,80000.0,1067
1983,F43,GOOD,15924,61828,16,25.75532121368959,373,20.72222222222222,378.0,98.67724867724868,61,375,373,377,99.46949602122017,98.93899204244032,7500.0,120000.0,2353
1984,F13,GOOD,7867,10082,1,78.03015274747074,518,20.72,525.0,98.66666666666669,62,501,440,523,95.79349904397706,84.13001912045888,5000.0,5000.0,67
1985,F43,GOOD,8230,9749,1,84.41891476048825,372,20.666666666666668,378.0,98.4126984126984,62,362,322,372,97.31182795698923,86.55913978494624,7500.0,7500.0,147
1986,F13,GOOD,10618,13901,2,76.38299402920653,518,20.72,525.0,98.66666666666669,62,516,486,523,98.66156787762908,92.92543021032505,5000.0,10000.0,133
1987,F43,GOOD,15708,21300,2,73.74647887323944,373,20.72222222222222,378.0,98.67724867724868,62,373,370,374,99.73262032085562,98.93048128342244,7500.0,15000.0,294
1988,F13,GOOD,12498,16839,3,74.22055941564226,518,20.72,525.0,98.66666666666669,62,518,502,523,99.04397705544932,95.9847036328872,5000.0,15000.0,200
1989,F43,GOOD,19353,30230,3,64.01918623883559,373,20.72222222222222,378.0,98.67724867724868,62,373,373,375,99.46666666666668,99.46666666666668,7500.0,22500.0,441
1990,F13,GOOD,14427,19998,4,72.14221422142214,518,20.72,525.0,98.66666666666669,62,521,510,523,99.61759082217974,97.51434034416826,5000.0,20000.0,267
1991,F43,GOOD,20586,35431,4,58.10166238604612,373,20.72222222222222,378.0,98.67724867724868,62,373,373,375,99.46666666666668,99.46666666666668,7500.0,30000.0,588
1992,F13,GOOD,16096,22777,5,70.66777889976731,518,20.72,525.0,98.66666666666669,62,522,514,523,99.80879541108987,98.2791586998088,5000.0,25000.0,333
1993,F43,GOOD,21526,42321,5,50.8636374376787,373,20.72222222222222,378.0,98.67724867724868,62,373,373,375,99.46666666666668,99.46666666666668,7500.0,37500.0,735
1994,F13,GOOD,16096,22780,6,70.65847234416155,518,20.72,525.0,98.66666666666669,62,522,514,523,99.80879541108987,98.2791586998088,5000.0,30000.0,400
1995,F43,GOOD,21417,45051,6,47.53945528401145,373,20.72222222222222,378.0,98.67724867724868,62,373,373,375,99.46666666666668,99.46666666666668,7500.0,45000.0,882
1996,F13,GOOD,16848,24160,7,69.73509933774834,518,20.72,525.0,98.66666666666669,62,522,517,523,99.80879541108987,98.8527724665392,5000.0,35000.0,467
1997,F43,GOOD,21009,48768,7,43.079478346456696,373,20.72222222222222,378.0,98.67724867724868,62,373,373,375,99.46666666666668,99.46666666666668,7500.0,52500.0,1029
1998,F13,GOOD,17703,25777,8,68.6775032005276,518,20.72,525.0,98.66666666666669,62,522,517,524,99.61832061068702,98.66412213740458,5000.0,40000.0,533
1999,F43,GOOD,20487,51468,8,39.80531592445792,373,20.72222222222222,378.0,98.67724867724868,62,373,373,375,99.46666666666668,99.46666666666668,7500.0,60000.0,1176
2000,F13,GOOD,19329,28847,9,67.00523451312095,518,20.72,525.0,98.66666666666669,62,523,517,524,99.80916030534353,98.66412213740458,5000.0,45000.0,600
2001,F43,GOOD,20211,52379,9,38.586074571870405,373,20.72222222222222,378.0,98.67724867724868,62,373,373,376,99.20212765957449,99.20212765957449,7500.0,67500.0,1324
2002,F13,GOOD,20537,31434,10,65.33371508557613,518,20.72,525.0,98.66666666666669,62,523,518,524,99.80916030534353,98.85496183206108,5000.0,50000.0,667
2003,F43,GOOD,19340,55161,10,35.061003245046315,373,20.72222222222222,378.0,98.67724867724868,62,373,373,376,99.20212765957449,99.20212765957449,7500.0,75000.0,1471
2004,F13,GOOD,20535,31434,11,65.32735254819622,518,20.72,525.0,98.66666666666669,62,523,518,524,99.80916030534353,98.85496183206108,5000.0,55000.0,733
2005,F43,GOOD,18513,57174,11,32.38010284395005,373,20.72222222222222,378.0,98.67724867724868,62,374,373,376,99.46808510638296,99.20212765957449,7500.0,82500.0,1618
2006,F13,GOOD,20535,31434,12,65.32735254819622,518,20.72,525.0,98.66666666666669,62,523,518,524,99.80916030534353,98.85496183206108,5000.0,60000.0,800
2007,F43,GOOD,18081,58009,12,31.16930131531314,373,20.72222222222222,378.0,98.67724867724868,62,374,373,376,99.46808510638296,99.20212765957449,7500.0,90000.0,1765
2008,F13,GOOD,22675,36345,13,62.38822396478195,518,20.72,525.0,98.66666666666669,62,523,520,524,99.80916030534353,99.23664122137404,5000.0,65000.0,867
2009,F43,GOOD,17462,59229,13,29.482179337824377,373,20.72222222222222,378.0,98.67724867724868,62,374,373,377,99.20424403183024,98.93899204244032,7500.0,97500.0,1912
2010,F13,GOOD,23011,37441,14,61.4593627306963,518,20.72,525.0,98.66666666666669,62,523,520,524,99.80916030534353,99.23664122137404,5000.0,70000.0,933
2011,F43,GOOD,16584,60818,14,27.268242954388505,373,20.72222222222222,378.0,98.67724867724868,62,375,373,377,99.46949602122017,98.93899204244032,7500.0,105000.0,2059
2012,F13,GOOD,24898,42897,15,58.04135487330117,518,20.72,525.0,98.66666666666669,62,524,522,524,100.0,99.61832061068702,5000.0,75000.0,1000
2013,F43,GOOD,16064,61667,15,26.04958892114097,373,20.72222222222222,378.0,98.67724867724868,62,375,373,377,99.46949602122017,98.93899204244032,7500.0,112500.0,2206
2014,F13,GOOD,25521,45010,16,56.70073317040658,518,20.72,525.0,98.66666666666669,62,524,522,524,100.0,99.61832061068702,5000.0,80000.0,1067
2015,F43,GOOD,15924,61828,16,25.75532121368959,373,20.72222222222222,378.0,98.67724867724868,62,375,373,377,99.46949602122017,98.93899204244032,7500.0,120000.0,2353
2016,F13,GOOD,1848,2246,1,82.27960819234195,482,19.28,525.0,91.8095238095238,63,180,39,486,37.03703703703704,8.024691358024691,5000.0,5000.0,67
2017,F43,GOOD,10906,13435,1,81.17603275027912,373,20.72222222222222,378.0,98.67724867724868,63,370,351,373,99.19571045576409,94.1018766756032,7500.0,7500.0,147
2018,F13,GOOD,8606,11057,2,77.83304693859094,518,20.72,525.0,98.66666666666669,63,510,452,524,97.32824427480917,86.25954198473282,5000.0,10000.0,133
2019,F43,GOOD,15650,21382,2,73.19240482648956,373,20.72222222222222,378.0,98.67724867724868,63,373,371,375,99.46666666666668,98.93333333333332,7500.0,15000.0,294
2020,F13,GOOD,10725,14183,3,75.61869844179651,518,20.72,525.0,98.66666666666669,63,516,488,524,98.47328244274809,93.12977099236642,5000.0,15000.0,200
2021,F43,GOOD,19893,31741,3,62.67288365205885,373,20.72222222222222,378.0,98.67724867724868,63,373,373,376,99.20212765957449,99.20212765957449,7500.0,22500.0,441
2022,F13,GOOD,10727,14185,4,75.62213605921748,518,20.72,525.0,98.66666666666669,63,516,488,524,98.47328244274809,93.12977099236642,5000.0,20000.0,267
2023,F43,GOOD,21171,36987,4,57.23902992943467,373,20.72222222222222,378.0,98.67724867724868,63,373,373,377,98.93899204244032,98.93899204244032,7500.0,30000.0,588
2024,F13,GOOD,12458,16865,5,73.86895938333828,518,20.72,525.0,98.66666666666669,63,519,505,524,99.04580152671755,96.37404580152672,5000.0,25000.0,333
2025,F43,GOOD,21633,42509,5,50.89039968006775,373,20.72222222222222,378.0,98.67724867724868,63,373,373,377,98.93899204244032,98.93899204244032,7500.0,37500.0,735
2026,F13,GOOD,16899,24253,6,69.6779779821053,518,20.72,525.0,98.66666666666669,63,522,517,524,99.61832061068702,98.66412213740458,5000.0,30000.0,400
2027,F43,GOOD,21680,45227,6,47.93596745307006,373,20.72222222222222,378.0,98.67724867724868,63,373,373,377,98.93899204244032,98.93899204244032,7500.0,45000.0,882
2028,F13,GOOD,18671,27373,7,68.20954955613196,518,20.72,525.0,98.66666666666669,63,522,518,524,99.61832061068702,98.85496183206108,5000.0,35000.0,467
2029,F43,GOOD,21267,49195,7,43.23000304909036,373,20.72222222222222,378.0,98.67724867724868,63,373,373,377,98.93899204244032,98.93899204244032,7500.0,52500.0,1029
2030,F13,GOOD,20063,30082,8,66.69436872548367,518,20.72,525.0,98.66666666666669,63,523,518,524,99.80916030534353,98.85496183206108,5000.0,40000.0,533
2031,F43,GOOD,20952,50516,8,41.47596801013541,373,20.72222222222222,378.0,98.67724867724868,63,373,373,377,98.93899204244032,98.93899204244032,7500.0,60000.0,1176
2032,F13,GOOD,21061,32298,9,65.20837203542015,518,20.72,525.0,98.66666666666669,63,523,518,524,99.80916030534353,98.85496183206108,5000.0,45000.0,600
2033,F43,GOOD,20094,53384,9,37.64049153304361,373,20.72222222222222,378.0,98.67724867724868,63,375,373,377,99.46949602122017,98.93899204244032,7500.0,67500.0,1324
2034,F13,GOOD,23477,38290,10,61.31365891877775,518,20.72,525.0,98.66666666666669,63,524,521,524,100.0,99.42748091603052,5000.0,50000.0,667
2035,F43,GOOD,19471,55049,10,35.37030645424985,373,20.72222222222222,378.0,98.67724867724868,63,375,373,377,99.46949602122017,98.93899204244032,7500.0,75000.0,1471
2036,F13,GOOD,23477,38290,11,61.31365891877775,518,20.72,525.0,98.66666666666669,63,524,521,524,100.0,99.42748091603052,5000.0,55000.0,733
2037,F43,GOOD,18932,56490,11,33.51389626482563,373,20.72222222222222,378.0,98.67724867724868,63,375,373,377,99.46949602122017,98.93899204244032,7500.0,82500.0,1618
2038,F13,GOOD,23868,39640,12,60.21190716448033,518,20.72,525.0,98.66666666666669,63,524,521,524,100.0,99.42748091603052,5000.0,60000.0,800
2039,F43,GOOD,18014,58583,12,30.74953484799344,373,20.72222222222222,378.0,98.67724867724868,63,375,373,377,99.46949602122017,98.93899204244032,7500.0,90000.0,1765
2040,F13,GOOD,24550,41726,13,58.83621722666922,518,20.72,525.0,98.66666666666669,63,524,522,524,100.0,99.61832061068702,5000.0,65000.0,867
2041,F43,GOOD,17307,59791,13,28.945827967419845,373,20.72222222222222,378.0,98.67724867724868,63,375,373,377,99.46949602122017,98.93899204244032,7500.0,97500.0,1912
2042,F13,GOOD,24550,41726,14,58.83621722666922,518,20.72,525.0,98.66666666666669,63,524,522,524,100.0,99.61832061068702,5000.0,70000.0,933
2043,F43,GOOD,16791,60544,14,27.733549154334035,373,20.72222222222222,378.0,98.67724867724868,63,375,373,377,99.46949602122017,98.93899204244032,7500.0,105000.0,2059
2044,F13,GOOD,25221,43889,15,57.465424138166746,518,20.72,525.0,98.66666666666669,63,524,522,524,100.0,99.61832061068702,5000.0,75000.0,1000
2045,F43,GOOD,16650,60720,15,27.420948616600796,373,20.72222222222222,378.0,98.67724867724868,63,375,373,377,99.46949602122017,98.93899204244032,7500.0,112500.0,2206
2046,F13,GOOD,25521,45010,16,56.70073317040658,518,20.72,525.0,98.66666666666669,63,524,522,524,100.0,99.61832061068702,5000.0,80000.0,1067
2047,F43,GOOD,15924,61828,16,25.75532121368959,373,20.72222222222222,378.0,98.67724867724868,63,375,373,377,99.46949602122017,98.93899204244032,7500.0,120000.0,2353
2048,F13,GOOD,9210,12072,1,76.29224652087476,518,20.72,525.0,98.66666666666669,64,515,472,523,98.47036328871891,90.24856596558315,5000.0,5000.0,67
2049,F43,GOOD,8872,10736,1,82.63785394932935,373,20.72222222222222,378.0,98.67724867724868,64,370,338,374,98.93048128342244,90.37433155080214,7500.0,7500.0,147
2050,F13,GOOD,9214,12076,2,76.30009937065253,518,20.72,525.0,98.66666666666669,64,515,472,523,98.47036328871891,90.24856596558315,5000.0,10000.0,133
2051,F43,GOOD,14505,19455,2,74.55666923670007,373,20.72222222222222,378.0,98.67724867724868,64,373,371,375,99.46666666666668,98.93333333333332,7500.0,15000.0,294
2052,F13,GOOD,14400,19826,3,72.63189750832241,518,20.72,525.0,98.66666666666669,64,521,515,524,99.42748091603052,98.2824427480916,5000.0,15000.0,200
2053,F43,GOOD,17920,26327,3,68.06700345652752,373,20.72222222222222,378.0,98.67724867724868,64,373,373,376,99.20212765957449,99.20212765957449,7500.0,22500.0,441
2054,F13,GOOD,16467,23159,4,71.10410639492206,518,20.72,525.0,98.66666666666669,64,521,516,524,99.42748091603052,98.47328244274809,5000.0,20000.0,267
2055,F43,GOOD,20491,33779,4,60.661949732082064,373,20.72222222222222,378.0,98.67724867724868,64,373,373,376,99.20212765957449,99.20212765957449,7500.0,30000.0,588
2056,F13,GOOD,18269,26363,5,69.29787960399044,518,20.72,525.0,98.66666666666669,64,521,518,524,99.42748091603052,98.85496183206108,5000.0,25000.0,333
2057,F43,GOOD,21064,36530,5,57.66219545578976,373,20.72222222222222,378.0,98.67724867724868,64,373,373,377,98.93899204244032,98.93899204244032,7500.0,37500.0,735
2058,F13,GOOD,20495,30986,6,66.14277415607049,518,20.72,525.0,98.66666666666669,64,522,521,524,99.61832061068702,99.42748091603052,5000.0,30000.0,400
2059,F43,GOOD,21402,39547,6,54.117885048170535,373,20.72222222222222,378.0,98.67724867724868,64,373,373,377,98.93899204244032,98.93899204244032,7500.0,45000.0,882
2060,F13,GOOD,21429,33052,7,64.83420065351567,518,20.72,525.0,98.66666666666669,64,522,521,524,99.61832061068702,99.42748091603052,5000.0,35000.0,467
2061,F43,GOOD,21624,45503,7,47.52214139727051,373,20.72222222222222,378.0,98.67724867724868,64,373,373,377,98.93899204244032,98.93899204244032,7500.0,52500.0,1029
2062,F13,GOOD,22298,35152,8,63.43309057806099,518,20.72,525.0,98.66666666666669,64,523,521,524,99.80916030534353,99.42748091603052,5000.0,40000.0,533
2063,F43,GOOD,21172,49255,8,42.98446858186986,373,20.72222222222222,378.0,98.67724867724868,64,374,373,377,99.20424403183024,98.93899204244032,7500.0,60000.0,1176
2064,F13,GOOD,22775,36588,9,62.24718486935608,518,20.72,525.0,98.66666666666669,64,523,521,524,99.80916030534353,99.42748091603052,5000.0,45000.0,600
2065,F43,GOOD,20514,52497,9,39.07651865820904,373,20.72222222222222,378.0,98.67724867724868,64,374,373,377,99.20424403183024,98.93899204244032,7500.0,67500.0,1324
2066,F13,GOOD,23487,38597,10,60.85187967976786,518,20.72,525.0,98.66666666666669,64,524,521,524,100.0,99.42748091603052,5000.0,50000.0,667
2067,F43,GOOD,19741,54533,10,36.20009902261016,373,20.72222222222222,378.0,98.67724867724868,64,375,373,377,99.46949602122017,98.93899204244032,7500.0,75000.0,1471
2068,F13,GOOD,23487,38597,11,60.85187967976786,518,20.72,525.0,98.66666666666669,64,524,521,524,100.0,99.42748091603052,5000.0,55000.0,733
2069,F43,GOOD,18859,56783,11,33.212405121251074,373,20.72222222222222,378.0,98.67724867724868,64,375,373,377,99.46949602122017,98.93899204244032,7500.0,82500.0,1618
2070,F13,GOOD,24216,40733,12,59.45056833525643,518,20.72,525.0,98.66666666666669,64,524,522,524,100.0,99.61832061068702,5000.0,60000.0,800
2071,F43,GOOD,18155,58168,12,31.211318938247835,373,20.72222222222222,378.0,98.67724867724868,64,375,373,377,99.46949602122017,98.93899204244032,7500.0,90000.0,1765
2072,F13,GOOD,24585,41926,13,58.63903067309069,518,20.72,525.0,98.66666666666669,64,524,522,524,100.0,99.61832061068702,5000.0,65000.0,867
2073,F43,GOOD,17441,59549,13,29.288485113100137,373,20.72222222222222,378.0,98.67724867724868,64,375,373,377,99.46949602122017,98.93899204244032,7500.0,97500.0,1912
2074,F13,GOOD,24585,41926,14,58.63903067309069,518,20.72,525.0,98.66666666666669,64,524,522,524,100.0,99.61832061068702,5000.0,70000.0,933
2075,F43,GOOD,17021,60240,14,28.25531208499336,373,20.72222222222222,378.0,98.67724867724868,64,375,373,377,99.46949602122017,98.93899204244032,7500.0,105000.0,2059
2076,F13,GOOD,25261,44089,15,57.29547052552791,518,20.72,525.0,98.66666666666669,64,524,522,524,100.0,99.61832061068702,5000.0,75000.0,1000
2077,F43,GOOD,16897,60430,15,27.961277511169943,373,20.72222222222222,378.0,98.67724867724868,64,375,373,377,99.46949602122017,98.93899204244032,7500.0,112500.0,2206
2078,F13,GOOD,25521,45010,16,56.70073317040658,518,20.72,525.0,98.66666666666669,64,524,522,524,100.0,99.61832061068702,5000.0,80000.0,1067
2079,F43,GOOD,15924,61828,16,25.75532121368959,373,20.72222222222222,378.0,98.67724867724868,64,375,373,377,99.46949602122017,98.93899204244032,7500.0,120000.0,2353
2080,F13,GOOD,2845,3531,1,80.57207589917871,504,20.16,525.0,96.0,65,313,135,508,61.61417322834646,26.574803149606304,5000.0,5000.0,67
2081,F43,GOOD,11032,13800,1,79.94202898550725,373,20.72222222222222,378.0,98.67724867724868,65,373,359,376,99.20212765957449,95.47872340425532,7500.0,7500.0,147
2082,F13,GOOD,5448,6935,2,78.55803893294882,517,20.68,525.0,98.47619047619048,65,466,321,523,89.10133843212236,61.376673040152966,5000.0,10000.0,133
2083,F43,GOOD,17154,24620,2,69.67506092607636,373,20.72222222222222,378.0,98.67724867724868,65,373,373,376,99.20212765957449,99.20212765957449,7500.0,15000.0,294
2084,F13,GOOD,5450,6939,3,78.5415765960513,517,20.68,525.0,98.47619047619048,65,466,321,523,89.10133843212236,61.376673040152966,5000.0,15000.0,200
2085,F43,GOOD,20039,32474,3,61.7078278007021,373,20.72222222222222,378.0,98.67724867724868,65,373,373,376,99.20212765957449,99.20212765957449,7500.0,22500.0,441
2086,F13,GOOD,5452,6941,4,78.54775968880566,517,20.68,525.0,98.47619047619048,65,466,322,523,89.10133843212236,61.5678776290631,5000.0,20000.0,267
2087,F43,GOOD,20678,35288,4,58.59782362276128,373,20.72222222222222,378.0,98.67724867724868,65,373,373,376,99.20212765957449,99.20212765957449,7500.0,30000.0,588
2088,F13,GOOD,8773,11352,5,77.2815362931642,518,20.72,525.0,98.66666666666669,65,514,448,524,98.09160305343512,85.49618320610686,5000.0,25000.0,333
2089,F43,GOOD,20908,36155,5,57.82879269810538,373,20.72222222222222,378.0,98.67724867724868,65,373,373,376,99.20212765957449,99.20212765957449,7500.0,37500.0,735
2090,F13,GOOD,9922,13010,6,76.26441199077632,518,20.72,525.0,98.66666666666669,65,516,472,524,98.47328244274809,90.0763358778626,5000.0,30000.0,400
2091,F43,GOOD,21424,41438,6,51.70133693711087,373,20.72222222222222,378.0,98.67724867724868,65,373,373,376,99.20212765957449,99.20212765957449,7500.0,45000.0,882
2092,F13,GOOD,12405,16636,7,74.5672036547247,518,20.72,525.0,98.66666666666669,65,517,501,524,98.66412213740458,95.61068702290076,5000.0,35000.0,467
2093,F43,GOOD,21573,46121,7,46.77478805750092,373,20.72222222222222,378.0,98.67724867724868,65,373,373,376,99.20212765957449,99.20212765957449,7500.0,52500.0,1029
2094,F13,GOOD,12410,16642,8,74.5703641389256,518,20.72,525.0,98.66666666666669,65,517,501,524,98.66412213740458,95.61068702290076,5000.0,40000.0,533
2095,F43,GOOD,21100,48279,8,43.70430207750782,373,20.72222222222222,378.0,98.67724867724868,65,373,373,376,99.20212765957449,99.20212765957449,7500.0,60000.0,1176
2096,F13,GOOD,16676,23558,9,70.78699380252993,518,20.72,525.0,98.66666666666669,65,520,517,524,99.23664122137404,98.66412213740458,5000.0,45000.0,600
2097,F43,GOOD,20660,50727,9,40.72781753306917,373,20.72222222222222,378.0,98.67724867724868,65,374,373,377,99.20424403183024,98.93899204244032,7500.0,67500.0,1324
2098,F13,GOOD,17753,25569,10,69.43173374007587,518,20.72,525.0,98.66666666666669,65,522,517,524,99.61832061068702,98.66412213740458,5000.0,50000.0,667
2099,F43,GOOD,19990,52951,10,37.751883817113935,373,20.72222222222222,378.0,98.67724867724868,65,374,373,377,99.20424403183024,98.93899204244032,7500.0,75000.0,1471
2100,F13,GOOD,20923,32001,11,65.38233180213119,518,20.72,525.0,98.66666666666669,65,524,519,524,100.0,99.04580152671755,5000.0,55000.0,733
2101,F43,GOOD,19523,54512,11,35.8141326680364,373,20.72222222222222,378.0,98.67724867724868,65,374,373,377,99.20424403183024,98.93899204244032,7500.0,82500.0,1618
2102,F13,GOOD,21762,34078,12,63.85938141909736,518,20.72,525.0,98.66666666666669,65,524,519,524,100.0,99.04580152671755,5000.0,60000.0,800
2103,F43,GOOD,18782,56264,12,33.3819138347789,373,20.72222222222222,378.0,98.67724867724868,65,374,373,377,99.20424403183024,98.93899204244032,7500.0,90000.0,1765
2104,F13,GOOD,22274,35525,13,62.69950738916256,518,20.72,525.0,98.66666666666669,65,524,520,524,100.0,99.23664122137404,5000.0,65000.0,867
2105,F43,GOOD,17927,58444,13,30.67380740537951,373,20.72222222222222,378.0,98.67724867724868,65,374,373,377,99.20424403183024,98.93899204244032,7500.0,97500.0,1912
2106,F13,GOOD,23070,37585,14,61.38087002793667,518,20.72,525.0,98.66666666666669,65,524,520,524,100.0,99.23664122137404,5000.0,70000.0,933
2107,F43,GOOD,16742,60530,14,27.659012060135467,373,20.72222222222222,378.0,98.67724867724868,65,375,373,377,99.46949602122017,98.93899204244032,7500.0,105000.0,2059
2108,F13,GOOD,24908,43002,15,57.922887307567095,518,20.72,525.0,98.66666666666669,65,524,522,524,100.0,99.61832061068702,5000.0,75000.0,1000
2109,F43,GOOD,16215,61397,15,26.410085183315147,373,20.72222222222222,378.0,98.67724867724868,65,375,373,377,99.46949602122017,98.93899204244032,7500.0,112500.0,2206
2110,F13,GOOD,25521,45010,16,56.70073317040658,518,20.72,525.0,98.66666666666669,65,524,522,524,100.0,99.61832061068702,5000.0,80000.0,1067
2111,F43,GOOD,15924,61828,16,25.75532121368959,373,20.72222222222222,378.0,98.67724867724868,65,375,373,377,99.46949602122017,98.93899204244032,7500.0,120000.0,2353
2112,F13,GOOD,3356,4167,1,80.53755699544037,510,20.4,525.0,97.14285714285714,66,364,168,512,71.09375,32.8125,5000.0,5000.0,67
2113,F43,GOOD,9474,11611,1,81.59503918697787,373,20.72222222222222,378.0,98.67724867724868,66,371,337,373,99.46380697050938,90.3485254691689,7500.0,7500.0,147
2114,F13,GOOD,3358,4169,2,80.54689373950588,510,20.4,525.0,97.14285714285714,66,365,168,512,71.2890625,32.8125,5000.0,10000.0,133
2115,F43,GOOD,15220,20543,2,74.0884972983498,373,20.72222222222222,378.0,98.67724867724868,66,373,372,374,99.73262032085562,99.46524064171123,7500.0,15000.0,294
2116,F13,GOOD,3361,4174,3,80.52228078581696,510,20.4,525.0,97.14285714285714,66,365,168,512,71.2890625,32.8125,5000.0,15000.0,200
2117,F43,GOOD,17923,26284,3,68.18977324608126,373,20.72222222222222,378.0,98.67724867724868,66,373,373,375,99.46666666666668,99.46666666666668,7500.0,22500.0,441
2118,F13,GOOD,11597,15610,4,74.29212043561819,518,20.72,525.0,98.66666666666669,66,518,506,523,99.04397705544932,96.74952198852772,5000.0,20000.0,267
2119,F43,GOOD,19916,31815,4,62.5994027974226,373,20.72222222222222,378.0,98.67724867724868,66,373,373,376,99.20212765957449,99.20212765957449,7500.0,30000.0,588
2120,F13,GOOD,14070,19490,5,72.19086711133914,518,20.72,525.0,98.66666666666669,66,519,512,523,99.23518164435946,97.89674952198853,5000.0,25000.0,333
2121,F43,GOOD,20980,35985,5,58.3020703070724,373,20.72222222222222,378.0,98.67724867724868,66,373,373,376,99.20212765957449,99.20212765957449,7500.0,37500.0,735
2122,F13,GOOD,16271,23123,6,70.36716689010942,518,20.72,525.0,98.66666666666669,66,520,516,523,99.4263862332696,98.66156787762908,5000.0,30000.0,400
2123,F43,GOOD,21180,36836,6,57.49809968509068,373,20.72222222222222,378.0,98.67724867724868,66,373,373,376,99.20212765957449,99.20212765957449,7500.0,45000.0,882
2124,F13,GOOD,17935,26115,7,68.67700555236455,518,20.72,525.0,98.66666666666669,66,521,518,524,99.42748091603052,98.85496183206108,5000.0,35000.0,467
2125,F43,GOOD,21840,43125,7,50.64347826086957,373,20.72222222222222,378.0,98.67724867724868,66,373,373,376,99.20212765957449,99.20212765957449,7500.0,52500.0,1029
2126,F13,GOOD,19453,28907,8,67.29511882934929,518,20.72,525.0,98.66666666666669,66,522,518,524,99.61832061068702,98.85496183206108,5000.0,40000.0,533
2127,F43,GOOD,21724,46410,8,46.80887739711269,373,20.72222222222222,378.0,98.67724867724868,66,373,373,376,99.20212765957449,99.20212765957449,7500.0,60000.0,1176
2128,F13,GOOD,20506,31054,9,66.033361241708,518,20.72,525.0,98.66666666666669,66,522,518,524,99.61832061068702,98.85496183206108,5000.0,45000.0,600
2129,F43,GOOD,20959,50795,9,41.261935229845456,373,20.72222222222222,378.0,98.67724867724868,66,373,373,376,99.20212765957449,99.20212765957449,7500.0,67500.0,1324
2130,F13,GOOD,22479,35788,10,62.8115569464625,518,20.72,525.0,98.66666666666669,66,522,521,524,99.61832061068702,99.42748091603052,5000.0,50000.0,667
2131,F43,GOOD,20561,52712,10,39.00629837608135,373,20.72222222222222,378.0,98.67724867724868,66,373,373,376,99.20212765957449,99.20212765957449,7500.0,75000.0,1471
2132,F13,GOOD,23004,37068,11,62.05891874393007,518,20.72,525.0,98.66666666666669,66,522,521,524,99.61832061068702,99.42748091603052,5000.0,55000.0,733
2133,F43,GOOD,19662,55271,11,35.573809049953866,373,20.72222222222222,378.0,98.67724867724868,66,373,373,376,99.20212765957449,99.20212765957449,7500.0,82500.0,1618
2134,F13,GOOD,23004,37068,12,62.05891874393007,518,20.72,525.0,98.66666666666669,66,522,521,524,99.61832061068702,99.42748091603052,5000.0,60000.0,800
2135,F43,GOOD,19092,56456,12,33.81748618393085,373,20.72222222222222,378.0,98.67724867724868,66,373,373,376,99.20212765957449,99.20212765957449,7500.0,90000.0,1765
2136,F13,GOOD,24511,41246,13,59.42636861756292,518,20.72,525.0,98.66666666666669,66,523,522,524,99.80916030534353,99.61832061068702,5000.0,65000.0,867
2137,F43,GOOD,18433,57729,13,31.93022570978191,373,20.72222222222222,378.0,98.67724867724868,66,374,373,377,99.20424403183024,98.93899204244032,7500.0,97500.0,1912
2138,F13,GOOD,24930,42536,14,58.609178107955614,518,20.72,525.0,98.66666666666669,66,523,522,524,99.80916030534353,99.61832061068702,5000.0,70000.0,933
2139,F43,GOOD,17673,59189,14,29.858588589095948,373,20.72222222222222,378.0,98.67724867724868,66,374,373,377,99.20424403183024,98.93899204244032,7500.0,105000.0,2059
2140,F13,GOOD,25177,43521,15,57.85023322074401,518,20.72,525.0,98.66666666666669,66,524,522,524,100.0,99.61832061068702,5000.0,75000.0,1000
2141,F43,GOOD,16733,60786,15,27.52772019872997,373,20.72222222222222,378.0,98.67724867724868,66,374,373,377,99.20424403183024,98.93899204244032,7500.0,112500.0,2206
2142,F13,GOOD,25521,45010,16,56.70073317040658,518,20.72,525.0,98.66666666666669,66,524,522,524,100.0,99.61832061068702,5000.0,80000.0,1067
2143,F43,GOOD,15924,61828,16,25.75532121368959,373,20.72222222222222,378.0,98.67724867724868,66,375,373,377,99.46949602122017,98.93899204244032,7500.0,120000.0,2353
2144,F13,GOOD,1848,2246,1,82.27960819234195,482,19.28,525.0,91.8095238095238,67,180,39,486,37.03703703703704,8.024691358024691,5000.0,5000.0,67
2145,F43,GOOD,10906,13435,1,81.17603275027912,373,20.72222222222222,378.0,98.67724867724868,67,370,351,373,99.19571045576409,94.1018766756032,7500.0,7500.0,147
2146,F13,GOOD,1854,2253,2,82.29027962716378,482,19.28,525.0,91.8095238095238,67,180,41,486,37.03703703703704,8.436213991769549,5000.0,10000.0,133
2147,F43,GOOD,15826,21660,2,73.06555863342567,373,20.72222222222222,378.0,98.67724867724868,67,373,369,374,99.73262032085562,98.66310160427808,7500.0,15000.0,294
2148,F13,GOOD,10530,13973,3,75.35962212839047,518,20.72,525.0,98.66666666666669,67,516,494,523,98.66156787762908,94.45506692160612,5000.0,15000.0,200
2149,F43,GOOD,18692,28271,3,66.11722259559266,373,20.72222222222222,378.0,98.67724867724868,67,373,373,375,99.46666666666668,99.46666666666668,7500.0,22500.0,441
2150,F13,GOOD,12824,17441,4,73.52789404277277,518,20.72,525.0,98.66666666666669,67,519,511,524,99.04580152671755,97.51908396946564,5000.0,20000.0,267
2151,F43,GOOD,20946,36670,4,57.12026179438233,373,20.72222222222222,378.0,98.67724867724868,67,373,373,375,99.46666666666668,99.46666666666668,7500.0,30000.0,588
2152,F13,GOOD,14938,20740,5,72.02507232401157,518,20.72,525.0,98.66666666666669,67,521,512,524,99.42748091603052,97.70992366412212,5000.0,25000.0,333
2153,F43,GOOD,21613,41157,5,52.513545690890986,373,20.72222222222222,378.0,98.67724867724868,67,373,373,375,99.46666666666668,99.46666666666668,7500.0,37500.0,735
2154,F13,GOOD,18816,27562,6,68.26790508671358,518,20.72,525.0,98.66666666666669,67,522,518,524,99.61832061068702,98.85496183206108,5000.0,30000.0,400
2155,F43,GOOD,21703,44631,6,48.6276354999888,373,20.72222222222222,378.0,98.67724867724868,67,373,373,376,99.20212765957449,99.20212765957449,7500.0,45000.0,882
2156,F13,GOOD,20343,30542,7,66.60664003667081,518,20.72,525.0,98.66666666666669,67,522,519,524,99.61832061068702,99.04580152671755,5000.0,35000.0,467
2157,F43,GOOD,21642,46478,7,46.56396574723525,373,20.72222222222222,378.0,98.67724867724868,67,373,373,377,98.93899204244032,98.93899204244032,7500.0,52500.0,1029
2158,F13,GOOD,20343,30542,8,66.60664003667081,518,20.72,525.0,98.66666666666669,67,522,519,524,99.61832061068702,99.04580152671755,5000.0,40000.0,533
2159,F43,GOOD,21147,49388,8,42.81809346399936,373,20.72222222222222,378.0,98.67724867724868,67,373,373,377,98.93899204244032,98.93899204244032,7500.0,60000.0,1176
2160,F13,GOOD,21410,33023,9,64.83360082366835,518,20.72,525.0,98.66666666666669,67,522,519,524,99.61832061068702,99.04580152671755,5000.0,45000.0,600
2161,F43,GOOD,20565,51572,9,39.876289459396574,373,20.72222222222222,378.0,98.67724867724868,67,373,373,377,98.93899204244032,98.93899204244032,7500.0,67500.0,1324
2162,F13,GOOD,22079,34531,10,63.93964843184386,518,20.72,525.0,98.66666666666669,67,523,520,524,99.80916030534353,99.23664122137404,5000.0,50000.0,667
2163,F43,GOOD,19924,53952,10,36.9291221826809,373,20.72222222222222,378.0,98.67724867724868,67,373,373,377,98.93899204244032,98.93899204244032,7500.0,75000.0,1471
2164,F13,GOOD,22732,36322,11,62.58465943505313,518,20.72,525.0,98.66666666666669,67,524,521,524,100.0,99.42748091603052,5000.0,55000.0,733
2165,F43,GOOD,19088,55743,11,34.242864574924205,373,20.72222222222222,378.0,98.67724867724868,67,374,373,377,99.20424403183024,98.93899204244032,7500.0,82500.0,1618
2166,F13,GOOD,23110,37470,12,61.67600747264478,518,20.72,525.0,98.66666666666669,67,524,521,524,100.0,99.42748091603052,5000.0,60000.0,800
2167,F43,GOOD,18137,57833,12,31.36098767139868,373,20.72222222222222,378.0,98.67724867724868,67,375,373,377,99.46949602122017,98.93899204244032,7500.0,90000.0,1765
2168,F13,GOOD,24029,39854,13,60.29256787273548,518,20.72,525.0,98.66666666666669,67,524,521,524,100.0,99.42748091603052,5000.0,65000.0,867
2169,F43,GOOD,17993,58062,13,30.989287313561363,373,20.72222222222222,378.0,98.67724867724868,67,375,373,377,99.46949602122017,98.93899204244032,7500.0,97500.0,1912
2170,F13,GOOD,24029,39854,14,60.29256787273548,518,20.72,525.0,98.66666666666669,67,524,521,524,100.0,99.42748091603052,5000.0,70000.0,933
2171,F43,GOOD,17537,59057,14,29.695040384713074,373,20.72222222222222,378.0,98.67724867724868,67,375,373,377,99.46949602122017,98.93899204244032,7500.0,105000.0,2059
2172,F13,GOOD,24557,41537,15,59.12078387943279,518,20.72,525.0,98.66666666666669,67,524,521,524,100.0,99.42748091603052,5000.0,75000.0,1000
2173,F43,GOOD,16414,61034,15,26.89320706491464,373,20.72222222222222,378.0,98.67724867724868,67,375,373,377,99.46949602122017,98.93899204244032,7500.0,112500.0,2206
2174,F13,GOOD,25521,45010,16,56.70073317040658,518,20.72,525.0,98.66666666666669,67,524,522,524,100.0,99.61832061068702,5000.0,80000.0,1067
2175,F43,GOOD,15924,61828,16,25.75532121368959,373,20.72222222222222,378.0,98.67724867724868,67,375,373,377,99.46949602122017,98.93899204244032,7500.0,120000.0,2353
2176,F13,GOOD,3,5,1,60.0,3,1.0,525.0,0.5714285714285714,68,0,0,3,0.0,0.0,5000.0,5000.0,67
2177,F43,GOOD,11155,13756,1,81.0918871765048,373,20.72222222222222,378.0,98.67724867724868,68,373,360,374,99.73262032085562,96.2566844919786,7500.0,7500.0,147
2178,F13,GOOD,7198,9088,2,79.20334507042254,518,20.72,525.0,98.66666666666669,68,499,396,524,95.22900763358778,75.57251908396947,5000.0,10000.0,133
2179,F43,GOOD,15851,21656,2,73.1944957517547,373,20.72222222222222,378.0,98.67724867724868,68,373,373,375,99.46666666666668,99.46666666666668,7500.0,15000.0,294
2180,F13,GOOD,9986,12982,3,76.9218918502542,518,20.72,525.0,98.66666666666669,68,515,482,524,98.2824427480916,91.98473282442748,5000.0,15000.0,200
2181,F43,GOOD,18463,27257,3,67.73672817991708,373,20.72222222222222,378.0,98.67724867724868,68,373,373,376,99.20212765957449,99.20212765957449,7500.0,22500.0,441
2182,F13,GOOD,11706,15533,4,75.36213223459731,518,20.72,525.0,98.66666666666669,68,517,502,524,98.66412213740458,95.80152671755724,5000.0,20000.0,267
2183,F43,GOOD,20420,33067,4,61.7534097438534,373,20.72222222222222,378.0,98.67724867724868,68,373,373,376,99.20212765957449,99.20212765957449,7500.0,30000.0,588
2184,F13,GOOD,13470,18407,5,73.17868202314337,518,20.72,525.0,98.66666666666669,68,519,509,524,99.04580152671755,97.13740458015268,5000.0,25000.0,333
2185,F43,GOOD,21367,38202,5,55.93162661640751,373,20.72222222222222,378.0,98.67724867724868,68,373,373,376,99.20212765957449,99.20212765957449,7500.0,37500.0,735
2186,F13,GOOD,15410,21627,6,71.25352568548573,518,20.72,525.0,98.66666666666669,68,520,513,524,99.23664122137404,97.90076335877863,5000.0,30000.0,400
2187,F43,GOOD,21757,44478,6,48.91631817977427,373,20.72222222222222,378.0,98.67724867724868,68,373,373,376,99.20212765957449,99.20212765957449,7500.0,45000.0,882
2188,F13,GOOD,16763,24019,7,69.79058245555602,518,20.72,525.0,98.66666666666669,68,522,514,524,99.61832061068702,98.09160305343512,5000.0,35000.0,467
2189,F43,GOOD,21154,49231,7,42.96886108346367,373,20.72222222222222,378.0,98.67724867724868,68,374,373,377,99.20424403183024,98.93899204244032,7500.0,52500.0,1029
2190,F13,GOOD,18482,27073,8,68.26727736120858,518,20.72,525.0,98.66666666666669,68,522,518,524,99.61832061068702,98.85496183206108,5000.0,40000.0,533
2191,F43,GOOD,21105,49649,8,42.50840903140043,373,20.72222222222222,378.0,98.67724867724868,68,374,373,377,99.20424403183024,98.93899204244032,7500.0,60000.0,1176
2192,F13,GOOD,21472,33330,9,64.42244224422441,518,20.72,525.0,98.66666666666669,68,522,519,524,99.61832061068702,99.04580152671755,5000.0,45000.0,600
2193,F43,GOOD,20746,51520,9,40.267857142857146,373,20.72222222222222,378.0,98.67724867724868,68,374,373,377,99.20424403183024,98.93899204244032,7500.0,67500.0,1324
2194,F13,GOOD,21473,33332,10,64.42157686307452,518,20.72,525.0,98.66666666666669,68,522,519,524,99.61832061068702,99.04580152671755,5000.0,50000.0,667
2195,F43,GOOD,20215,53032,10,38.11849449389048,373,20.72222222222222,378.0,98.67724867724868,68,374,373,377,99.20424403183024,98.93899204244032,7500.0,75000.0,1471
2196,F13,GOOD,23754,39197,11,60.601576651274335,518,20.72,525.0,98.66666666666669,68,523,521,524,99.80916030534353,99.42748091603052,5000.0,55000.0,733
2197,F43,GOOD,19791,54627,11,36.229337140974245,373,20.72222222222222,378.0,98.67724867724868,68,374,373,377,99.20424403183024,98.93899204244032,7500.0,82500.0,1618
2198,F13,GOOD,24074,40254,12,59.80523674665872,518,20.72,525.0,98.66666666666669,68,524,521,524,100.0,99.42748091603052,5000.0,60000.0,800
2199,F43,GOOD,18898,56889,12,33.21907574399269,373,20.72222222222222,378.0,98.67724867724868,68,374,373,377,99.20424403183024,98.93899204244032,7500.0,90000.0,1765
2200,F13,GOOD,24575,42018,13,58.486838973773146,518,20.72,525.0,98.66666666666669,68,524,522,524,100.0,99.61832061068702,5000.0,65000.0,867
2201,F43,GOOD,18067,58392,13,30.940882312645567,373,20.72222222222222,378.0,98.67724867724868,68,375,373,377,99.46949602122017,98.93899204244032,7500.0,97500.0,1912
2202,F13,GOOD,25261,44089,14,57.29547052552791,518,20.72,525.0,98.66666666666669,68,524,522,524,100.0,99.61832061068702,5000.0,70000.0,933
2203,F43,GOOD,17335,59764,14,29.005755973495752,373,20.72222222222222,378.0,98.67724867724868,68,375,373,377,99.46949602122017,98.93899204244032,7500.0,105000.0,2059
2204,F13,GOOD,25521,45010,15,56.70073317040658,518,20.72,525.0,98.66666666666669,68,524,522,524,100.0,99.61832061068702,5000.0,75000.0,1000
2205,F43,GOOD,16376,61264,15,26.73021676677984,373,20.72222222222222,378.0,98.67724867724868,68,375,373,377,99.46949602122017,98.93899204244032,7500.0,112500.0,2206
2206,F13,GOOD,25521,45010,16,56.70073317040658,518,20.72,525.0,98.66666666666669,68,524,522,524,100.0,99.61832061068702,5000.0,80000.0,1067
2207,F43,GOOD,15924,61828,16,25.75532121368959,373,20.72222222222222,378.0,98.67724867724868,68,375,373,377,99.46949602122017,98.93899204244032,7500.0,120000.0,2353
2208,F13,GOOD,3937,4836,1,81.41025641025641,514,20.56,525.0,97.90476190476193,69,398,200,517,76.9825918762089,38.684719535783366,5000.0,5000.0,67
2209,F43,GOOD,7877,9143,1,86.15334135404134,373,20.72222222222222,378.0,98.67724867724868,69,361,312,374,96.524064171123,83.42245989304813,7500.0,7500.0,147
2210,F13,GOOD,3937,4836,2,81.41025641025641,514,20.56,525.0,97.90476190476193,69,398,200,517,76.9825918762089,38.684719535783366,5000.0,10000.0,133
2211,F43,GOOD,14191,18515,2,76.64596273291926,373,20.72222222222222,378.0,98.67724867724868,69,373,370,374,99.73262032085562,98.93048128342244,7500.0,15000.0,294
2212,F13,GOOD,3940,4840,3,81.40495867768594,514,20.56,525.0,97.90476190476193,69,398,200,517,76.9825918762089,38.684719535783366,5000.0,15000.0,200
2213,F43,GOOD,17076,24107,3,70.8341975359854,373,20.72222222222222,378.0,98.67724867724868,69,373,373,375,99.46666666666668,99.46666666666668,7500.0,22500.0,441
2214,F13,GOOD,6406,8163,4,78.47605047164032,516,20.64,525.0,98.28571428571428,69,489,359,522,93.67816091954025,68.77394636015326,5000.0,20000.0,267
2215,F43,GOOD,19297,30414,4,63.44775432366673,373,20.72222222222222,378.0,98.67724867724868,69,373,373,376,99.20212765957449,99.20212765957449,7500.0,30000.0,588
2216,F13,GOOD,12718,17235,5,73.79170293008414,518,20.72,525.0,98.66666666666669,69,518,503,523,99.04397705544932,96.17590822179731,5000.0,25000.0,333
2217,F43,GOOD,20550,35077,5,58.58539783903982,373,20.72222222222222,378.0,98.67724867724868,69,373,373,376,99.20212765957449,99.20212765957449,7500.0,37500.0,735
2218,F13,GOOD,17133,24862,6,68.91239642828413,518,20.72,525.0,98.66666666666669,69,522,517,524,99.61832061068702,98.66412213740458,5000.0,30000.0,400
2219,F43,GOOD,21179,39162,6,54.08048618558807,373,20.72222222222222,378.0,98.67724867724868,69,373,373,376,99.20212765957449,99.20212765957449,7500.0,45000.0,882
2220,F13,GOOD,18232,26884,7,67.81728909388484,518,20.72,525.0,98.66666666666669,69,522,520,524,99.61832061068702,99.23664122137404,5000.0,35000.0,467
2221,F43,GOOD,21445,43294,7,49.53342264517023,373,20.72222222222222,378.0,98.67724867724868,69,373,373,376,99.20212765957449,99.20212765957449,7500.0,52500.0,1029
2222,F13,GOOD,19404,29260,8,66.3157894736842,518,20.72,525.0,98.66666666666669,69,523,521,524,99.80916030534353,99.42748091603052,5000.0,40000.0,533
2223,F43,GOOD,21172,47493,8,44.57920114543196,373,20.72222222222222,378.0,98.67724867724868,69,373,373,376,99.20212765957449,99.20212765957449,7500.0,60000.0,1176
2224,F13,GOOD,20456,31560,9,64.81622306717364,518,20.72,525.0,98.66666666666669,69,524,521,524,100.0,99.42748091603052,5000.0,45000.0,600
2225,F43,GOOD,20765,50236,9,41.334899275420014,373,20.72222222222222,378.0,98.67724867724868,69,373,373,376,99.20212765957449,99.20212765957449,7500.0,67500.0,1324
2226,F13,GOOD,21843,34533,10,63.25254104769351,518,20.72,525.0,98.66666666666669,69,524,521,524,100.0,99.42748091603052,5000.0,50000.0,667
2227,F43,GOOD,20658,50686,10,40.7568164779229,373,20.72222222222222,378.0,98.67724867724868,69,373,373,376,99.20212765957449,99.20212765957449,7500.0,75000.0,1471
2228,F13,GOOD,22326,35660,11,62.607964105440274,518,20.72,525.0,98.66666666666669,69,524,521,524,100.0,99.42748091603052,5000.0,55000.0,733
2229,F43,GOOD,19769,53438,11,36.99427373778959,373,20.72222222222222,378.0,98.67724867724868,69,373,373,376,99.20212765957449,99.20212765957449,7500.0,82500.0,1618
2230,F13,GOOD,22326,35660,12,62.607964105440274,518,20.72,525.0,98.66666666666669,69,524,521,524,100.0,99.42748091603052,5000.0,60000.0,800
2231,F43,GOOD,19314,54777,12,35.25932416890301,373,20.72222222222222,378.0,98.67724867724868,69,373,373,376,99.20212765957449,99.20212765957449,7500.0,90000.0,1765
2232,F13,GOOD,23954,39952,13,59.95694833800561,518,20.72,525.0,98.66666666666669,69,524,521,524,100.0,99.42748091603052,5000.0,65000.0,867
2233,F43,GOOD,18728,56238,13,33.30132650521,373,20.72222222222222,378.0,98.67724867724868,69,374,373,377,99.20424403183024,98.93899204244032,7500.0,97500.0,1912
2234,F13,GOOD,24516,41634,14,58.884565499351496,518,20.72,525.0,98.66666666666669,69,524,521,524,100.0,99.42748091603052,5000.0,70000.0,933
2235,F43,GOOD,17612,58717,14,29.994720438714516,373,20.72222222222222,378.0,98.67724867724868,69,375,373,377,99.46949602122017,98.93899204244032,7500.0,105000.0,2059
2236,F13,GOOD,25260,43815,15,57.65148921602192,518,20.72,525.0,98.66666666666669,69,524,521,524,100.0,99.42748091603052,5000.0,75000.0,1000
2237,F43,GOOD,16797,60345,15,27.834949043002734,373,20.72222222222222,378.0,98.67724867724868,69,375,373,377,99.46949602122017,98.93899204244032,7500.0,112500.0,2206
2238,F13,GOOD,25521,45010,16,56.70073317040658,518,20.72,525.0,98.66666666666669,69,524,522,524,100.0,99.61832061068702,5000.0,80000.0,1067
2239,F43,GOOD,15924,61828,16,25.75532121368959,373,20.72222222222222,378.0,98.67724867724868,69,375,373,377,99.46949602122017,98.93899204244032,7500.0,120000.0,2353
2240,F13,GOOD,1848,2246,1,82.27960819234195,482,19.28,525.0,91.8095238095238,70,180,39,486,37.03703703703704,8.024691358024691,5000.0,5000.0,67
2241,F43,GOOD,10906,13435,1,81.17603275027912,373,20.72222222222222,378.0,98.67724867724868,70,370,351,373,99.19571045576409,94.1018766756032,7500.0,7500.0,147
2242,F13,GOOD,1851,2251,2,82.23011994669037,482,19.28,525.0,91.8095238095238,70,180,39,486,37.03703703703704,8.024691358024691,5000.0,10000.0,133
2243,F43,GOOD,16960,23876,2,71.03367398224158,373,20.72222222222222,378.0,98.67724867724868,70,373,373,374,99.73262032085562,99.73262032085562,7500.0,15000.0,294
2244,F13,GOOD,4657,5812,3,80.12732278045424,515,20.6,525.0,98.09523809523807,70,428,259,518,82.62548262548263,50.0,5000.0,15000.0,200
2245,F43,GOOD,20425,33562,3,60.85751743042727,373,20.72222222222222,378.0,98.67724867724868,70,373,373,375,99.46666666666668,99.46666666666668,7500.0,22500.0,441
2246,F13,GOOD,7492,9654,4,77.60513776672882,518,20.72,525.0,98.66666666666669,70,496,409,522,95.0191570881226,78.35249042145594,5000.0,20000.0,267
2247,F43,GOOD,21280,38591,4,55.14239071286051,373,20.72222222222222,378.0,98.67724867724868,70,373,373,375,99.46666666666668,99.46666666666668,7500.0,30000.0,588
2248,F13,GOOD,9674,12712,5,76.10132158590308,518,20.72,525.0,98.66666666666669,70,514,469,524,98.09160305343512,89.50381679389314,5000.0,25000.0,333
2249,F43,GOOD,21626,43618,5,49.58044843871796,373,20.72222222222222,378.0,98.67724867724868,70,373,373,376,99.20212765957449,99.20212765957449,7500.0,37500.0,735
2250,F13,GOOD,9677,12717,6,76.0949909569867,518,20.72,525.0,98.66666666666669,70,514,469,524,98.09160305343512,89.50381679389314,5000.0,30000.0,400
2251,F43,GOOD,21303,46610,6,45.70478438103412,373,20.72222222222222,378.0,98.67724867724868,70,373,373,376,99.20212765957449,99.20212765957449,7500.0,45000.0,882
2252,F13,GOOD,11062,14790,7,74.79377958079783,518,20.72,525.0,98.66666666666669,70,517,488,524,98.66412213740458,93.12977099236642,5000.0,35000.0,467
2253,F43,GOOD,20937,49396,7,42.38602315977002,373,20.72222222222222,378.0,98.67724867724868,70,373,373,376,99.20212765957449,99.20212765957449,7500.0,52500.0,1029
2254,F13,GOOD,12393,16950,8,73.11504424778761,518,20.72,525.0,98.66666666666669,70,518,503,524,98.85496183206108,95.99236641221374,5000.0,40000.0,533
2255,F43,GOOD,20056,53181,8,37.712716947782106,373,20.72222222222222,378.0,98.67724867724868,70,374,373,376,99.46808510638296,99.20212765957449,7500.0,60000.0,1176
2256,F13,GOOD,14349,20105,9,71.3703058940562,518,20.72,525.0,98.66666666666669,70,519,513,524,99.04580152671755,97.90076335877863,5000.0,45000.0,600
2257,F43,GOOD,19421,55230,9,35.16386022089444,373,20.72222222222222,378.0,98.67724867724868,70,374,373,376,99.46808510638296,99.20212765957449,7500.0,67500.0,1324
2258,F13,GOOD,18665,27736,10,67.29521199884626,518,20.72,525.0,98.66666666666669,70,521,517,524,99.42748091603052,98.66412213740458,5000.0,50000.0,667
2259,F43,GOOD,18893,56785,10,33.2711103284318,373,20.72222222222222,378.0,98.67724867724868,70,374,373,376,99.46808510638296,99.20212765957449,7500.0,75000.0,1471
2260,F13,GOOD,20280,30893,11,65.64593920952967,518,20.72,525.0,98.66666666666669,70,521,519,524,99.42748091603052,99.04580152671755,5000.0,55000.0,733
2261,F43,GOOD,18778,57101,11,32.88558869371815,373,20.72222222222222,378.0,98.67724867724868,70,374,373,376,99.46808510638296,99.20212765957449,7500.0,82500.0,1618
2262,F13,GOOD,21596,33712,12,64.06027527289986,518,20.72,525.0,98.66666666666669,70,522,519,524,99.61832061068702,99.04580152671755,5000.0,60000.0,800
2263,F43,GOOD,18340,57982,12,31.63050601910938,373,20.72222222222222,378.0,98.67724867724868,70,374,373,376,99.46808510638296,99.20212765957449,7500.0,90000.0,1765
2264,F13,GOOD,23884,39544,13,60.39854339469958,518,20.72,525.0,98.66666666666669,70,523,521,524,99.80916030534353,99.42748091603052,5000.0,65000.0,867
2265,F43,GOOD,17812,59100,13,30.13874788494078,373,20.72222222222222,378.0,98.67724867724868,70,374,373,376,99.46808510638296,99.20212765957449,7500.0,97500.0,1912
2266,F13,GOOD,24341,41152,14,59.149008553654745,518,20.72,525.0,98.66666666666669,70,524,521,524,100.0,99.42748091603052,5000.0,70000.0,933
2267,F43,GOOD,16982,60319,14,28.153649762098176,373,20.72222222222222,378.0,98.67724867724868,70,375,373,376,99.7340425531915,99.20212765957449,7500.0,105000.0,2059
2268,F13,GOOD,24341,41152,15,59.149008553654745,518,20.72,525.0,98.66666666666669,70,524,521,524,100.0,99.42748091603052,5000.0,75000.0,1000
2269,F43,GOOD,16535,60943,15,27.13191014554584,373,20.72222222222222,378.0,98.67724867724868,70,375,373,376,99.7340425531915,99.20212765957449,7500.0,112500.0,2206
2270,F13,GOOD,25521,45010,16,56.70073317040658,518,20.72,525.0,98.66666666666669,70,524,522,524,100.0,99.61832061068702,5000.0,80000.0,1067
2271,F43,GOOD,15924,61828,16,25.75532121368959,373,20.72222222222222,378.0,98.67724867724868,70,375,373,377,99.46949602122017,98.93899204244032,7500.0,120000.0,2353
2272,F13,GOOD,2845,3531,1,80.57207589917871,504,20.16,525.0,96.0,71,313,135,508,61.61417322834646,26.574803149606304,5000.0,5000.0,67
2273,F43,GOOD,11032,13800,1,79.94202898550725,373,20.72222222222222,378.0,98.67724867724868,71,373,359,376,99.20212765957449,95.47872340425532,7500.0,7500.0,147
2274,F13,GOOD,2850,3537,2,80.57675996607294,504,20.16,525.0,96.0,71,313,136,508,61.61417322834646,26.77165354330709,5000.0,10000.0,133
2275,F43,GOOD,15945,22000,2,72.47727272727272,373,20.72222222222222,378.0,98.67724867724868,71,373,373,376,99.20212765957449,99.20212765957449,7500.0,15000.0,294
2276,F13,GOOD,4542,5682,3,79.93664202745512,516,20.64,525.0,98.28571428571428,71,430,239,520,82.6923076923077,45.96153846153846,5000.0,15000.0,200
2277,F43,GOOD,19410,30251,3,64.16316815973026,373,20.72222222222222,378.0,98.67724867724868,71,373,373,376,99.20212765957449,99.20212765957449,7500.0,22500.0,441
2278,F13,GOOD,6333,8169,4,77.52478883584281,517,20.68,525.0,98.47619047619048,71,489,364,522,93.67816091954025,69.73180076628353,5000.0,20000.0,267
2279,F43,GOOD,21290,38597,4,55.15972743995648,373,20.72222222222222,378.0,98.67724867724868,71,373,373,376,99.20212765957449,99.20212765957449,7500.0,30000.0,588
2280,F13,GOOD,6336,8174,5,77.51406899926596,517,20.68,525.0,98.47619047619048,71,489,364,522,93.67816091954025,69.73180076628353,5000.0,25000.0,333
2281,F43,GOOD,21615,43495,5,49.69536728359581,373,20.72222222222222,378.0,98.67724867724868,71,373,373,376,99.20212765957449,99.20212765957449,7500.0,37500.0,735
2282,F13,GOOD,6338,8176,6,77.51956947162427,517,20.68,525.0,98.47619047619048,71,489,365,522,93.67816091954025,69.92337164750958,5000.0,30000.0,400
2283,F43,GOOD,21456,45329,6,47.33393633214939,373,20.72222222222222,378.0,98.67724867724868,71,373,373,376,99.20212765957449,99.20212765957449,7500.0,45000.0,882
2284,F13,GOOD,9553,12493,7,76.4668214199952,518,20.72,525.0,98.66666666666669,71,515,472,523,98.47036328871891,90.24856596558315,5000.0,35000.0,467
2285,F43,GOOD,21433,45916,7,46.67871765833261,373,20.72222222222222,378.0,98.67724867724868,71,373,373,376,99.20212765957449,99.20212765957449,7500.0,52500.0,1029
2286,F13,GOOD,15011,20965,8,71.60028619127117,518,20.72,525.0,98.66666666666669,71,519,514,524,99.04580152671755,98.09160305343512,5000.0,40000.0,533
2287,F43,GOOD,21218,48489,8,43.75837818886758,373,20.72222222222222,378.0,98.67724867724868,71,373,373,376,99.20212765957449,99.20212765957449,7500.0,60000.0,1176
2288,F13,GOOD,16857,24072,9,70.02741774675972,518,20.72,525.0,98.66666666666669,71,520,516,524,99.23664122137404,98.47328244274809,5000.0,45000.0,600
2289,F43,GOOD,20779,51303,9,40.5025047268191,373,20.72222222222222,378.0,98.67724867724868,71,373,373,376,99.20212765957449,99.20212765957449,7500.0,67500.0,1324
2290,F13,GOOD,20289,30927,10,65.60287127752449,518,20.72,525.0,98.66666666666669,71,523,519,524,99.80916030534353,99.04580152671755,5000.0,50000.0,667
2291,F43,GOOD,20368,53077,10,38.3744371384969,373,20.72222222222222,378.0,98.67724867724868,71,373,373,376,99.20212765957449,99.20212765957449,7500.0,75000.0,1471
2292,F13,GOOD,21297,33184,11,64.17851976856316,518,20.72,525.0,98.66666666666669,71,523,519,524,99.80916030534353,99.04580152671755,5000.0,55000.0,733
2293,F43,GOOD,19257,56158,11,34.29075109512447,373,20.72222222222222,378.0,98.67724867724868,71,374,373,376,99.46808510638296,99.20212765957449,7500.0,82500.0,1618
2294,F13,GOOD,22532,35924,12,62.72130052332703,518,20.72,525.0,98.66666666666669,71,523,521,524,99.80916030534353,99.42748091603052,5000.0,60000.0,800
2295,F43,GOOD,18805,57092,12,32.93806487774119,373,20.72222222222222,378.0,98.67724867724868,71,374,373,376,99.46808510638296,99.20212765957449,7500.0,90000.0,1765
2296,F13,GOOD,23171,37767,13,61.35250350835385,518,20.72,525.0,98.66666666666669,71,524,521,524,100.0,99.42748091603052,5000.0,65000.0,867
2297,F43,GOOD,18013,58553,13,30.763581712294847,373,20.72222222222222,378.0,98.67724867724868,71,375,373,376,99.7340425531915,99.20212765957449,7500.0,97500.0,1912
2298,F13,GOOD,24618,41894,14,58.76259130185707,518,20.72,525.0,98.66666666666669,71,524,521,524,100.0,99.42748091603052,5000.0,70000.0,933
2299,F43,GOOD,17362,59636,14,29.11328727614193,373,20.72222222222222,378.0,98.67724867724868,71,375,373,377,99.46949602122017,98.93899204244032,7500.0,105000.0,2059
2300,F13,GOOD,25088,43354,15,57.86778613276745,518,20.72,525.0,98.66666666666669,71,524,521,524,100.0,99.42748091603052,5000.0,75000.0,1000
2301,F43,GOOD,16622,60868,15,27.30827364132221,373,20.72222222222222,378.0,98.67724867724868,71,375,373,377,99.46949602122017,98.93899204244032,7500.0,112500.0,2206
2302,F13,GOOD,25521,45010,16,56.70073317040658,518,20.72,525.0,98.66666666666669,71,524,522,524,100.0,99.61832061068702,5000.0,80000.0,1067
2303,F43,GOOD,15924,61828,16,25.75532121368959,373,20.72222222222222,378.0,98.67724867724868,71,375,373,377,99.46949602122017,98.93899204244032,7500.0,120000.0,2353
2304,F13,GOOD,3937,4836,1,81.41025641025641,514,20.56,525.0,97.90476190476193,72,398,200,517,76.9825918762089,38.684719535783366,5000.0,5000.0,67
2305,F43,GOOD,7877,9143,1,86.15334135404134,373,20.72222222222222,378.0,98.67724867724868,72,361,312,374,96.524064171123,83.42245989304813,7500.0,7500.0,147
2306,F13,GOOD,7135,8957,2,79.65836775706153,517,20.68,525.0,98.47619047619048,72,498,381,521,95.58541266794626,73.12859884836853,5000.0,10000.0,133
2307,F43,GOOD,15481,20840,2,74.28502879078694,373,20.72222222222222,378.0,98.67724867724868,72,373,373,375,99.46666666666668,99.46666666666668,7500.0,15000.0,294
2308,F13,GOOD,7135,8957,3,79.65836775706153,517,20.68,525.0,98.47619047619048,72,498,381,521,95.58541266794626,73.12859884836853,5000.0,15000.0,200
2309,F43,GOOD,18769,27993,3,67.04890508341371,373,20.72222222222222,378.0,98.67724867724868,72,373,373,375,99.46666666666668,99.46666666666668,7500.0,22500.0,441
2310,F13,GOOD,8630,10972,4,78.65475756471018,517,20.68,525.0,98.47619047619048,72,512,434,521,98.2725527831094,83.30134357005758,5000.0,20000.0,267
2311,F43,GOOD,20854,35007,4,59.57094295426629,373,20.72222222222222,378.0,98.67724867724868,72,373,373,375,99.46666666666668,99.46666666666668,7500.0,30000.0,588
2312,F13,GOOD,10584,13809,5,76.64566587008473,518,20.72,525.0,98.66666666666669,72,514,482,522,98.46743295019157,92.33716475095784,5000.0,25000.0,333
2313,F43,GOOD,21838,42034,5,51.953180758433646,373,20.72222222222222,378.0,98.67724867724868,72,373,373,376,99.20212765957449,99.20212765957449,7500.0,37500.0,735
2314,F13,GOOD,15932,22208,6,71.73991354466858,518,20.72,525.0,98.66666666666669,72,519,514,523,99.23518164435946,98.2791586998088,5000.0,30000.0,400
2315,F43,GOOD,21818,45156,6,48.31694569935336,373,20.72222222222222,378.0,98.67724867724868,72,373,373,376,99.20212765957449,99.20212765957449,7500.0,45000.0,882
2316,F13,GOOD,17175,24412,7,70.3547435687367,518,20.72,525.0,98.66666666666669,72,520,516,524,99.23664122137404,98.47328244274809,5000.0,35000.0,467
2317,F43,GOOD,21382,48402,7,44.175860501632165,373,20.72222222222222,378.0,98.67724867724868,72,373,373,376,99.20212765957449,99.20212765957449,7500.0,52500.0,1029
2318,F13,GOOD,18381,26805,8,68.57302742025742,518,20.72,525.0,98.66666666666669,72,522,516,524,99.61832061068702,98.47328244274809,5000.0,40000.0,533
2319,F43,GOOD,20802,50889,8,40.87720332488357,373,20.72222222222222,378.0,98.67724867724868,72,373,373,376,99.20212765957449,99.20212765957449,7500.0,60000.0,1176
2320,F13,GOOD,19327,28844,9,67.00526972680628,518,20.72,525.0,98.66666666666669,72,523,517,524,99.80916030534353,98.66412213740458,5000.0,45000.0,600
2321,F43,GOOD,20062,53199,9,37.71123517359349,373,20.72222222222222,378.0,98.67724867724868,72,373,373,376,99.20212765957449,99.20212765957449,7500.0,67500.0,1324
2322,F13,GOOD,19325,28844,10,66.99833587574538,518,20.72,525.0,98.66666666666669,72,523,517,524,99.80916030534353,98.66412213740458,5000.0,50000.0,667
2323,F43,GOOD,19613,54663,10,35.879845599399964,373,20.72222222222222,378.0,98.67724867724868,72,373,373,376,99.20212765957449,99.20212765957449,7500.0,75000.0,1471
2324,F13,GOOD,20844,31940,11,65.25986224170319,518,20.72,525.0,98.66666666666669,72,523,519,524,99.80916030534353,99.04580152671755,5000.0,55000.0,733
2325,F43,GOOD,19482,55008,11,35.41666666666667,373,20.72222222222222,378.0,98.67724867724868,72,373,373,376,99.20212765957449,99.20212765957449,7500.0,82500.0,1618
2326,F13,GOOD,23271,37933,12,61.34763925869295,518,20.72,525.0,98.66666666666669,72,524,521,524,100.0,99.42748091603052,5000.0,60000.0,800
2327,F43,GOOD,18905,56484,12,33.46965512357482,373,20.72222222222222,378.0,98.67724867724868,72,374,373,376,99.46808510638296,99.20212765957449,7500.0,90000.0,1765
2328,F13,GOOD,23949,39837,13,60.11747872580767,518,20.72,525.0,98.66666666666669,72,524,521,524,100.0,99.42748091603052,5000.0,65000.0,867
2329,F43,GOOD,17941,58463,13,30.68778543694302,373,20.72222222222222,378.0,98.67724867724868,72,374,373,376,99.46808510638296,99.20212765957449,7500.0,97500.0,1912
2330,F13,GOOD,24341,41152,14,59.149008553654745,518,20.72,525.0,98.66666666666669,72,524,521,524,100.0,99.42748091603052,5000.0,70000.0,933
2331,F43,GOOD,17057,60218,14,28.32541764920788,373,20.72222222222222,378.0,98.67724867724868,72,375,373,376,99.7340425531915,99.20212765957449,7500.0,105000.0,2059
2332,F13,GOOD,24341,41152,15,59.149008553654745,518,20.72,525.0,98.66666666666669,72,524,521,524,100.0,99.42748091603052,5000.0,75000.0,1000
2333,F43,GOOD,16535,60943,15,27.13191014554584,373,20.72222222222222,378.0,98.67724867724868,72,375,373,376,99.7340425531915,99.20212765957449,7500.0,112500.0,2206
2334,F13,GOOD,25521,45010,16,56.70073317040658,518,20.72,525.0,98.66666666666669,72,524,522,524,100.0,99.61832061068702,5000.0,80000.0,1067
2335,F43,GOOD,15924,61828,16,25.75532121368959,373,20.72222222222222,378.0,98.67724867724868,72,375,373,377,99.46949602122017,98.93899204244032,7500.0,120000.0,2353
2336,F13,GOOD,2984,3670,1,81.30790190735695,506,20.24,525.0,96.38095238095238,73,333,139,508,65.5511811023622,27.36220472440945,5000.0,5000.0,67
2337,F43,GOOD,12757,16466,1,77.47479655046763,373,20.72222222222222,378.0,98.67724867724868,73,373,365,375,99.46666666666668,97.33333333333334,7500.0,7500.0,147
2338,F13,GOOD,6071,7660,2,79.25587467362925,517,20.68,525.0,98.47619047619048,73,487,339,521,93.47408829174664,65.06717850287907,5000.0,10000.0,133
2339,F43,GOOD,18737,28637,2,65.42933966546775,373,20.72222222222222,378.0,98.67724867724868,73,373,373,375,99.46666666666668,99.46666666666668,7500.0,15000.0,294
2340,F13,GOOD,7290,9435,3,77.26550079491255,518,20.72,525.0,98.66666666666669,73,500,413,524,95.41984732824427,78.81679389312977,5000.0,15000.0,200
2341,F43,GOOD,20777,35518,3,58.49710006194042,373,20.72222222222222,378.0,98.67724867724868,73,373,373,376,99.20212765957449,99.20212765957449,7500.0,22500.0,441
2342,F13,GOOD,7292,9437,4,77.27031895729574,518,20.72,525.0,98.66666666666669,73,500,413,524,95.41984732824427,78.81679389312977,5000.0,20000.0,267
2343,F43,GOOD,21562,40164,4,53.68489194303356,373,20.72222222222222,378.0,98.67724867724868,73,373,373,376,99.20212765957449,99.20212765957449,7500.0,30000.0,588
2344,F13,GOOD,12794,17448,5,73.32645575424117,518,20.72,525.0,98.66666666666669,73,518,507,524,98.85496183206108,96.7557251908397,5000.0,25000.0,333
2345,F43,GOOD,21735,43768,5,49.6595686346189,373,20.72222222222222,378.0,98.67724867724868,73,374,373,377,99.20424403183024,98.93899204244032,7500.0,37500.0,735
2346,F13,GOOD,17094,24736,6,69.10575679172058,518,20.72,525.0,98.66666666666669,73,520,515,524,99.23664122137404,98.2824427480916,5000.0,30000.0,400
2347,F43,GOOD,21669,46288,6,46.8134289664708,373,20.72222222222222,378.0,98.67724867724868,73,374,373,377,99.20424403183024,98.93899204244032,7500.0,45000.0,882
2348,F13,GOOD,17095,24739,7,69.10141881240148,518,20.72,525.0,98.66666666666669,73,520,515,524,99.23664122137404,98.2824427480916,5000.0,35000.0,467
2349,F43,GOOD,21422,48643,7,44.039224554406594,373,20.72222222222222,378.0,98.67724867724868,73,374,373,377,99.20424403183024,98.93899204244032,7500.0,52500.0,1029
2350,F13,GOOD,18751,27739,8,67.5979667615992,518,20.72,525.0,98.66666666666669,73,520,518,524,99.23664122137404,98.85496183206108,5000.0,40000.0,533
2351,F43,GOOD,21365,49068,8,43.54161571696421,373,20.72222222222222,378.0,98.67724867724868,73,374,373,377,99.20424403183024,98.93899204244032,7500.0,60000.0,1176
2352,F13,GOOD,19503,29216,9,66.75451807228916,518,20.72,525.0,98.66666666666669,73,520,519,524,99.23664122137404,99.04580152671755,5000.0,45000.0,600
2353,F43,GOOD,20658,52200,9,39.57471264367816,373,20.72222222222222,378.0,98.67724867724868,73,374,373,377,99.20424403183024,98.93899204244032,7500.0,67500.0,1324
2354,F13,GOOD,19504,29218,10,66.75337120952838,518,20.72,525.0,98.66666666666669,73,520,519,524,99.23664122137404,99.04580152671755,5000.0,50000.0,667
2355,F43,GOOD,19915,54142,10,36.782904214842446,373,20.72222222222222,378.0,98.67724867724868,73,374,373,377,99.20424403183024,98.93899204244032,7500.0,75000.0,1471
2356,F13,GOOD,20722,31866,11,65.02855708278416,518,20.72,525.0,98.66666666666669,73,521,519,524,99.42748091603052,99.04580152671755,5000.0,55000.0,733
2357,F43,GOOD,19154,55965,11,34.22496202984008,373,20.72222222222222,378.0,98.67724867724868,73,374,373,377,99.20424403183024,98.93899204244032,7500.0,82500.0,1618
2358,F13,GOOD,21548,33873,12,63.61408791662977,518,20.72,525.0,98.66666666666669,73,523,519,524,99.80916030534353,99.04580152671755,5000.0,60000.0,800
2359,F43,GOOD,18169,57787,12,31.441327634242995,373,20.72222222222222,378.0,98.67724867724868,73,374,373,377,99.20424403183024,98.93899204244032,7500.0,90000.0,1765
2360,F13,GOOD,22545,36249,13,62.19481916742531,518,20.72,525.0,98.66666666666669,73,523,519,524,99.80916030534353,99.04580152671755,5000.0,65000.0,867
2361,F43,GOOD,17867,58371,13,30.60937794452725,373,20.72222222222222,378.0,98.67724867724868,73,374,373,377,99.20424403183024,98.93899204244032,7500.0,97500.0,1912
2362,F13,GOOD,24496,41789,14,58.618296680944745,518,20.72,525.0,98.66666666666669,73,524,522,524,100.0,99.61832061068702,5000.0,70000.0,933
2363,F43,GOOD,17309,59436,14,29.12208089373444,373,20.72222222222222,378.0,98.67724867724868,73,375,373,377,99.46949602122017,98.93899204244032,7500.0,105000.0,2059
2364,F13,GOOD,25221,43889,15,57.465424138166746,518,20.72,525.0,98.66666666666669,73,524,522,524,100.0,99.61832061068702,5000.0,75000.0,1000
2365,F43,GOOD,16650,60720,15,27.420948616600796,373,20.72222222222222,378.0,98.67724867724868,73,375,373,377,99.46949602122017,98.93899204244032,7500.0,112500.0,2206
2366,F13,GOOD,25521,45010,16,56.70073317040658,518,20.72,525.0,98.66666666666669,73,524,522,524,100.0,99.61832061068702,5000.0,80000.0,1067
2367,F43,GOOD,15924,61828,16,25.75532121368959,373,20.72222222222222,378.0,98.67724867724868,73,375,373,377,99.46949602122017,98.93899204244032,7500.0,120000.0,2353
2368,F13,GOOD,2811,3536,1,79.49660633484163,504,20.16,525.0,96.0,74,331,134,509,65.0294695481336,26.326129666011788,5000.0,5000.0,67
2369,F43,GOOD,11390,14352,1,79.36176142697882,373,20.72222222222222,378.0,98.67724867724868,74,373,362,375,99.46666666666668,96.53333333333332,7500.0,7500.0,147
2370,F13,GOOD,5448,6935,2,78.55803893294882,517,20.68,525.0,98.47619047619048,74,466,321,523,89.10133843212236,61.376673040152966,5000.0,10000.0,133
2371,F43,GOOD,17154,24620,2,69.67506092607636,373,20.72222222222222,378.0,98.67724867724868,74,373,373,376,99.20212765957449,99.20212765957449,7500.0,15000.0,294
2372,F13,GOOD,8428,10895,3,77.35658558972005,517,20.68,525.0,98.47619047619048,74,509,435,523,97.32313575525812,83.17399617590823,5000.0,15000.0,200
2373,F43,GOOD,20203,32692,3,61.79799339287899,373,20.72222222222222,378.0,98.67724867724868,74,373,373,376,99.20212765957449,99.20212765957449,7500.0,22500.0,441
2374,F13,GOOD,11395,15063,4,75.64894111398792,518,20.72,525.0,98.66666666666669,74,517,495,524,98.66412213740458,94.46564885496184,5000.0,20000.0,267
2375,F43,GOOD,20509,33625,4,60.99330855018587,373,20.72222222222222,378.0,98.67724867724868,74,373,373,376,99.20212765957449,99.20212765957449,7500.0,30000.0,588
2376,F13,GOOD,11397,15065,5,75.65217391304347,518,20.72,525.0,98.66666666666669,74,517,495,524,98.66412213740458,94.46564885496184,5000.0,25000.0,333
2377,F43,GOOD,21391,38537,5,55.50769390455925,373,20.72222222222222,378.0,98.67724867724868,74,373,373,376,99.20212765957449,99.20212765957449,7500.0,37500.0,735
2378,F13,GOOD,12659,17103,6,74.01625445828218,518,20.72,525.0,98.66666666666669,74,519,510,524,99.04580152671755,97.32824427480917,5000.0,30000.0,400
2379,F43,GOOD,21713,44072,6,49.26710836812489,373,20.72222222222222,378.0,98.67724867724868,74,373,373,376,99.20212765957449,99.20212765957449,7500.0,45000.0,882
2380,F13,GOOD,13594,18625,7,72.98791946308725,518,20.72,525.0,98.66666666666669,74,519,512,524,99.04580152671755,97.70992366412212,5000.0,35000.0,467
2381,F43,GOOD,21369,47954,7,44.561454727447135,373,20.72222222222222,378.0,98.67724867724868,74,373,373,376,99.20212765957449,99.20212765957449,7500.0,52500.0,1029
2382,F13,GOOD,13598,18630,8,72.98980139559849,518,20.72,525.0,98.66666666666669,74,519,512,524,99.04580152671755,97.70992366412212,5000.0,40000.0,533
2383,F43,GOOD,20800,50034,8,41.57173122276851,373,20.72222222222222,378.0,98.67724867724868,74,373,373,376,99.20212765957449,99.20212765957449,7500.0,60000.0,1176
2384,F13,GOOD,18861,27962,9,67.45225663400329,518,20.72,525.0,98.66666666666669,74,524,518,524,100.0,98.85496183206108,5000.0,45000.0,600
2385,F43,GOOD,20377,52037,9,39.1586755577762,373,20.72222222222222,378.0,98.67724867724868,74,374,373,376,99.46808510638296,99.20212765957449,7500.0,67500.0,1324
2386,F13,GOOD,20131,30577,10,65.83706707656081,518,20.72,525.0,98.66666666666669,74,524,520,524,100.0,99.23664122137404,5000.0,50000.0,667
2387,F43,GOOD,19703,53926,10,36.53710640507362,373,20.72222222222222,378.0,98.67724867724868,74,374,373,376,99.46808510638296,99.20212765957449,7500.0,75000.0,1471
2388,F13,GOOD,20131,30578,11,65.83491399045064,518,20.72,525.0,98.66666666666669,74,524,520,524,100.0,99.23664122137404,5000.0,55000.0,733
2389,F43,GOOD,19317,55454,11,34.834277058462874,373,20.72222222222222,378.0,98.67724867724868,74,375,373,376,99.7340425531915,99.20212765957449,7500.0,82500.0,1618
2390,F13,GOOD,21555,33648,12,64.06027104136948,518,20.72,525.0,98.66666666666669,74,524,520,524,100.0,99.23664122137404,5000.0,60000.0,800
2391,F43,GOOD,19021,56151,12,33.874730637032286,373,20.72222222222222,378.0,98.67724867724868,74,375,373,376,99.7340425531915,99.20212765957449,7500.0,90000.0,1765
2392,F13,GOOD,23309,38182,13,61.04709025195119,518,20.72,525.0,98.66666666666669,74,524,521,524,100.0,99.42748091603052,5000.0,65000.0,867
2393,F43,GOOD,18441,57479,13,32.083021625289234,373,20.72222222222222,378.0,98.67724867724868,74,375,373,376,99.7340425531915,99.20212765957449,7500.0,97500.0,1912
2394,F13,GOOD,23952,39936,14,59.97596153846154,518,20.72,525.0,98.66666666666669,74,524,521,524,100.0,99.42748091603052,5000.0,70000.0,933
2395,F43,GOOD,17288,59750,14,28.933891213389124,373,20.72222222222222,378.0,98.67724867724868,74,375,373,376,99.7340425531915,99.20212765957449,7500.0,105000.0,2059
2396,F13,GOOD,24341,41152,15,59.149008553654745,518,20.72,525.0,98.66666666666669,74,524,521,524,100.0,99.42748091603052,5000.0,75000.0,1000
2397,F43,GOOD,16535,60943,15,27.13191014554584,373,20.72222222222222,378.0,98.67724867724868,74,375,373,376,99.7340425531915,99.20212765957449,7500.0,112500.0,2206
2398,F13,GOOD,25521,45010,16,56.70073317040658,518,20.72,525.0,98.66666666666669,74,524,522,524,100.0,99.61832061068702,5000.0,80000.0,1067
2399,F43,GOOD,15924,61828,16,25.75532121368959,373,20.72222222222222,378.0,98.67724867724868,74,375,373,377,99.46949602122017,98.93899204244032,7500.0,120000.0,2353
2400,F13,GOOD,3,5,1,60.0,3,1.0,525.0,0.5714285714285714,75,0,0,3,0.0,0.0,5000.0,5000.0,67
2401,F43,GOOD,11155,13756,1,81.0918871765048,373,20.72222222222222,378.0,98.67724867724868,75,373,360,374,99.73262032085562,96.2566844919786,7500.0,7500.0,147
2402,F13,GOOD,3359,4172,2,80.51294343240653,510,20.4,525.0,97.14285714285714,75,364,168,512,71.09375,32.8125,5000.0,10000.0,133
2403,F43,GOOD,16146,22465,2,71.87180057867795,373,20.72222222222222,378.0,98.67724867724868,75,373,373,374,99.73262032085562,99.73262032085562,7500.0,15000.0,294
2404,F13,GOOD,5857,7505,3,78.0413057961359,517,20.68,525.0,98.47619047619048,75,482,336,522,92.33716475095784,64.36781609195403,5000.0,15000.0,200
2405,F43,GOOD,19612,31193,3,62.87308049882987,373,20.72222222222222,378.0,98.67724867724868,75,373,373,375,99.46666666666668,99.46666666666668,7500.0,22500.0,441
2406,F13,GOOD,11699,15726,4,74.39272542286659,518,20.72,525.0,98.66666666666669,75,522,501,524,99.61832061068702,95.61068702290076,5000.0,20000.0,267
2407,F43,GOOD,20786,36124,4,57.54069316797696,373,20.72222222222222,378.0,98.67724867724868,75,373,373,376,99.20212765957449,99.20212765957449,7500.0,30000.0,588
2408,F13,GOOD,11700,15730,5,74.3801652892562,518,20.72,525.0,98.66666666666669,75,522,501,524,99.61832061068702,95.61068702290076,5000.0,25000.0,333
2409,F43,GOOD,21175,39474,5,53.64290419009981,373,20.72222222222222,378.0,98.67724867724868,75,374,373,376,99.46808510638296,99.20212765957449,7500.0,37500.0,735
2410,F13,GOOD,17565,25498,6,68.88775590242372,518,20.72,525.0,98.66666666666669,75,523,519,524,99.80916030534353,99.04580152671755,5000.0,30000.0,400
2411,F43,GOOD,21446,43009,6,49.86398195726476,373,20.72222222222222,378.0,98.67724867724868,75,374,373,376,99.46808510638296,99.20212765957449,7500.0,45000.0,882
2412,F13,GOOD,18436,27118,7,67.98436462865993,518,20.72,525.0,98.66666666666669,75,524,519,524,100.0,99.04580152671755,5000.0,35000.0,467
2413,F43,GOOD,21432,46323,7,46.26643352114501,373,20.72222222222222,378.0,98.67724867724868,75,374,373,376,99.46808510638296,99.20212765957449,7500.0,52500.0,1029
2414,F13,GOOD,18438,27120,8,67.98672566371681,518,20.72,525.0,98.66666666666669,75,524,519,524,100.0,99.04580152671755,5000.0,40000.0,533
2415,F43,GOOD,21224,47932,8,44.27939581073187,373,20.72222222222222,378.0,98.67724867724868,75,374,373,377,99.20424403183024,98.93899204244032,7500.0,60000.0,1176
2416,F13,GOOD,19688,29541,9,66.64635591212213,518,20.72,525.0,98.66666666666669,75,524,520,524,100.0,99.23664122137404,5000.0,45000.0,600
2417,F43,GOOD,20497,51297,9,39.95750238805388,373,20.72222222222222,378.0,98.67724867724868,75,374,373,377,99.20424403183024,98.93899204244032,7500.0,67500.0,1324
2418,F13,GOOD,20972,32349,10,64.83044298123589,518,20.72,525.0,98.66666666666669,75,524,521,524,100.0,99.42748091603052,5000.0,50000.0,667
2419,F43,GOOD,20260,52204,10,38.80928664470156,373,20.72222222222222,378.0,98.67724867724868,75,374,373,377,99.20424403183024,98.93899204244032,7500.0,75000.0,1471
2420,F13,GOOD,22193,34954,11,63.492018080906334,518,20.72,525.0,98.66666666666669,75,524,521,524,100.0,99.42748091603052,5000.0,55000.0,733
2421,F43,GOOD,19511,54722,11,35.65476408026023,373,20.72222222222222,378.0,98.67724867724868,75,375,373,377,99.46949602122017,98.93899204244032,7500.0,82500.0,1618
2422,F13,GOOD,22673,36382,12,62.31927876422406,518,20.72,525.0,98.66666666666669,75,524,521,524,100.0,99.42748091603052,5000.0,60000.0,800
2423,F43,GOOD,18658,57012,12,32.72644355574265,373,20.72222222222222,378.0,98.67724867724868,75,375,373,377,99.46949602122017,98.93899204244032,7500.0,90000.0,1765
2424,F13,GOOD,23110,37470,13,61.67600747264478,518,20.72,525.0,98.66666666666669,75,524,521,524,100.0,99.42748091603052,5000.0,65000.0,867
2425,F43,GOOD,17676,58844,13,30.03874651621236,373,20.72222222222222,378.0,98.67724867724868,75,375,373,377,99.46949602122017,98.93899204244032,7500.0,97500.0,1912
2426,F13,GOOD,24359,41242,14,59.063575966248,518,20.72,525.0,98.66666666666669,75,524,522,524,100.0,99.61832061068702,5000.0,70000.0,933
2427,F43,GOOD,17240,59804,14,28.827503177045017,373,20.72222222222222,378.0,98.67724867724868,75,375,373,377,99.46949602122017,98.93899204244032,7500.0,105000.0,2059
2428,F13,GOOD,24898,42897,15,58.04135487330117,518,20.72,525.0,98.66666666666669,75,524,522,524,100.0,99.61832061068702,5000.0,75000.0,1000
2429,F43,GOOD,16064,61667,15,26.04958892114097,373,20.72222222222222,378.0,98.67724867724868,75,375,373,377,99.46949602122017,98.93899204244032,7500.0,112500.0,2206
2430,F13,GOOD,25521,45010,16,56.70073317040658,518,20.72,525.0,98.66666666666669,75,524,522,524,100.0,99.61832061068702,5000.0,80000.0,1067
2431,F43,GOOD,15924,61828,16,25.75532121368959,373,20.72222222222222,378.0,98.67724867724868,75,375,373,377,99.46949602122017,98.93899204244032,7500.0,120000.0,2353
2432,F13,GOOD,3976,4822,1,82.45541269182912,512,20.48,525.0,97.52380952380952,76,407,188,513,79.33723196881091,36.64717348927875,5000.0,5000.0,67
2433,F43,GOOD,1850,2025,1,91.35802469135804,358,19.88888888888889,378.0,94.70899470899472,76,171,50,358,47.76536312849162,13.966480446927374,7500.0,7500.0,147
2434,F13,GOOD,5595,6925,2,80.79422382671481,516,20.64,525.0,98.28571428571428,76,468,291,517,90.52224371373308,56.2862669245648,5000.0,10000.0,133
2435,F43,GOOD,11961,14982,2,79.83580296355626,373,20.72222222222222,378.0,98.67724867724868,76,371,359,373,99.46380697050938,96.24664879356568,7500.0,15000.0,294
2436,F13,GOOD,8392,10729,3,78.2179140646845,517,20.68,525.0,98.47619047619048,76,510,437,521,97.88867562380038,83.87715930902111,5000.0,15000.0,200
2437,F43,GOOD,18543,27648,3,67.06814236111111,373,20.72222222222222,378.0,98.67724867724868,76,373,372,374,99.73262032085562,99.46524064171123,7500.0,22500.0,441
2438,F13,GOOD,8396,10734,4,78.21874417738029,517,20.68,525.0,98.47619047619048,76,510,437,521,97.88867562380038,83.87715930902111,5000.0,20000.0,267
2439,F43,GOOD,20358,33326,4,61.08743923663206,373,20.72222222222222,378.0,98.67724867724868,76,373,373,374,99.73262032085562,99.73262032085562,7500.0,30000.0,588
2440,F13,GOOD,10834,14306,5,75.73046274290508,518,20.72,525.0,98.66666666666669,76,518,490,523,99.04397705544932,93.6902485659656,5000.0,25000.0,333
2441,F43,GOOD,21148,38089,5,55.52259182441125,373,20.72222222222222,378.0,98.67724867724868,76,373,373,374,99.73262032085562,99.73262032085562,7500.0,37500.0,735
2442,F13,GOOD,12774,17293,6,73.86803909096166,518,20.72,525.0,98.66666666666669,76,518,504,524,98.85496183206108,96.18320610687024,5000.0,30000.0,400
2443,F43,GOOD,21461,44279,6,48.46767090494365,373,20.72222222222222,378.0,98.67724867724868,76,373,373,375,99.46666666666668,99.46666666666668,7500.0,45000.0,882
2444,F13,GOOD,16829,24052,7,69.9692333277898,518,20.72,525.0,98.66666666666669,76,520,516,524,99.23664122137404,98.47328244274809,5000.0,35000.0,467
2445,F43,GOOD,21243,47207,7,44.99968225051369,373,20.72222222222222,378.0,98.67724867724868,76,374,373,376,99.46808510638296,99.20212765957449,7500.0,52500.0,1029
2446,F13,GOOD,17512,25443,8,68.82836143536532,518,20.72,525.0,98.66666666666669,76,521,517,524,99.42748091603052,98.66412213740458,5000.0,40000.0,533
2447,F43,GOOD,20685,50622,8,40.86168069218917,373,20.72222222222222,378.0,98.67724867724868,76,374,373,377,99.20424403183024,98.93899204244032,7500.0,60000.0,1176
2448,F13,GOOD,18989,28217,9,67.2963107346635,518,20.72,525.0,98.66666666666669,76,521,517,524,99.42748091603052,98.66412213740458,5000.0,45000.0,600
2449,F43,GOOD,20409,51966,9,39.27375591733056,373,20.72222222222222,378.0,98.67724867724868,76,374,373,377,99.20424403183024,98.93899204244032,7500.0,67500.0,1324
2450,F13,GOOD,18990,28219,10,67.29508487189483,518,20.72,525.0,98.66666666666669,76,521,517,524,99.42748091603052,98.66412213740458,5000.0,50000.0,667
2451,F43,GOOD,19589,54583,10,35.88846344099812,373,20.72222222222222,378.0,98.67724867724868,76,374,373,377,99.20424403183024,98.93899204244032,7500.0,75000.0,1471
2452,F13,GOOD,20366,30913,11,65.88166790670591,518,20.72,525.0,98.66666666666669,76,521,517,524,99.42748091603052,98.66412213740458,5000.0,55000.0,733
2453,F43,GOOD,18962,56466,11,33.58127014486594,373,20.72222222222222,378.0,98.67724867724868,76,374,373,377,99.20424403183024,98.93899204244032,7500.0,82500.0,1618
2454,F13,GOOD,23620,38588,12,61.2107390898725,518,20.72,525.0,98.66666666666669,76,523,520,524,99.80916030534353,99.23664122137404,5000.0,60000.0,800
2455,F43,GOOD,18454,57781,12,31.9378342361676,373,20.72222222222222,378.0,98.67724867724868,76,374,373,377,99.20424403183024,98.93899204244032,7500.0,90000.0,1765
2456,F13,GOOD,24100,39935,13,60.348065606610746,518,20.72,525.0,98.66666666666669,76,523,521,524,99.80916030534353,99.42748091603052,5000.0,65000.0,867
2457,F43,GOOD,17681,59208,13,29.862518578570462,373,20.72222222222222,378.0,98.67724867724868,76,374,373,377,99.20424403183024,98.93899204244032,7500.0,97500.0,1912
2458,F13,GOOD,25177,43521,14,57.85023322074401,518,20.72,525.0,98.66666666666669,76,524,522,524,100.0,99.61832061068702,5000.0,70000.0,933
2459,F43,GOOD,17186,60154,14,28.57000365727965,373,20.72222222222222,378.0,98.67724867724868,76,374,373,377,99.20424403183024,98.93899204244032,7500.0,105000.0,2059
2460,F13,GOOD,25177,43521,15,57.85023322074401,518,20.72,525.0,98.66666666666669,76,524,522,524,100.0,99.61832061068702,5000.0,75000.0,1000
2461,F43,GOOD,16733,60786,15,27.52772019872997,373,20.72222222222222,378.0,98.67724867724868,76,374,373,377,99.20424403183024,98.93899204244032,7500.0,112500.0,2206
2462,F13,GOOD,25521,45010,16,56.70073317040658,518,20.72,525.0,98.66666666666669,76,524,522,524,100.0,99.61832061068702,5000.0,80000.0,1067
2463,F43,GOOD,15924,61828,16,25.75532121368959,373,20.72222222222222,378.0,98.67724867724868,76,375,373,377,99.46949602122017,98.93899204244032,7500.0,120000.0,2353
2464,F13,GOOD,3937,4836,1,81.41025641025641,514,20.56,525.0,97.90476190476193,77,398,200,517,76.9825918762089,38.684719535783366,5000.0,5000.0,67
2465,F43,GOOD,7877,9143,1,86.15334135404134,373,20.72222222222222,378.0,98.67724867724868,77,361,312,374,96.524064171123,83.42245989304813,7500.0,7500.0,147
2466,F13,GOOD,6848,8724,2,78.49610270518112,518,20.72,525.0,98.66666666666669,77,489,386,521,93.85796545105566,74.08829174664108,5000.0,10000.0,133
2467,F43,GOOD,14244,18806,2,75.74178453684995,373,20.72222222222222,378.0,98.67724867724868,77,373,371,374,99.73262032085562,99.19786096256684,7500.0,15000.0,294
2468,F13,GOOD,14070,19489,3,72.19457129662887,518,20.72,525.0,98.66666666666669,77,519,512,523,99.23518164435946,97.89674952198853,5000.0,15000.0,200
2469,F43,GOOD,17671,25599,3,69.03004023594673,373,20.72222222222222,378.0,98.67724867724868,77,373,373,375,99.46666666666668,99.46666666666668,7500.0,22500.0,441
2470,F13,GOOD,15118,21188,4,71.35170851425336,518,20.72,525.0,98.66666666666669,77,520,512,523,99.4263862332696,97.89674952198853,5000.0,20000.0,267
2471,F43,GOOD,20269,33090,4,61.25415533393775,373,20.72222222222222,378.0,98.67724867724868,77,373,373,375,99.46666666666668,99.46666666666668,7500.0,30000.0,588
2472,F13,GOOD,18713,27610,5,67.77616805505252,518,20.72,525.0,98.66666666666669,77,522,519,524,99.61832061068702,99.04580152671755,5000.0,25000.0,333
2473,F43,GOOD,21266,37731,5,56.36214253531578,373,20.72222222222222,378.0,98.67724867724868,77,373,373,377,98.93899204244032,98.93899204244032,7500.0,37500.0,735
2474,F13,GOOD,19807,29788,6,66.49321874580369,518,20.72,525.0,98.66666666666669,77,522,519,524,99.61832061068702,99.04580152671755,5000.0,30000.0,400
2475,F43,GOOD,21705,44033,6,49.29257602252856,373,20.72222222222222,378.0,98.67724867724868,77,373,373,377,98.93899204244032,98.93899204244032,7500.0,45000.0,882
2476,F13,GOOD,19808,29789,7,66.49434354963242,518,20.72,525.0,98.66666666666669,77,522,519,524,99.61832061068702,99.04580152671755,5000.0,35000.0,467
2477,F43,GOOD,21478,46391,7,46.297773274988685,373,20.72222222222222,378.0,98.67724867724868,77,373,373,377,98.93899204244032,98.93899204244032,7500.0,52500.0,1029
2478,F13,GOOD,21229,32574,8,65.17160925891815,518,20.72,525.0,98.66666666666669,77,522,519,524,99.61832061068702,99.04580152671755,5000.0,40000.0,533
2479,F43,GOOD,21104,49863,8,42.32396767141969,373,20.72222222222222,378.0,98.67724867724868,77,373,373,377,98.93899204244032,98.93899204244032,7500.0,60000.0,1176
2480,F13,GOOD,22016,34528,9,63.76274328081557,518,20.72,525.0,98.66666666666669,77,523,521,524,99.80916030534353,99.42748091603052,5000.0,45000.0,600
2481,F43,GOOD,20353,52167,9,39.0150861655836,373,20.72222222222222,378.0,98.67724867724868,77,375,373,377,99.46949602122017,98.93899204244032,7500.0,67500.0,1324
2482,F13,GOOD,22016,34528,10,63.76274328081557,518,20.72,525.0,98.66666666666669,77,523,521,524,99.80916030534353,99.42748091603052,5000.0,50000.0,667
2483,F43,GOOD,19690,54311,10,36.2541658227615,373,20.72222222222222,378.0,98.67724867724868,77,375,373,377,99.46949602122017,98.93899204244032,7500.0,75000.0,1471
2484,F13,GOOD,23054,37043,11,62.235780039413655,518,20.72,525.0,98.66666666666669,77,524,521,524,100.0,99.42748091603052,5000.0,55000.0,733
2485,F43,GOOD,19554,54596,11,35.81581068210125,373,20.72222222222222,378.0,98.67724867724868,77,375,373,377,99.46949602122017,98.93899204244032,7500.0,82500.0,1618
2486,F13,GOOD,24343,40847,12,59.59556393370382,518,20.72,525.0,98.66666666666669,77,524,521,524,100.0,99.42748091603052,5000.0,60000.0,800
2487,F43,GOOD,19076,55891,12,34.130718720366424,373,20.72222222222222,378.0,98.67724867724868,77,375,373,377,99.46949602122017,98.93899204244032,7500.0,90000.0,1765
2488,F13,GOOD,24343,40847,13,59.59556393370382,518,20.72,525.0,98.66666666666669,77,524,521,524,100.0,99.42748091603052,5000.0,65000.0,867
2489,F43,GOOD,18511,57177,13,32.37490599366878,373,20.72222222222222,378.0,98.67724867724868,77,375,373,377,99.46949602122017,98.93899204244032,7500.0,97500.0,1912
2490,F13,GOOD,24924,42657,14,58.42886278922569,518,20.72,525.0,98.66666666666669,77,524,521,524,100.0,99.42748091603052,5000.0,70000.0,933
2491,F43,GOOD,17585,59081,14,29.76422200030467,373,20.72222222222222,378.0,98.67724867724868,77,375,373,377,99.46949602122017,98.93899204244032,7500.0,105000.0,2059
2492,F13,GOOD,25260,43815,15,57.65148921602192,518,20.72,525.0,98.66666666666669,77,524,521,524,100.0,99.42748091603052,5000.0,75000.0,1000
2493,F43,GOOD,16797,60345,15,27.834949043002734,373,20.72222222222222,378.0,98.67724867724868,77,375,373,377,99.46949602122017,98.93899204244032,7500.0,112500.0,2206
2494,F13,GOOD,25521,45010,16,56.70073317040658,518,20.72,525.0,98.66666666666669,77,524,522,524,100.0,99.61832061068702,5000.0,80000.0,1067
2495,F43,GOOD,15924,61828,16,25.75532121368959,373,20.72222222222222,378.0,98.67724867724868,77,375,373,377,99.46949602122017,98.93899204244032,7500.0,120000.0,2353
2496,F13,GOOD,3562,4337,1,82.13050495734379,511,20.44,525.0,97.33333333333334,78,354,170,514,68.8715953307393,33.07392996108949,5000.0,5000.0,67
2497,F43,GOOD,11290,14026,1,80.49336945672323,373,20.72222222222222,378.0,98.67724867724868,78,373,360,374,99.73262032085562,96.2566844919786,7500.0,7500.0,147
2498,F13,GOOD,11819,15789,2,74.855912344037,518,20.72,525.0,98.66666666666669,78,518,502,523,99.04397705544932,95.9847036328872,5000.0,10000.0,133
2499,F43,GOOD,15836,21710,2,72.94334408106863,373,20.72222222222222,378.0,98.67724867724868,78,373,373,374,99.73262032085562,99.73262032085562,7500.0,15000.0,294
2500,F13,GOOD,11823,15793,3,74.86228075729754,518,20.72,525.0,98.66666666666669,78,518,502,523,99.04397705544932,95.9847036328872,5000.0,15000.0,200
2501,F43,GOOD,18781,28398,3,66.13493908021691,373,20.72222222222222,378.0,98.67724867724868,78,373,373,375,99.46666666666668,99.46666666666668,7500.0,22500.0,441
2502,F13,GOOD,15544,21908,4,70.9512506846814,518,20.72,525.0,98.66666666666669,78,521,513,524,99.42748091603052,97.90076335877863,5000.0,20000.0,267
2503,F43,GOOD,20173,32966,4,61.19335072498938,373,20.72222222222222,378.0,98.67724867724868,78,373,373,375,99.46666666666668,99.46666666666668,7500.0,30000.0,588
2504,F13,GOOD,16872,24158,5,69.84021856113917,518,20.72,525.0,98.66666666666669,78,521,516,524,99.42748091603052,98.47328244274809,5000.0,25000.0,333
2505,F43,GOOD,21251,38159,5,55.6906627532168,373,20.72222222222222,378.0,98.67724867724868,78,373,373,375,99.46666666666668,99.46666666666668,7500.0,37500.0,735
2506,F13,GOOD,18752,27527,6,68.12220728739055,518,20.72,525.0,98.66666666666669,78,522,518,524,99.61832061068702,98.85496183206108,5000.0,30000.0,400
2507,F43,GOOD,21341,38927,6,54.82313047499166,373,20.72222222222222,378.0,98.67724867724868,78,373,373,375,99.46666666666668,99.46666666666668,7500.0,45000.0,882
2508,F13,GOOD,19521,29019,7,67.26971983872635,518,20.72,525.0,98.66666666666669,78,522,518,524,99.61832061068702,98.85496183206108,5000.0,35000.0,467
2509,F43,GOOD,21737,43853,7,49.56787448977265,373,20.72222222222222,378.0,98.67724867724868,78,373,373,375,99.46666666666668,99.46666666666668,7500.0,52500.0,1029
2510,F13,GOOD,20534,31251,8,65.70669738568365,518,20.72,525.0,98.66666666666669,78,523,520,524,99.80916030534353,99.23664122137404,5000.0,40000.0,533
2511,F43,GOOD,21332,46806,8,45.57535358714695,373,20.72222222222222,378.0,98.67724867724868,78,373,373,375,99.46666666666668,99.46666666666668,7500.0,60000.0,1176
2512,F13,GOOD,21612,33715,9,64.10203173661574,518,20.72,525.0,98.66666666666669,78,523,521,524,99.80916030534353,99.42748091603052,5000.0,45000.0,600
2513,F43,GOOD,20922,50411,9,41.502846600940266,373,20.72222222222222,378.0,98.67724867724868,78,373,373,375,99.46666666666668,99.46666666666668,7500.0,67500.0,1324
2514,F13,GOOD,21612,33716,10,64.10013050183889,518,20.72,525.0,98.66666666666669,78,523,521,524,99.80916030534353,99.42748091603052,5000.0,50000.0,667
2515,F43,GOOD,20361,52840,10,38.5333080999243,373,20.72222222222222,378.0,98.67724867724868,78,373,373,376,99.20212765957449,99.20212765957449,7500.0,75000.0,1471
2516,F13,GOOD,22079,34931,11,63.20746614754802,518,20.72,525.0,98.66666666666669,78,523,521,524,99.80916030534353,99.42748091603052,5000.0,55000.0,733
2517,F43,GOOD,19423,55408,11,35.05450476465492,373,20.72222222222222,378.0,98.67724867724868,78,373,373,376,99.20212765957449,99.20212765957449,7500.0,82500.0,1618
2518,F13,GOOD,23878,39530,12,60.40475588160891,518,20.72,525.0,98.66666666666669,78,524,522,524,100.0,99.61832061068702,5000.0,60000.0,800
2519,F43,GOOD,18826,56803,12,33.14261570691689,373,20.72222222222222,378.0,98.67724867724868,78,374,373,377,99.20424403183024,98.93899204244032,7500.0,90000.0,1765
2520,F13,GOOD,24704,41892,13,58.970686527260575,518,20.72,525.0,98.66666666666669,78,524,522,524,100.0,99.61832061068702,5000.0,65000.0,867
2521,F43,GOOD,18395,57711,13,31.87433938070732,373,20.72222222222222,378.0,98.67724867724868,78,374,373,377,99.20424403183024,98.93899204244032,7500.0,97500.0,1912
2522,F13,GOOD,25088,43442,14,57.75056397035128,518,20.72,525.0,98.66666666666669,78,524,522,524,100.0,99.61832061068702,5000.0,70000.0,933
2523,F43,GOOD,17553,59076,14,29.71257363396303,373,20.72222222222222,378.0,98.67724867724868,78,375,373,377,99.46949602122017,98.93899204244032,7500.0,105000.0,2059
2524,F13,GOOD,25521,45010,15,56.70073317040658,518,20.72,525.0,98.66666666666669,78,524,522,524,100.0,99.61832061068702,5000.0,75000.0,1000
2525,F43,GOOD,16373,61066,15,26.811973929846395,373,20.72222222222222,378.0,98.67724867724868,78,375,373,377,99.46949602122017,98.93899204244032,7500.0,112500.0,2206
2526,F13,GOOD,25521,45010,16,56.70073317040658,518,20.72,525.0,98.66666666666669,78,524,522,524,100.0,99.61832061068702,5000.0,80000.0,1067
2527,F43,GOOD,15924,61828,16,25.75532121368959,373,20.72222222222222,378.0,98.67724867724868,78,375,373,377,99.46949602122017,98.93899204244032,7500.0,120000.0,2353
2528,F13,GOOD,7867,10082,1,78.03015274747074,518,20.72,525.0,98.66666666666669,79,501,440,523,95.79349904397706,84.13001912045888,5000.0,5000.0,67
2529,F43,GOOD,8230,9749,1,84.41891476048825,372,20.666666666666668,378.0,98.4126984126984,79,362,322,372,97.31182795698923,86.55913978494624,7500.0,7500.0,147
2530,F13,GOOD,10618,13901,2,76.38299402920653,518,20.72,525.0,98.66666666666669,79,516,486,523,98.66156787762908,92.92543021032505,5000.0,10000.0,133
2531,F43,GOOD,15708,21300,2,73.74647887323944,373,20.72222222222222,378.0,98.67724867724868,79,373,370,374,99.73262032085562,98.93048128342244,7500.0,15000.0,294
2532,F13,GOOD,12498,16839,3,74.22055941564226,518,20.72,525.0,98.66666666666669,79,518,502,523,99.04397705544932,95.9847036328872,5000.0,15000.0,200
2533,F43,GOOD,19353,30230,3,64.01918623883559,373,20.72222222222222,378.0,98.67724867724868,79,373,373,375,99.46666666666668,99.46666666666668,7500.0,22500.0,441
2534,F13,GOOD,14427,19998,4,72.14221422142214,518,20.72,525.0,98.66666666666669,79,521,510,523,99.61759082217974,97.51434034416826,5000.0,20000.0,267
2535,F43,GOOD,20586,35431,4,58.10166238604612,373,20.72222222222222,378.0,98.67724867724868,79,373,373,375,99.46666666666668,99.46666666666668,7500.0,30000.0,588
2536,F13,GOOD,16599,23663,5,70.14748763892997,518,20.72,525.0,98.66666666666669,79,523,514,523,100.0,98.2791586998088,5000.0,25000.0,333
2537,F43,GOOD,21070,37888,5,55.61127533783784,373,20.72222222222222,378.0,98.67724867724868,79,373,373,376,99.20212765957449,99.20212765957449,7500.0,37500.0,735
2538,F13,GOOD,17907,26005,6,68.85983464718323,518,20.72,525.0,98.66666666666669,79,523,517,523,100.0,98.8527724665392,5000.0,30000.0,400
2539,F43,GOOD,21524,44188,6,48.71005702905767,373,20.72222222222222,378.0,98.67724867724868,79,373,373,376,99.20212765957449,99.20212765957449,7500.0,45000.0,882
2540,F13,GOOD,17909,26008,7,68.85958166717933,518,20.72,525.0,98.66666666666669,79,523,517,523,100.0,98.8527724665392,5000.0,35000.0,467
2541,F43,GOOD,21347,46329,7,46.07697122752488,373,20.72222222222222,378.0,98.67724867724868,79,373,373,376,99.20212765957449,99.20212765957449,7500.0,52500.0,1029
2542,F13,GOOD,20613,31402,8,65.64231577606522,518,20.72,525.0,98.66666666666669,79,523,518,524,99.80916030534353,98.85496183206108,5000.0,40000.0,533
2543,F43,GOOD,21057,48770,8,43.17613286856674,373,20.72222222222222,378.0,98.67724867724868,79,374,373,377,99.20424403183024,98.93899204244032,7500.0,60000.0,1176
2544,F13,GOOD,21245,32830,9,64.71215351812367,518,20.72,525.0,98.66666666666669,79,523,519,524,99.80916030534353,99.04580152671755,5000.0,45000.0,600
2545,F43,GOOD,20545,51489,9,39.90172658237682,373,20.72222222222222,378.0,98.67724867724868,79,374,373,377,99.20424403183024,98.93899204244032,7500.0,67500.0,1324
2546,F13,GOOD,21244,32830,10,64.70910752360646,518,20.72,525.0,98.66666666666669,79,523,519,524,99.80916030534353,99.04580152671755,5000.0,50000.0,667
2547,F43,GOOD,19793,54007,10,36.64895291351121,373,20.72222222222222,378.0,98.67724867724868,79,374,373,377,99.20424403183024,98.93899204244032,7500.0,75000.0,1471
2548,F13,GOOD,23598,38765,11,60.87450019347349,518,20.72,525.0,98.66666666666669,79,524,521,524,100.0,99.42748091603052,5000.0,55000.0,733
2549,F43,GOOD,19273,55577,11,34.678014286485414,373,20.72222222222222,378.0,98.67724867724868,79,375,373,377,99.46949602122017,98.93899204244032,7500.0,82500.0,1618
2550,F13,GOOD,23598,38765,12,60.87450019347349,518,20.72,525.0,98.66666666666669,79,524,521,524,100.0,99.42748091603052,5000.0,60000.0,800
2551,F43,GOOD,18870,56517,12,33.38818408620416,373,20.72222222222222,378.0,98.67724867724868,79,375,373,377,99.46949602122017,98.93899204244032,7500.0,90000.0,1765
2552,F13,GOOD,23980,39802,13,60.2482287322245,518,20.72,525.0,98.66666666666669,79,524,521,524,100.0,99.42748091603052,5000.0,65000.0,867
2553,F43,GOOD,17917,58467,13,30.644637145740333,373,20.72222222222222,378.0,98.67724867724868,79,375,373,377,99.46949602122017,98.93899204244032,7500.0,97500.0,1912
2554,F13,GOOD,24644,41902,14,58.81342179370913,518,20.72,525.0,98.66666666666669,79,524,522,524,100.0,99.61832061068702,5000.0,70000.0,933
2555,F43,GOOD,16956,60206,14,28.16330598279241,373,20.72222222222222,378.0,98.67724867724868,79,375,373,377,99.46949602122017,98.93899204244032,7500.0,105000.0,2059
2556,F13,GOOD,24898,42897,15,58.04135487330117,518,20.72,525.0,98.66666666666669,79,524,522,524,100.0,99.61832061068702,5000.0,75000.0,1000
2557,F43,GOOD,16064,61667,15,26.04958892114097,373,20.72222222222222,378.0,98.67724867724868,79,375,373,377,99.46949602122017,98.93899204244032,7500.0,112500.0,2206
2558,F13,GOOD,25521,45010,16,56.70073317040658,518,20.72,525.0,98.66666666666669,79,524,522,524,100.0,99.61832061068702,5000.0,80000.0,1067
2559,F43,GOOD,15924,61828,16,25.75532121368959,373,20.72222222222222,378.0,98.67724867724868,79,375,373,377,99.46949602122017,98.93899204244032,7500.0,120000.0,2353
2560,F13,GOOD,3,5,1,60.0,3,1.0,525.0,0.5714285714285714,80,0,0,3,0.0,0.0,5000.0,5000.0,67
2561,F43,GOOD,11155,13756,1,81.0918871765048,373,20.72222222222222,378.0,98.67724867724868,80,373,360,374,99.73262032085562,96.2566844919786,7500.0,7500.0,147
2562,F13,GOOD,3359,4172,2,80.51294343240653,510,20.4,525.0,97.14285714285714,80,364,168,512,71.09375,32.8125,5000.0,10000.0,133
2563,F43,GOOD,16146,22465,2,71.87180057867795,373,20.72222222222222,378.0,98.67724867724868,80,373,373,374,99.73262032085562,99.73262032085562,7500.0,15000.0,294
2564,F13,GOOD,9736,12744,3,76.39673571876962,518,20.72,525.0,98.66666666666669,80,515,477,524,98.2824427480916,91.03053435114504,5000.0,15000.0,200
2565,F43,GOOD,18912,28832,3,65.5937846836848,373,20.72222222222222,378.0,98.67724867724868,80,373,373,375,99.46666666666668,99.46666666666668,7500.0,22500.0,441
2566,F13,GOOD,9738,12746,4,76.40043935352267,518,20.72,525.0,98.66666666666669,80,515,477,524,98.2824427480916,91.03053435114504,5000.0,20000.0,267
2567,F43,GOOD,19900,31981,4,62.22444576467277,373,20.72222222222222,378.0,98.67724867724868,80,373,373,376,99.20212765957449,99.20212765957449,7500.0,30000.0,588
2568,F13,GOOD,11147,14831,5,75.16013754972693,518,20.72,525.0,98.66666666666669,80,516,495,524,98.47328244274809,94.46564885496184,5000.0,25000.0,333
2569,F43,GOOD,21008,36941,5,56.86906147640832,373,20.72222222222222,378.0,98.67724867724868,80,373,373,376,99.20212765957449,99.20212765957449,7500.0,37500.0,735
2570,F13,GOOD,12873,17574,6,73.25025606008877,518,20.72,525.0,98.66666666666669,80,522,505,524,99.61832061068702,96.37404580152672,5000.0,30000.0,400
2571,F43,GOOD,21424,42482,6,50.43077067934655,373,20.72222222222222,378.0,98.67724867724868,80,373,373,377,98.93899204244032,98.93899204244032,7500.0,45000.0,882
2572,F13,GOOD,14609,20374,7,71.70413271817023,518,20.72,525.0,98.66666666666669,80,522,511,524,99.61832061068702,97.51908396946564,5000.0,35000.0,467
2573,F43,GOOD,21193,46800,7,45.284188034188034,373,20.72222222222222,378.0,98.67724867724868,80,374,373,377,99.20424403183024,98.93899204244032,7500.0,52500.0,1029
2574,F13,GOOD,16508,23648,8,69.80717185385656,518,20.72,525.0,98.66666666666669,80,523,517,524,99.80916030534353,98.66412213740458,5000.0,40000.0,533
2575,F43,GOOD,21046,48311,8,43.56357765312248,373,20.72222222222222,378.0,98.67724867724868,80,374,373,377,99.20424403183024,98.93899204244032,7500.0,60000.0,1176
2576,F13,GOOD,16511,23652,9,69.8080500591916,518,20.72,525.0,98.66666666666669,80,523,517,524,99.80916030534353,98.66412213740458,5000.0,45000.0,600
2577,F43,GOOD,20682,49994,9,41.36896427571309,373,20.72222222222222,378.0,98.67724867724868,80,374,373,377,99.20424403183024,98.93899204244032,7500.0,67500.0,1324
2578,F13,GOOD,17745,25915,10,68.47385683966814,518,20.72,525.0,98.66666666666669,80,523,518,524,99.80916030534353,98.85496183206108,5000.0,50000.0,667
2579,F43,GOOD,19819,53593,10,36.980575821469216,373,20.72222222222222,378.0,98.67724867724868,80,374,373,377,99.20424403183024,98.93899204244032,7500.0,75000.0,1471
2580,F13,GOOD,21830,34302,11,63.64060404641128,518,20.72,525.0,98.66666666666669,80,524,521,524,100.0,99.42748091603052,5000.0,55000.0,733
2581,F43,GOOD,19249,55392,11,34.75050548815714,373,20.72222222222222,378.0,98.67724867724868,80,375,373,377,99.46949602122017,98.93899204244032,7500.0,82500.0,1618
2582,F13,GOOD,22286,35420,12,62.91925465838509,518,20.72,525.0,98.66666666666669,80,524,521,524,100.0,99.42748091603052,5000.0,60000.0,800
2583,F43,GOOD,18248,57434,12,31.772121043284468,373,20.72222222222222,378.0,98.67724867724868,80,375,373,377,99.46949602122017,98.93899204244032,7500.0,90000.0,1765
2584,F13,GOOD,23729,39354,13,60.296285002795145,518,20.72,525.0,98.66666666666669,80,524,521,524,100.0,99.42748091603052,5000.0,65000.0,867
2585,F43,GOOD,17744,58497,13,30.333179479289534,373,20.72222222222222,378.0,98.67724867724868,80,375,373,377,99.46949602122017,98.93899204244032,7500.0,97500.0,1912
2586,F13,GOOD,24147,40766,14,59.23318451650885,518,20.72,525.0,98.66666666666669,80,524,522,524,100.0,99.61832061068702,5000.0,70000.0,933
2587,F43,GOOD,16770,60515,14,27.712137486573575,373,20.72222222222222,378.0,98.67724867724868,80,375,373,377,99.46949602122017,98.93899204244032,7500.0,105000.0,2059
2588,F13,GOOD,24898,42897,15,58.04135487330117,518,20.72,525.0,98.66666666666669,80,524,522,524,100.0,99.61832061068702,5000.0,75000.0,1000
2589,F43,GOOD,16064,61667,15,26.04958892114097,373,20.72222222222222,378.0,98.67724867724868,80,375,373,377,99.46949602122017,98.93899204244032,7500.0,112500.0,2206
2590,F13,GOOD,25521,45010,16,56.70073317040658,518,20.72,525.0,98.66666666666669,80,524,522,524,100.0,99.61832061068702,5000.0,80000.0,1067
2591,F43,GOOD,15924,61828,16,25.75532121368959,373,20.72222222222222,378.0,98.67724867724868,80,375,373,377,99.46949602122017,98.93899204244032,7500.0,120000.0,2353
2592,F13,GOOD,7867,10082,1,78.03015274747074,518,20.72,525.0,98.66666666666669,81,501,440,523,95.79349904397706,84.13001912045888,5000.0,5000.0,67
2593,F43,GOOD,8230,9749,1,84.41891476048825,372,20.666666666666668,378.0,98.4126984126984,81,362,322,372,97.31182795698923,86.55913978494624,7500.0,7500.0,147
2594,F13,GOOD,9981,13181,2,75.7226310598589,518,20.72,525.0,98.66666666666669,81,514,485,523,98.2791586998088,92.73422562141492,5000.0,10000.0,133
2595,F43,GOOD,15552,21497,2,72.34497836907475,373,20.72222222222222,378.0,98.67724867724868,81,373,371,375,99.46666666666668,98.93333333333332,7500.0,15000.0,294
2596,F13,GOOD,12041,16245,3,74.12126808248692,518,20.72,525.0,98.66666666666669,81,517,504,523,98.8527724665392,96.36711281070744,5000.0,15000.0,200
2597,F43,GOOD,19979,31932,3,62.56733057747714,373,20.72222222222222,378.0,98.67724867724868,81,373,373,375,99.46666666666668,99.46666666666668,7500.0,22500.0,441
2598,F13,GOOD,13513,18553,4,72.83458200830054,518,20.72,525.0,98.66666666666669,81,520,510,524,99.23664122137404,97.32824427480917,5000.0,20000.0,267
2599,F43,GOOD,21209,37258,4,56.92468731547587,373,20.72222222222222,378.0,98.67724867724868,81,373,373,375,99.46666666666668,99.46666666666668,7500.0,30000.0,588
2600,F13,GOOD,15621,21923,5,71.2539342243306,518,20.72,525.0,98.66666666666669,81,520,515,524,99.23664122137404,98.2824427480916,5000.0,25000.0,333
2601,F43,GOOD,21693,42666,5,50.84376318379975,373,20.72222222222222,378.0,98.67724867724868,81,373,373,375,99.46666666666668,99.46666666666668,7500.0,37500.0,735
2602,F13,GOOD,17256,24847,6,69.44902805167625,518,20.72,525.0,98.66666666666669,81,522,517,524,99.61832061068702,98.66412213740458,5000.0,30000.0,400
2603,F43,GOOD,21405,47308,6,45.24604718018095,373,20.72222222222222,378.0,98.67724867724868,81,373,373,375,99.46666666666668,99.46666666666668,7500.0,45000.0,882
2604,F13,GOOD,17257,24849,7,69.4474626745543,518,20.72,525.0,98.66666666666669,81,522,517,524,99.61832061068702,98.66412213740458,5000.0,35000.0,467
2605,F43,GOOD,20888,50571,7,41.30430483874157,373,20.72222222222222,378.0,98.67724867724868,81,373,373,375,99.46666666666668,99.46666666666668,7500.0,52500.0,1029
2606,F13,GOOD,17257,24850,8,69.4446680080483,518,20.72,525.0,98.66666666666669,81,522,517,524,99.61832061068702,98.66412213740458,5000.0,40000.0,533
2607,F43,GOOD,20597,51891,8,39.6928176369698,373,20.72222222222222,378.0,98.67724867724868,81,373,373,376,99.20212765957449,99.20212765957449,7500.0,60000.0,1176
2608,F13,GOOD,17951,26187,9,68.54928017718716,518,20.72,525.0,98.66666666666669,81,522,517,524,99.61832061068702,98.66412213740458,5000.0,45000.0,600
2609,F43,GOOD,19862,54596,9,36.37995457542677,373,20.72222222222222,378.0,98.67724867724868,81,373,373,376,99.20212765957449,99.20212765957449,7500.0,67500.0,1324
2610,F13,GOOD,21119,32811,10,64.36560909451099,518,20.72,525.0,98.66666666666669,81,523,520,524,99.80916030534353,99.23664122137404,5000.0,50000.0,667
2611,F43,GOOD,19387,56048,10,34.58999429060805,373,20.72222222222222,378.0,98.67724867724868,81,374,373,376,99.46808510638296,99.20212765957449,7500.0,75000.0,1471
2612,F13,GOOD,21565,33998,11,63.43020177657509,518,20.72,525.0,98.66666666666669,81,524,521,524,100.0,99.42748091603052,5000.0,55000.0,733
2613,F43,GOOD,18370,58067,11,31.635868910052174,373,20.72222222222222,378.0,98.67724867724868,81,375,373,376,99.7340425531915,99.20212765957449,7500.0,82500.0,1618
2614,F13,GOOD,22365,36010,12,62.10774784782005,518,20.72,525.0,98.66666666666669,81,524,521,524,100.0,99.42748091603052,5000.0,60000.0,800
2615,F43,GOOD,17634,59318,12,29.727907211976127,373,20.72222222222222,378.0,98.67724867724868,81,375,373,376,99.7340425531915,99.20212765957449,7500.0,90000.0,1765
2616,F13,GOOD,24178,40790,13,59.27433194410394,518,20.72,525.0,98.66666666666669,81,524,522,524,100.0,99.61832061068702,5000.0,65000.0,867
2617,F43,GOOD,16982,60380,13,28.12520702219278,373,20.72222222222222,378.0,98.67724867724868,81,375,373,377,99.46949602122017,98.93899204244032,7500.0,97500.0,1912
2618,F13,GOOD,24908,43002,14,57.922887307567095,518,20.72,525.0,98.66666666666669,81,524,522,524,100.0,99.61832061068702,5000.0,70000.0,933
2619,F43,GOOD,16850,60570,14,27.819052336140004,373,20.72222222222222,378.0,98.67724867724868,81,375,373,377,99.46949602122017,98.93899204244032,7500.0,105000.0,2059
2620,F13,GOOD,24908,43002,15,57.922887307567095,518,20.72,525.0,98.66666666666669,81,524,522,524,100.0,99.61832061068702,5000.0,75000.0,1000
2621,F43,GOOD,16215,61397,15,26.410085183315147,373,20.72222222222222,378.0,98.67724867724868,81,375,373,377,99.46949602122017,98.93899204244032,7500.0,112500.0,2206
2622,F13,GOOD,25521,45010,16,56.70073317040658,518,20.72,525.0,98.66666666666669,81,524,522,524,100.0,99.61832061068702,5000.0,80000.0,1067
2623,F43,GOOD,15924,61828,16,25.75532121368959,373,20.72222222222222,378.0,98.67724867724868,81,375,373,377,99.46949602122017,98.93899204244032,7500.0,120000.0,2353
2624,F13,GOOD,3378,4183,1,80.75543868037293,507,20.28,525.0,96.57142857142856,82,354,159,510,69.41176470588235,31.176470588235293,5000.0,5000.0,67
2625,F43,GOOD,13185,17157,1,76.84909949291834,373,20.72222222222222,378.0,98.67724867724868,82,373,369,374,99.73262032085562,98.66310160427808,7500.0,7500.0,147
2626,F13,GOOD,5030,6307,2,79.75265577929285,514,20.56,525.0,97.90476190476193,82,447,281,518,86.2934362934363,54.24710424710425,5000.0,10000.0,133
2627,F43,GOOD,18048,26517,2,68.06199796357055,373,20.72222222222222,378.0,98.67724867724868,82,373,372,374,99.73262032085562,99.46524064171123,7500.0,15000.0,294
2628,F13,GOOD,7212,9305,3,77.50671681891457,516,20.64,525.0,98.28571428571428,82,502,387,521,96.3531669865643,74.28023032629558,5000.0,15000.0,200
2629,F43,GOOD,20526,34234,3,59.95793655430274,373,20.72222222222222,378.0,98.67724867724868,82,373,373,375,99.46666666666668,99.46666666666668,7500.0,22500.0,441
2630,F13,GOOD,8398,11088,4,75.73953823953823,517,20.68,525.0,98.47619047619048,82,510,449,523,97.51434034416826,85.8508604206501,5000.0,20000.0,267
2631,F43,GOOD,21405,40052,4,53.44302406871068,373,20.72222222222222,378.0,98.67724867724868,82,373,373,376,99.20212765957449,99.20212765957449,7500.0,30000.0,588
2632,F13,GOOD,10940,14688,5,74.48257080610023,517,20.68,525.0,98.47619047619048,82,515,495,523,98.47036328871891,94.64627151051626,5000.0,25000.0,333
2633,F43,GOOD,21737,44165,5,49.2177063285407,373,20.72222222222222,378.0,98.67724867724868,82,373,373,376,99.20212765957449,99.20212765957449,7500.0,37500.0,735
2634,F13,GOOD,12904,17646,6,73.12705428992406,518,20.72,525.0,98.66666666666669,82,518,509,524,98.85496183206108,97.13740458015268,5000.0,30000.0,400
2635,F43,GOOD,21290,49027,6,43.425051502233465,373,20.72222222222222,378.0,98.67724867724868,82,374,373,376,99.46808510638296,99.20212765957449,7500.0,45000.0,882
2636,F13,GOOD,15124,21171,7,71.437343535969,518,20.72,525.0,98.66666666666669,82,519,514,524,99.04580152671755,98.09160305343512,5000.0,35000.0,467
2637,F43,GOOD,20963,50351,7,41.63373120692737,373,20.72222222222222,378.0,98.67724867724868,82,374,373,376,99.46808510638296,99.20212765957449,7500.0,52500.0,1029
2638,F13,GOOD,18735,27617,8,67.83865010681826,518,20.72,525.0,98.66666666666669,82,522,518,524,99.61832061068702,98.85496183206108,5000.0,40000.0,533
2639,F43,GOOD,20396,52597,8,38.777877065231856,373,20.72222222222222,378.0,98.67724867724868,82,375,373,377,99.46949602122017,98.93899204244032,7500.0,60000.0,1176
2640,F13,GOOD,18735,27617,9,67.83865010681826,518,20.72,525.0,98.66666666666669,82,522,518,524,99.61832061068702,98.85496183206108,5000.0,45000.0,600
2641,F43,GOOD,19678,54693,9,35.979010110983126,373,20.72222222222222,378.0,98.67724867724868,82,375,373,377,99.46949602122017,98.93899204244032,7500.0,67500.0,1324
2642,F13,GOOD,19935,30207,10,65.9946370046678,518,20.72,525.0,98.66666666666669,82,523,518,524,99.80916030534353,98.85496183206108,5000.0,50000.0,667
2643,F43,GOOD,18934,56341,10,33.60607727942352,373,20.72222222222222,378.0,98.67724867724868,82,375,373,377,99.46949602122017,98.93899204244032,7500.0,75000.0,1471
2644,F13,GOOD,21254,32947,11,64.50966704100524,518,20.72,525.0,98.66666666666669,82,523,518,524,99.80916030534353,98.85496183206108,5000.0,55000.0,733
2645,F43,GOOD,18807,56596,11,33.23026362287088,373,20.72222222222222,378.0,98.67724867724868,82,375,373,377,99.46949602122017,98.93899204244032,7500.0,82500.0,1618
2646,F13,GOOD,21791,34302,12,63.52690805200862,518,20.72,525.0,98.66666666666669,82,524,519,524,100.0,99.04580152671755,5000.0,60000.0,800
2647,F43,GOOD,17987,58259,12,30.87419969446781,373,20.72222222222222,378.0,98.67724867724868,82,375,373,377,99.46949602122017,98.93899204244032,7500.0,90000.0,1765
2648,F13,GOOD,23913,39814,13,60.06178731099613,518,20.72,525.0,98.66666666666669,82,524,520,524,100.0,99.23664122137404,5000.0,65000.0,867
2649,F43,GOOD,17478,59339,13,29.45449030148806,373,20.72222222222222,378.0,98.67724867724868,82,375,373,377,99.46949602122017,98.93899204244032,7500.0,97500.0,1912
2650,F13,GOOD,23914,39816,14,60.061281896724935,518,20.72,525.0,98.66666666666669,82,524,520,524,100.0,99.23664122137404,5000.0,70000.0,933
2651,F43,GOOD,16928,60172,14,28.132686299275413,373,20.72222222222222,378.0,98.67724867724868,82,375,373,377,99.46949602122017,98.93899204244032,7500.0,105000.0,2059
2652,F13,GOOD,25521,45010,15,56.70073317040658,518,20.72,525.0,98.66666666666669,82,524,522,524,100.0,99.61832061068702,5000.0,75000.0,1000
2653,F43,GOOD,16373,61066,15,26.811973929846395,373,20.72222222222222,378.0,98.67724867724868,82,375,373,377,99.46949602122017,98.93899204244032,7500.0,112500.0,2206
2654,F13,GOOD,25521,45010,16,56.70073317040658,518,20.72,525.0,98.66666666666669,82,524,522,524,100.0,99.61832061068702,5000.0,80000.0,1067
2655,F43,GOOD,15924,61828,16,25.75532121368959,373,20.72222222222222,378.0,98.67724867724868,82,375,373,377,99.46949602122017,98.93899204244032,7500.0,120000.0,2353
2656,F13,GOOD,2984,3670,1,81.30790190735695,506,20.24,525.0,96.38095238095238,83,333,139,508,65.5511811023622,27.36220472440945,5000.0,5000.0,67
2657,F43,GOOD,12757,16466,1,77.47479655046763,373,20.72222222222222,378.0,98.67724867724868,83,373,365,375,99.46666666666668,97.33333333333334,7500.0,7500.0,147
2658,F13,GOOD,5550,6993,2,79.36507936507937,518,20.72,525.0,98.66666666666669,83,473,324,523,90.43977055449332,61.95028680688337,5000.0,10000.0,133
2659,F43,GOOD,17755,26075,2,68.09204218600192,373,20.72222222222222,378.0,98.67724867724868,83,373,373,376,99.20212765957449,99.20212765957449,7500.0,15000.0,294
2660,F13,GOOD,7917,10235,3,77.35222276502198,518,20.72,525.0,98.66666666666669,83,505,431,524,96.37404580152672,82.25190839694656,5000.0,15000.0,200
2661,F43,GOOD,20483,34018,3,60.21224057851725,373,20.72222222222222,378.0,98.67724867724868,83,373,373,376,99.20212765957449,99.20212765957449,7500.0,22500.0,441
2662,F13,GOOD,10401,13831,4,75.20063625189792,518,20.72,525.0,98.66666666666669,83,517,480,524,98.66412213740458,91.6030534351145,5000.0,20000.0,267
2663,F43,GOOD,21303,38987,4,54.64129068663913,373,20.72222222222222,378.0,98.67724867724868,83,373,373,376,99.20212765957449,99.20212765957449,7500.0,30000.0,588
2664,F13,GOOD,10404,13836,5,75.19514310494363,518,20.72,525.0,98.66666666666669,83,517,480,524,98.66412213740458,91.6030534351145,5000.0,25000.0,333
2665,F43,GOOD,21428,42132,5,50.859204405202696,373,20.72222222222222,378.0,98.67724867724868,83,373,373,376,99.20212765957449,99.20212765957449,7500.0,37500.0,735
2666,F13,GOOD,15187,21349,6,71.13682139678673,518,20.72,525.0,98.66666666666669,83,522,514,524,99.61832061068702,98.09160305343512,5000.0,30000.0,400
2667,F43,GOOD,21335,45435,6,46.95719159238472,373,20.72222222222222,378.0,98.67724867724868,83,374,373,377,99.20424403183024,98.93899204244032,7500.0,45000.0,882
2668,F13,GOOD,16156,23043,7,70.11239855921538,518,20.72,525.0,98.66666666666669,83,523,517,524,99.80916030534353,98.66412213740458,5000.0,35000.0,467
2669,F43,GOOD,21048,48618,7,43.29260767616932,373,20.72222222222222,378.0,98.67724867724868,83,374,373,377,99.20424403183024,98.93899204244032,7500.0,52500.0,1029
2670,F13,GOOD,17858,26051,8,68.55015162565736,518,20.72,525.0,98.66666666666669,83,523,518,524,99.80916030534353,98.85496183206108,5000.0,40000.0,533
2671,F43,GOOD,20460,51770,8,39.52095808383233,373,20.72222222222222,378.0,98.67724867724868,83,375,373,377,99.46949602122017,98.93899204244032,7500.0,60000.0,1176
2672,F13,GOOD,21020,32466,9,64.74465594776073,518,20.72,525.0,98.66666666666669,83,523,519,524,99.80916030534353,99.04580152671755,5000.0,45000.0,600
2673,F43,GOOD,19997,53411,9,37.439853213757466,373,20.72222222222222,378.0,98.67724867724868,83,375,373,377,99.46949602122017,98.93899204244032,7500.0,67500.0,1324
2674,F13,GOOD,21574,33962,10,63.52393851952181,518,20.72,525.0,98.66666666666669,83,523,520,524,99.80916030534353,99.23664122137404,5000.0,50000.0,667
2675,F43,GOOD,19068,55994,10,34.0536486052077,373,20.72222222222222,378.0,98.67724867724868,83,375,373,377,99.46949602122017,98.93899204244032,7500.0,75000.0,1471
2676,F13,GOOD,23833,39776,11,59.91804102976669,518,20.72,525.0,98.66666666666669,83,524,522,524,100.0,99.61832061068702,5000.0,55000.0,733
2677,F43,GOOD,18539,57236,11,32.390453560696066,373,20.72222222222222,378.0,98.67724867724868,83,375,373,377,99.46949602122017,98.93899204244032,7500.0,82500.0,1618
2678,F13,GOOD,24626,42042,12,58.574758574758576,518,20.72,525.0,98.66666666666669,83,524,522,524,100.0,99.61832061068702,5000.0,60000.0,800
2679,F43,GOOD,18441,57497,12,32.07297772057672,373,20.72222222222222,378.0,98.67724867724868,83,375,373,377,99.46949602122017,98.93899204244032,7500.0,90000.0,1765
2680,F13,GOOD,24627,42043,13,58.57574388126442,518,20.72,525.0,98.66666666666669,83,524,522,524,100.0,99.61832061068702,5000.0,65000.0,867
2681,F43,GOOD,17640,59232,13,29.78119935170178,373,20.72222222222222,378.0,98.67724867724868,83,375,373,377,99.46949602122017,98.93899204244032,7500.0,97500.0,1912
2682,F13,GOOD,24627,42044,14,58.57435068023975,518,20.72,525.0,98.66666666666669,83,524,522,524,100.0,99.61832061068702,5000.0,70000.0,933
2683,F43,GOOD,17205,59935,14,28.70609827312922,373,20.72222222222222,378.0,98.67724867724868,83,375,373,377,99.46949602122017,98.93899204244032,7500.0,105000.0,2059
2684,F13,GOOD,25261,44089,15,57.29547052552791,518,20.72,525.0,98.66666666666669,83,524,522,524,100.0,99.61832061068702,5000.0,75000.0,1000
2685,F43,GOOD,16897,60430,15,27.961277511169943,373,20.72222222222222,378.0,98.67724867724868,83,375,373,377,99.46949602122017,98.93899204244032,7500.0,112500.0,2206
2686,F13,GOOD,25521,45010,16,56.70073317040658,518,20.72,525.0,98.66666666666669,83,524,522,524,100.0,99.61832061068702,5000.0,80000.0,1067
2687,F43,GOOD,15924,61828,16,25.75532121368959,373,20.72222222222222,378.0,98.67724867724868,83,375,373,377,99.46949602122017,98.93899204244032,7500.0,120000.0,2353
2688,F13,GOOD,6,7,1,85.71428571428571,6,1.0,525.0,1.1428571428571428,84,0,0,6,0.0,0.0,5000.0,5000.0,67
2689,F43,GOOD,9073,10887,1,83.33792596674934,373,20.72222222222222,378.0,98.67724867724868,84,370,332,374,98.93048128342244,88.77005347593582,7500.0,7500.0,147
2690,F13,GOOD,7199,9089,2,79.20563318296843,518,20.72,525.0,98.66666666666669,84,498,396,524,95.0381679389313,75.57251908396947,5000.0,10000.0,133
2691,F43,GOOD,14652,19383,2,75.59201362018263,373,20.72222222222222,378.0,98.67724867724868,84,373,370,375,99.46666666666668,98.66666666666669,7500.0,15000.0,294
2692,F13,GOOD,9851,12816,3,76.86485642946317,518,20.72,525.0,98.66666666666669,84,510,477,524,97.32824427480917,91.03053435114504,5000.0,15000.0,200
2693,F43,GOOD,19590,30714,3,63.78198866966205,373,20.72222222222222,378.0,98.67724867724868,84,373,373,375,99.46666666666668,99.46666666666668,7500.0,22500.0,441
2694,F13,GOOD,12326,16502,4,74.69397648769846,518,20.72,525.0,98.66666666666669,84,516,503,524,98.47328244274809,95.99236641221374,5000.0,20000.0,267
2695,F43,GOOD,20467,33767,4,60.61243225634495,373,20.72222222222222,378.0,98.67724867724868,84,373,373,376,99.20212765957449,99.20212765957449,7500.0,30000.0,588
2696,F13,GOOD,14530,19875,5,73.10691823899371,518,20.72,525.0,98.66666666666669,84,518,511,524,98.85496183206108,97.51908396946564,5000.0,25000.0,333
2697,F43,GOOD,21491,38879,5,55.27662748527483,373,20.72222222222222,378.0,98.67724867724868,84,373,373,377,98.93899204244032,98.93899204244032,7500.0,37500.0,735
2698,F13,GOOD,14531,19877,6,73.10459324847814,518,20.72,525.0,98.66666666666669,84,518,511,524,98.85496183206108,97.51908396946564,5000.0,30000.0,400
2699,F43,GOOD,21831,43769,6,49.87776736959949,373,20.72222222222222,378.0,98.67724867724868,84,374,373,377,99.20424403183024,98.93899204244032,7500.0,45000.0,882
2700,F13,GOOD,16553,23150,7,71.50323974082073,518,20.72,525.0,98.66666666666669,84,519,516,524,99.04580152671755,98.47328244274809,5000.0,35000.0,467
2701,F43,GOOD,21855,44294,7,49.34076850137716,373,20.72222222222222,378.0,98.67724867724868,84,374,373,377,99.20424403183024,98.93899204244032,7500.0,52500.0,1029
2702,F13,GOOD,16553,23150,8,71.50323974082073,518,20.72,525.0,98.66666666666669,84,519,516,524,99.04580152671755,98.47328244274809,5000.0,40000.0,533
2703,F43,GOOD,21686,46066,8,47.075934528719664,373,20.72222222222222,378.0,98.67724867724868,84,374,373,377,99.20424403183024,98.93899204244032,7500.0,60000.0,1176
2704,F13,GOOD,17797,25489,9,69.82227627604064,518,20.72,525.0,98.66666666666669,84,520,517,524,99.23664122137404,98.66412213740458,5000.0,45000.0,600
2705,F43,GOOD,20934,50510,9,41.44525836468026,373,20.72222222222222,378.0,98.67724867724868,84,374,373,377,99.20424403183024,98.93899204244032,7500.0,67500.0,1324
2706,F13,GOOD,20948,31899,10,65.66977021223236,518,20.72,525.0,98.66666666666669,84,522,519,524,99.61832061068702,99.04580152671755,5000.0,50000.0,667
2707,F43,GOOD,20458,52261,10,39.14582575917032,373,20.72222222222222,378.0,98.67724867724868,84,374,373,377,99.20424403183024,98.93899204244032,7500.0,75000.0,1471
2708,F13,GOOD,23343,37904,11,61.58452933727311,518,20.72,525.0,98.66666666666669,84,523,521,524,99.80916030534353,99.42748091603052,5000.0,55000.0,733
2709,F43,GOOD,19996,53928,11,37.0790683874796,373,20.72222222222222,378.0,98.67724867724868,84,374,373,377,99.20424403183024,98.93899204244032,7500.0,82500.0,1618
2710,F13,GOOD,24113,40077,12,60.1666791426504,518,20.72,525.0,98.66666666666669,84,523,522,524,99.80916030534353,99.61832061068702,5000.0,60000.0,800
2711,F43,GOOD,19359,55615,12,34.80895441877191,373,20.72222222222222,378.0,98.67724867724868,84,374,373,377,99.20424403183024,98.93899204244032,7500.0,90000.0,1765
2712,F13,GOOD,24562,41396,13,59.33423519180597,518,20.72,525.0,98.66666666666669,84,523,522,524,99.80916030534353,99.61832061068702,5000.0,65000.0,867
2713,F43,GOOD,18642,57306,13,32.53062506543817,373,20.72222222222222,378.0,98.67724867724868,84,374,373,377,99.20424403183024,98.93899204244032,7500.0,97500.0,1912
2714,F13,GOOD,24930,42536,14,58.609178107955614,518,20.72,525.0,98.66666666666669,84,523,522,524,99.80916030534353,99.61832061068702,5000.0,70000.0,933
2715,F43,GOOD,17673,59189,14,29.858588589095948,373,20.72222222222222,378.0,98.67724867724868,84,374,373,377,99.20424403183024,98.93899204244032,7500.0,105000.0,2059
2716,F13,GOOD,25308,44059,15,57.44115844662838,518,20.72,525.0,98.66666666666669,84,524,522,524,100.0,99.61832061068702,5000.0,75000.0,1000
2717,F43,GOOD,16819,60394,15,27.848792926449644,373,20.72222222222222,378.0,98.67724867724868,84,375,373,377,99.46949602122017,98.93899204244032,7500.0,112500.0,2206
2718,F13,GOOD,25521,45010,16,56.70073317040658,518,20.72,525.0,98.66666666666669,84,524,522,524,100.0,99.61832061068702,5000.0,80000.0,1067
2719,F43,GOOD,15924,61828,16,25.75532121368959,373,20.72222222222222,378.0,98.67724867724868,84,375,373,377,99.46949602122017,98.93899204244032,7500.0,120000.0,2353
2720,F13,GOOD,3937,4836,1,81.41025641025641,514,20.56,525.0,97.90476190476193,85,398,200,517,76.9825918762089,38.684719535783366,5000.0,5000.0,67
2721,F43,GOOD,7877,9143,1,86.15334135404134,373,20.72222222222222,378.0,98.67724867724868,85,361,312,374,96.524064171123,83.42245989304813,7500.0,7500.0,147
2722,F13,GOOD,3937,4836,2,81.41025641025641,514,20.56,525.0,97.90476190476193,85,398,200,517,76.9825918762089,38.684719535783366,5000.0,10000.0,133
2723,F43,GOOD,14191,18515,2,76.64596273291926,373,20.72222222222222,378.0,98.67724867724868,85,373,370,374,99.73262032085562,98.93048128342244,7500.0,15000.0,294
2724,F13,GOOD,7436,9358,3,79.46142338106434,518,20.72,525.0,98.66666666666669,85,500,401,521,95.96928982725528,76.96737044145874,5000.0,15000.0,200
2725,F43,GOOD,14970,19874,3,75.32454463117642,373,20.72222222222222,378.0,98.67724867724868,85,373,372,374,99.73262032085562,99.46524064171123,7500.0,22500.0,441
2726,F13,GOOD,13512,18250,4,74.03835616438356,518,20.72,525.0,98.66666666666669,85,518,510,524,98.85496183206108,97.32824427480917,5000.0,20000.0,267
2727,F43,GOOD,18054,26211,4,68.87947808172142,373,20.72222222222222,378.0,98.67724867724868,85,373,373,374,99.73262032085562,99.73262032085562,7500.0,30000.0,588
2728,F13,GOOD,15417,21459,5,71.84398154620439,518,20.72,525.0,98.66666666666669,85,519,514,524,99.04580152671755,98.09160305343512,5000.0,25000.0,333
2729,F43,GOOD,21023,35675,5,58.9292221443588,373,20.72222222222222,378.0,98.67724867724868,85,373,373,375,99.46666666666668,99.46666666666668,7500.0,37500.0,735
2730,F13,GOOD,16839,24083,6,69.9206909438193,518,20.72,525.0,98.66666666666669,85,521,515,524,99.42748091603052,98.2824427480916,5000.0,30000.0,400
2731,F43,GOOD,21497,40340,6,53.28953891918691,373,20.72222222222222,378.0,98.67724867724868,85,373,373,376,99.20212765957449,99.20212765957449,7500.0,45000.0,882
2732,F13,GOOD,19608,29340,7,66.83026584867076,518,20.72,525.0,98.66666666666669,85,523,518,524,99.80916030534353,98.85496183206108,5000.0,35000.0,467
2733,F43,GOOD,21592,43431,7,49.7156409016601,373,20.72222222222222,378.0,98.67724867724868,85,373,373,377,98.93899204244032,98.93899204244032,7500.0,52500.0,1029
2734,F13,GOOD,20577,31435,8,65.45888341021154,518,20.72,525.0,98.66666666666669,85,523,519,524,99.80916030534353,99.04580152671755,5000.0,40000.0,533
2735,F43,GOOD,21222,48495,8,43.76121249613362,373,20.72222222222222,378.0,98.67724867724868,85,374,373,377,99.20424403183024,98.93899204244032,7500.0,60000.0,1176
2736,F13,GOOD,23038,37490,9,61.451053614297145,518,20.72,525.0,98.66666666666669,85,524,521,524,100.0,99.42748091603052,5000.0,45000.0,600
2737,F43,GOOD,20826,50591,9,41.1654246802791,373,20.72222222222222,378.0,98.67724867724868,85,374,373,377,99.20424403183024,98.93899204244032,7500.0,67500.0,1324
2738,F13,GOOD,23871,39759,10,60.03923639930582,518,20.72,525.0,98.66666666666669,85,524,522,524,100.0,99.61832061068702,5000.0,50000.0,667
2739,F43,GOOD,20193,52791,10,38.2508382110587,373,20.72222222222222,378.0,98.67724867724868,85,374,373,377,99.20424403183024,98.93899204244032,7500.0,75000.0,1471
2740,F13,GOOD,24213,40762,11,59.40091261469015,518,20.72,525.0,98.66666666666669,85,524,522,524,100.0,99.61832061068702,5000.0,55000.0,733
2741,F43,GOOD,19305,55258,11,34.93611784718954,373,20.72222222222222,378.0,98.67724867724868,85,374,373,377,99.20424403183024,98.93899204244032,7500.0,82500.0,1618
2742,F13,GOOD,24213,40762,12,59.40091261469015,518,20.72,525.0,98.66666666666669,85,524,522,524,100.0,99.61832061068702,5000.0,60000.0,800
2743,F43,GOOD,18734,56380,12,33.22809506917346,373,20.72222222222222,378.0,98.67724867724868,85,374,373,377,99.20424403183024,98.93899204244032,7500.0,90000.0,1765
2744,F13,GOOD,24618,41982,13,58.63941689295413,518,20.72,525.0,98.66666666666669,85,524,522,524,100.0,99.61832061068702,5000.0,65000.0,867
2745,F43,GOOD,18055,58147,13,31.0506131012778,373,20.72222222222222,378.0,98.67724867724868,85,374,373,377,99.20424403183024,98.93899204244032,7500.0,97500.0,1912
2746,F13,GOOD,25308,44059,14,57.44115844662838,518,20.72,525.0,98.66666666666669,85,524,522,524,100.0,99.61832061068702,5000.0,70000.0,933
2747,F43,GOOD,17300,59528,14,29.06195403843569,373,20.72222222222222,378.0,98.67724867724868,85,375,373,377,99.46949602122017,98.93899204244032,7500.0,105000.0,2059
2748,F13,GOOD,25308,44059,15,57.44115844662838,518,20.72,525.0,98.66666666666669,85,524,522,524,100.0,99.61832061068702,5000.0,75000.0,1000
2749,F43,GOOD,16819,60394,15,27.848792926449644,373,20.72222222222222,378.0,98.67724867724868,85,375,373,377,99.46949602122017,98.93899204244032,7500.0,112500.0,2206
2750,F13,GOOD,25521,45010,16,56.70073317040658,518,20.72,525.0,98.66666666666669,85,524,522,524,100.0,99.61832061068702,5000.0,80000.0,1067
2751,F43,GOOD,15924,61828,16,25.75532121368959,373,20.72222222222222,378.0,98.67724867724868,85,375,373,377,99.46949602122017,98.93899204244032,7500.0,120000.0,2353
2752,F13,GOOD,3356,4167,1,80.53755699544037,510,20.4,525.0,97.14285714285714,86,364,168,512,71.09375,32.8125,5000.0,5000.0,67
2753,F43,GOOD,9474,11611,1,81.59503918697787,373,20.72222222222222,378.0,98.67724867724868,86,371,337,373,99.46380697050938,90.3485254691689,7500.0,7500.0,147
2754,F13,GOOD,3362,4174,2,80.54623862002876,510,20.4,525.0,97.14285714285714,86,364,168,512,71.09375,32.8125,5000.0,10000.0,133
2755,F43,GOOD,14894,20142,2,73.94499056697448,373,20.72222222222222,378.0,98.67724867724868,86,372,371,374,99.46524064171123,99.19786096256684,7500.0,15000.0,294
2756,F13,GOOD,5153,6509,3,79.16730680596098,517,20.68,525.0,98.47619047619048,86,466,303,523,89.10133843212236,57.93499043977055,5000.0,15000.0,200
2757,F43,GOOD,18420,27638,3,66.64736956364425,373,20.72222222222222,378.0,98.67724867724868,86,373,372,374,99.73262032085562,99.46524064171123,7500.0,22500.0,441
2758,F13,GOOD,5156,6514,4,79.15259441203561,517,20.68,525.0,98.47619047619048,86,466,303,523,89.10133843212236,57.93499043977055,5000.0,20000.0,267
2759,F43,GOOD,20364,34172,4,59.59264895235865,373,20.72222222222222,378.0,98.67724867724868,86,373,373,374,99.73262032085562,99.73262032085562,7500.0,30000.0,588
2760,F13,GOOD,12940,17639,5,73.36016780996655,518,20.72,525.0,98.66666666666669,86,519,511,524,99.04580152671755,97.51908396946564,5000.0,25000.0,333
2761,F43,GOOD,21304,38532,5,55.2891103498391,373,20.72222222222222,378.0,98.67724867724868,86,373,373,375,99.46666666666668,99.46666666666668,7500.0,37500.0,735
2762,F13,GOOD,17240,24765,6,69.61437512618615,518,20.72,525.0,98.66666666666669,86,523,518,524,99.80916030534353,98.85496183206108,5000.0,30000.0,400
2763,F43,GOOD,21718,42431,6,51.18427564752186,373,20.72222222222222,378.0,98.67724867724868,86,373,373,376,99.20212765957449,99.20212765957449,7500.0,45000.0,882
2764,F13,GOOD,18594,27270,7,68.18481848184818,518,20.72,525.0,98.66666666666669,86,523,518,524,99.80916030534353,98.85496183206108,5000.0,35000.0,467
2765,F43,GOOD,21494,46799,7,45.92833180196158,373,20.72222222222222,378.0,98.67724867724868,86,374,373,377,99.20424403183024,98.93899204244032,7500.0,52500.0,1029
2766,F13,GOOD,20084,30144,8,66.62685774946921,518,20.72,525.0,98.66666666666669,86,523,519,524,99.80916030534353,99.04580152671755,5000.0,40000.0,533
2767,F43,GOOD,21432,47262,8,45.34721340611908,373,20.72222222222222,378.0,98.67724867724868,86,374,373,377,99.20424403183024,98.93899204244032,7500.0,60000.0,1176
2768,F13,GOOD,20728,31547,9,65.70513836497923,518,20.72,525.0,98.66666666666669,86,523,519,524,99.80916030534353,99.04580152671755,5000.0,45000.0,600
2769,F43,GOOD,20749,50635,9,40.97758467463217,373,20.72222222222222,378.0,98.67724867724868,86,374,373,377,99.20424403183024,98.93899204244032,7500.0,67500.0,1324
2770,F13,GOOD,21396,33189,10,64.46714272801229,518,20.72,525.0,98.66666666666669,86,523,519,524,99.80916030534353,99.04580152671755,5000.0,50000.0,667
2771,F43,GOOD,19954,54012,10,36.9436421535955,373,20.72222222222222,378.0,98.67724867724868,86,374,373,377,99.20424403183024,98.93899204244032,7500.0,75000.0,1471
2772,F13,GOOD,22273,35339,11,63.02668439967175,518,20.72,525.0,98.66666666666669,86,523,520,524,99.80916030534353,99.23664122137404,5000.0,55000.0,733
2773,F43,GOOD,18764,56843,11,33.01022113540805,373,20.72222222222222,378.0,98.67724867724868,86,374,373,377,99.20424403183024,98.93899204244032,7500.0,82500.0,1618
2774,F13,GOOD,23705,39261,12,60.377983240365765,518,20.72,525.0,98.66666666666669,86,524,521,524,100.0,99.42748091603052,5000.0,60000.0,800
2775,F43,GOOD,18320,57979,12,31.597647424067333,373,20.72222222222222,378.0,98.67724867724868,86,374,373,377,99.20424403183024,98.93899204244032,7500.0,90000.0,1765
2776,F13,GOOD,23705,39262,13,60.37644541796139,518,20.72,525.0,98.66666666666669,86,524,521,524,100.0,99.42748091603052,5000.0,65000.0,867
2777,F43,GOOD,17876,58754,13,30.425162542124788,373,20.72222222222222,378.0,98.67724867724868,86,374,373,377,99.20424403183024,98.93899204244032,7500.0,97500.0,1912
2778,F13,GOOD,24492,41440,14,59.102316602316606,518,20.72,525.0,98.66666666666669,86,524,522,524,100.0,99.61832061068702,5000.0,70000.0,933
2779,F43,GOOD,17129,60082,14,28.50937052694651,373,20.72222222222222,378.0,98.67724867724868,86,374,373,377,99.20424403183024,98.93899204244032,7500.0,105000.0,2059
2780,F13,GOOD,25177,43521,15,57.85023322074401,518,20.72,525.0,98.66666666666669,86,524,522,524,100.0,99.61832061068702,5000.0,75000.0,1000
2781,F43,GOOD,16733,60786,15,27.52772019872997,373,20.72222222222222,378.0,98.67724867724868,86,374,373,377,99.20424403183024,98.93899204244032,7500.0,112500.0,2206
2782,F13,GOOD,25521,45010,16,56.70073317040658,518,20.72,525.0,98.66666666666669,86,524,522,524,100.0,99.61832061068702,5000.0,80000.0,1067
2783,F43,GOOD,15924,61828,16,25.75532121368959,373,20.72222222222222,378.0,98.67724867724868,86,375,373,377,99.46949602122017,98.93899204244032,7500.0,120000.0,2353
2784,F13,GOOD,3,5,1,60.0,3,1.0,525.0,0.5714285714285714,87,0,0,3,0.0,0.0,5000.0,5000.0,67
2785,F43,GOOD,11155,13756,1,81.0918871765048,373,20.72222222222222,378.0,98.67724867724868,87,373,360,374,99.73262032085562,96.2566844919786,7500.0,7500.0,147
2786,F13,GOOD,2987,3675,2,81.27891156462586,507,20.28,525.0,96.57142857142856,87,333,139,509,65.42239685658153,27.308447937131632,5000.0,10000.0,133
2787,F43,GOOD,17875,26148,2,68.36086890010708,373,20.72222222222222,378.0,98.67724867724868,87,373,373,375,99.46666666666668,99.46666666666668,7500.0,15000.0,294
2788,F13,GOOD,6246,7827,3,79.8006899195094,517,20.68,525.0,98.47619047619048,87,484,337,520,93.07692307692308,64.8076923076923,5000.0,15000.0,200
2789,F43,GOOD,20677,34013,3,60.79146208802517,373,20.72222222222222,378.0,98.67724867724868,87,373,373,375,99.46666666666668,99.46666666666668,7500.0,22500.0,441
2790,F13,GOOD,6248,7832,4,79.7752808988764,517,20.68,525.0,98.47619047619048,87,484,337,520,93.07692307692308,64.8076923076923,5000.0,20000.0,267
2791,F43,GOOD,21433,38441,4,55.75557347623631,373,20.72222222222222,378.0,98.67724867724868,87,373,373,375,99.46666666666668,99.46666666666668,7500.0,30000.0,588
2792,F13,GOOD,9440,12156,5,77.65712405396512,518,20.72,525.0,98.66666666666669,87,511,462,522,97.8927203065134,88.50574712643679,5000.0,25000.0,333
2793,F43,GOOD,21574,39209,5,55.02308143538473,373,20.72222222222222,378.0,98.67724867724868,87,373,373,375,99.46666666666668,99.46666666666668,7500.0,37500.0,735
2794,F13,GOOD,11468,15171,6,75.59158921626789,518,20.72,525.0,98.66666666666669,87,516,498,524,98.47328244274809,95.0381679389313,5000.0,30000.0,400
2795,F43,GOOD,21861,43754,6,49.96343191479637,373,20.72222222222222,378.0,98.67724867724868,87,373,373,375,99.46666666666668,99.46666666666668,7500.0,45000.0,882
2796,F13,GOOD,13491,18399,7,73.32463720854395,518,20.72,525.0,98.66666666666669,87,518,508,524,98.85496183206108,96.94656488549616,5000.0,35000.0,467
2797,F43,GOOD,21480,46899,7,45.80055011833941,373,20.72222222222222,378.0,98.67724867724868,87,373,373,375,99.46666666666668,99.46666666666668,7500.0,52500.0,1029
2798,F13,GOOD,14365,19871,8,72.29127874792411,518,20.72,525.0,98.66666666666669,87,518,511,524,98.85496183206108,97.51908396946564,5000.0,40000.0,533
2799,F43,GOOD,20904,50300,8,41.558648111332005,373,20.72222222222222,378.0,98.67724867724868,87,373,373,375,99.46666666666668,99.46666666666668,7500.0,60000.0,1176
2800,F13,GOOD,15346,21578,9,71.11873204189452,518,20.72,525.0,98.66666666666669,87,519,513,524,99.04580152671755,97.90076335877863,5000.0,45000.0,600
2801,F43,GOOD,20313,52592,9,38.62374505628232,373,20.72222222222222,378.0,98.67724867724868,87,373,373,375,99.46666666666668,99.46666666666668,7500.0,67500.0,1324
2802,F13,GOOD,15348,21580,10,71.12140871177016,518,20.72,525.0,98.66666666666669,87,519,513,524,99.04580152671755,97.90076335877863,5000.0,50000.0,667
2803,F43,GOOD,19915,53736,10,37.06081584040494,373,20.72222222222222,378.0,98.67724867724868,87,373,373,376,99.20212765957449,99.20212765957449,7500.0,75000.0,1471
2804,F13,GOOD,16990,24501,11,69.34410840373863,518,20.72,525.0,98.66666666666669,87,522,516,524,99.61832061068702,98.47328244274809,5000.0,55000.0,733
2805,F43,GOOD,18884,56309,11,33.536379619599,373,20.72222222222222,378.0,98.67724867724868,87,374,373,376,99.46808510638296,99.20212765957449,7500.0,82500.0,1618
2806,F13,GOOD,20625,31609,12,65.25040336612989,518,20.72,525.0,98.66666666666669,87,522,518,524,99.61832061068702,98.85496183206108,5000.0,60000.0,800
2807,F43,GOOD,18281,57700,12,31.68284228769497,373,20.72222222222222,378.0,98.67724867724868,87,374,373,376,99.46808510638296,99.20212765957449,7500.0,90000.0,1765
2808,F13,GOOD,21877,34378,13,63.63662807609518,518,20.72,525.0,98.66666666666669,87,523,519,524,99.80916030534353,99.04580152671755,5000.0,65000.0,867
2809,F43,GOOD,17951,58288,13,30.797076585231952,373,20.72222222222222,378.0,98.67724867724868,87,374,373,376,99.46808510638296,99.20212765957449,7500.0,97500.0,1912
2810,F13,GOOD,22264,35519,14,62.68194487457417,518,20.72,525.0,98.66666666666669,87,523,519,524,99.80916030534353,99.04580152671755,5000.0,70000.0,933
2811,F43,GOOD,17060,60011,14,28.428121511056307,373,20.72222222222222,378.0,98.67724867724868,87,375,373,376,99.7340425531915,99.20212765957449,7500.0,105000.0,2059
2812,F13,GOOD,24341,41152,15,59.149008553654745,518,20.72,525.0,98.66666666666669,87,524,521,524,100.0,99.42748091603052,5000.0,75000.0,1000
2813,F43,GOOD,16535,60943,15,27.13191014554584,373,20.72222222222222,378.0,98.67724867724868,87,375,373,376,99.7340425531915,99.20212765957449,7500.0,112500.0,2206
2814,F13,GOOD,25521,45010,16,56.70073317040658,518,20.72,525.0,98.66666666666669,87,524,522,524,100.0,99.61832061068702,5000.0,80000.0,1067
2815,F43,GOOD,15924,61828,16,25.75532121368959,373,20.72222222222222,378.0,98.67724867724868,87,375,373,377,99.46949602122017,98.93899204244032,7500.0,120000.0,2353
2816,F13,GOOD,3356,4167,1,80.53755699544037,510,20.4,525.0,97.14285714285714,88,364,168,512,71.09375,32.8125,5000.0,5000.0,67
2817,F43,GOOD,9474,11611,1,81.59503918697787,373,20.72222222222222,378.0,98.67724867724868,88,371,337,373,99.46380697050938,90.3485254691689,7500.0,7500.0,147
2818,F13,GOOD,5855,7501,2,78.0562591654446,517,20.68,525.0,98.47619047619048,88,482,336,522,92.33716475095784,64.36781609195403,5000.0,10000.0,133
2819,F43,GOOD,16346,22996,2,71.08192729170291,373,20.72222222222222,378.0,98.67724867724868,88,373,373,375,99.46666666666668,99.46666666666668,7500.0,15000.0,294
2820,F13,GOOD,8625,11284,3,76.43566111308047,518,20.72,525.0,98.66666666666669,88,513,447,523,98.08795411089864,85.46845124282983,5000.0,15000.0,200
2821,F43,GOOD,20116,32983,3,60.98899433041264,373,20.72222222222222,378.0,98.67724867724868,88,373,373,375,99.46666666666668,99.46666666666668,7500.0,22500.0,441
2822,F13,GOOD,11526,15415,4,74.77132662990593,518,20.72,525.0,98.66666666666669,88,520,502,524,99.23664122137404,95.80152671755724,5000.0,20000.0,267
2823,F43,GOOD,20426,33937,4,60.1879954032472,373,20.72222222222222,378.0,98.67724867724868,88,373,373,375,99.46666666666668,99.46666666666668,7500.0,30000.0,588
2824,F13,GOOD,11530,15420,5,74.77302204928664,518,20.72,525.0,98.66666666666669,88,520,502,524,99.23664122137404,95.80152671755724,5000.0,25000.0,333
2825,F43,GOOD,21022,37701,5,55.75979416991592,373,20.72222222222222,378.0,98.67724867724868,88,373,373,375,99.46666666666668,99.46666666666668,7500.0,37500.0,735
2826,F13,GOOD,11532,15423,6,74.77144524411592,518,20.72,525.0,98.66666666666669,88,520,502,524,99.23664122137404,95.80152671755724,5000.0,30000.0,400
2827,F43,GOOD,21559,42790,6,50.383267118485634,373,20.72222222222222,378.0,98.67724867724868,88,373,373,375,99.46666666666668,99.46666666666668,7500.0,45000.0,882
2828,F13,GOOD,13643,18664,7,73.09794256322331,518,20.72,525.0,98.66666666666669,88,521,512,524,99.42748091603052,97.70992366412212,5000.0,35000.0,467
2829,F43,GOOD,21462,46210,7,46.44449253408353,373,20.72222222222222,378.0,98.67724867724868,88,373,373,375,99.46666666666668,99.46666666666668,7500.0,52500.0,1029
2830,F13,GOOD,13645,18666,8,73.10082502946533,518,20.72,525.0,98.66666666666669,88,521,512,524,99.42748091603052,97.70992366412212,5000.0,40000.0,533
2831,F43,GOOD,21245,47842,8,44.40658835332971,373,20.72222222222222,378.0,98.67724867724868,88,373,373,376,99.20212765957449,99.20212765957449,7500.0,60000.0,1176
2832,F13,GOOD,15903,22395,9,71.01138647019424,518,20.72,525.0,98.66666666666669,88,522,515,524,99.61832061068702,98.2824427480916,5000.0,45000.0,600
2833,F43,GOOD,21043,48932,9,43.00457778141094,373,20.72222222222222,378.0,98.67724867724868,88,373,373,376,99.20212765957449,99.20212765957449,7500.0,67500.0,1324
2834,F13,GOOD,17255,24774,10,69.64963267942198,518,20.72,525.0,98.66666666666669,88,522,515,524,99.61832061068702,98.2824427480916,5000.0,50000.0,667
2835,F43,GOOD,20159,52794,10,38.18426336326098,373,20.72222222222222,378.0,98.67724867724868,88,374,373,376,99.46808510638296,99.20212765957449,7500.0,75000.0,1471
2836,F13,GOOD,18043,26336,11,68.51078371810449,518,20.72,525.0,98.66666666666669,88,523,516,524,99.80916030534353,98.47328244274809,5000.0,55000.0,733
2837,F43,GOOD,19478,54764,11,35.56716090862611,373,20.72222222222222,378.0,98.67724867724868,88,374,373,376,99.46808510638296,99.20212765957449,7500.0,82500.0,1618
2838,F13,GOOD,18694,27634,12,67.64854888904972,518,20.72,525.0,98.66666666666669,88,523,516,524,99.80916030534353,98.47328244274809,5000.0,60000.0,800
2839,F43,GOOD,18555,56951,12,32.580639497111555,373,20.72222222222222,378.0,98.67724867724868,88,374,373,376,99.46808510638296,99.20212765957449,7500.0,90000.0,1765
2840,F13,GOOD,19260,28928,13,66.57909292035397,518,20.72,525.0,98.66666666666669,88,523,518,524,99.80916030534353,98.85496183206108,5000.0,65000.0,867
2841,F43,GOOD,17642,58833,13,29.98657216188193,373,20.72222222222222,378.0,98.67724867724868,88,375,373,376,99.7340425531915,99.20212765957449,7500.0,97500.0,1912
2842,F13,GOOD,21793,34306,14,63.52533084591616,518,20.72,525.0,98.66666666666669,88,524,519,524,100.0,99.04580152671755,5000.0,70000.0,933
2843,F43,GOOD,16944,60059,14,28.212257946352757,373,20.72222222222222,378.0,98.67724867724868,88,375,373,377,99.46949602122017,98.93899204244032,7500.0,105000.0,2059
2844,F13,GOOD,24557,41537,15,59.12078387943279,518,20.72,525.0,98.66666666666669,88,524,521,524,100.0,99.42748091603052,5000.0,75000.0,1000
2845,F43,GOOD,16414,61034,15,26.89320706491464,373,20.72222222222222,378.0,98.67724867724868,88,375,373,377,99.46949602122017,98.93899204244032,7500.0,112500.0,2206
2846,F13,GOOD,25521,45010,16,56.70073317040658,518,20.72,525.0,98.66666666666669,88,524,522,524,100.0,99.61832061068702,5000.0,80000.0,1067
2847,F43,GOOD,15924,61828,16,25.75532121368959,373,20.72222222222222,378.0,98.67724867724868,88,375,373,377,99.46949602122017,98.93899204244032,7500.0,120000.0,2353
2848,F13,GOOD,3562,4337,1,82.13050495734379,511,20.44,525.0,97.33333333333334,89,354,170,514,68.8715953307393,33.07392996108949,5000.0,5000.0,67
2849,F43,GOOD,11290,14026,1,80.49336945672323,373,20.72222222222222,378.0,98.67724867724868,89,373,360,374,99.73262032085562,96.2566844919786,7500.0,7500.0,147
2850,F13,GOOD,3565,4341,2,82.12393457728633,511,20.44,525.0,97.33333333333334,89,355,170,514,69.06614785992218,33.07392996108949,5000.0,10000.0,133
2851,F43,GOOD,17315,24406,2,70.94566909776285,373,20.72222222222222,378.0,98.67724867724868,89,373,373,375,99.46666666666668,99.46666666666668,7500.0,15000.0,294
2852,F13,GOOD,11819,15790,3,74.85117162761242,518,20.72,525.0,98.66666666666669,89,518,502,523,99.04397705544932,95.9847036328872,5000.0,15000.0,200
2853,F43,GOOD,19604,30295,3,64.71034824228421,373,20.72222222222222,378.0,98.67724867724868,89,373,373,375,99.46666666666668,99.46666666666668,7500.0,22500.0,441
2854,F13,GOOD,13612,18645,4,73.00616787342452,518,20.72,525.0,98.66666666666669,89,520,511,524,99.23664122137404,97.51908396946564,5000.0,20000.0,267
2855,F43,GOOD,21296,37267,4,57.14439047951271,373,20.72222222222222,378.0,98.67724867724868,89,373,373,375,99.46666666666668,99.46666666666668,7500.0,30000.0,588
2856,F13,GOOD,16966,24508,5,69.22637506120451,518,20.72,525.0,98.66666666666669,89,523,515,524,99.80916030534353,98.2824427480916,5000.0,25000.0,333
2857,F43,GOOD,21656,40680,5,53.23500491642085,373,20.72222222222222,378.0,98.67724867724868,89,373,373,375,99.46666666666668,99.46666666666668,7500.0,37500.0,735
2858,F13,GOOD,18445,27317,6,67.52205586264964,518,20.72,525.0,98.66666666666669,89,523,518,524,99.80916030534353,98.85496183206108,5000.0,30000.0,400
2859,F43,GOOD,21755,45445,6,47.87105292111343,373,20.72222222222222,378.0,98.67724867724868,89,373,373,375,99.46666666666668,99.46666666666668,7500.0,45000.0,882
2860,F13,GOOD,19440,29247,7,66.46835572879269,518,20.72,525.0,98.66666666666669,89,523,520,524,99.80916030534353,99.23664122137404,5000.0,35000.0,467
2861,F43,GOOD,21439,48388,7,44.306439613127225,373,20.72222222222222,378.0,98.67724867724868,89,373,373,375,99.46666666666668,99.46666666666668,7500.0,52500.0,1029
2862,F13,GOOD,20440,31450,8,64.99205087440382,518,20.72,525.0,98.66666666666669,89,523,521,524,99.80916030534353,99.42748091603052,5000.0,40000.0,533
2863,F43,GOOD,20947,50744,8,41.27975721267539,373,20.72222222222222,378.0,98.67724867724868,89,373,373,375,99.46666666666668,99.46666666666668,7500.0,60000.0,1176
2864,F13,GOOD,22717,36647,9,61.98870303162606,518,20.72,525.0,98.66666666666669,89,524,522,524,100.0,99.61832061068702,5000.0,45000.0,600
2865,F43,GOOD,20499,52711,9,38.889415871449984,373,20.72222222222222,378.0,98.67724867724868,89,374,373,376,99.46808510638296,99.20212765957449,7500.0,67500.0,1324
2866,F13,GOOD,23144,37729,10,61.34273370616767,518,20.72,525.0,98.66666666666669,89,524,522,524,100.0,99.61832061068702,5000.0,50000.0,667
2867,F43,GOOD,19608,55240,10,35.49601737871108,373,20.72222222222222,378.0,98.67724867724868,89,374,373,376,99.46808510638296,99.20212765957449,7500.0,75000.0,1471
2868,F13,GOOD,23144,37729,11,61.34273370616767,518,20.72,525.0,98.66666666666669,89,524,522,524,100.0,99.61832061068702,5000.0,55000.0,733
2869,F43,GOOD,18959,56532,11,33.5367579424043,373,20.72222222222222,378.0,98.67724867724868,89,374,373,376,99.46808510638296,99.20212765957449,7500.0,82500.0,1618
2870,F13,GOOD,23891,39749,12,60.1046567209238,518,20.72,525.0,98.66666666666669,89,524,522,524,100.0,99.61832061068702,5000.0,60000.0,800
2871,F43,GOOD,17708,58978,12,30.024754993387365,373,20.72222222222222,378.0,98.67724867724868,89,375,373,376,99.7340425531915,99.20212765957449,7500.0,90000.0,1765
2872,F13,GOOD,24662,42007,13,58.709262741923965,518,20.72,525.0,98.66666666666669,89,524,522,524,100.0,99.61832061068702,5000.0,65000.0,867
2873,F43,GOOD,17592,59202,13,29.715212323907974,373,20.72222222222222,378.0,98.67724867724868,89,375,373,376,99.7340425531915,99.20212765957449,7500.0,97500.0,1912
2874,F13,GOOD,24908,43001,14,57.92423432013209,518,20.72,525.0,98.66666666666669,89,524,522,524,100.0,99.61832061068702,5000.0,70000.0,933
2875,F43,GOOD,16659,60800,14,27.39967105263158,373,20.72222222222222,378.0,98.67724867724868,89,375,373,377,99.46949602122017,98.93899204244032,7500.0,105000.0,2059
2876,F13,GOOD,24908,43002,15,57.922887307567095,518,20.72,525.0,98.66666666666669,89,524,522,524,100.0,99.61832061068702,5000.0,75000.0,1000
2877,F43,GOOD,16215,61397,15,26.410085183315147,373,20.72222222222222,378.0,98.67724867724868,89,375,373,377,99.46949602122017,98.93899204244032,7500.0,112500.0,2206
2878,F13,GOOD,25521,45010,16,56.70073317040658,518,20.72,525.0,98.66666666666669,89,524,522,524,100.0,99.61832061068702,5000.0,80000.0,1067
2879,F43,GOOD,15924,61828,16,25.75532121368959,373,20.72222222222222,378.0,98.67724867724868,89,375,373,377,99.46949602122017,98.93899204244032,7500.0,120000.0,2353
2880,F13,GOOD,3937,4836,1,81.41025641025641,514,20.56,525.0,97.90476190476193,90,398,200,517,76.9825918762089,38.684719535783366,5000.0,5000.0,67
2881,F43,GOOD,7877,9143,1,86.15334135404134,373,20.72222222222222,378.0,98.67724867724868,90,361,312,374,96.524064171123,83.42245989304813,7500.0,7500.0,147
2882,F13,GOOD,3937,4836,2,81.41025641025641,514,20.56,525.0,97.90476190476193,90,398,200,517,76.9825918762089,38.684719535783366,5000.0,10000.0,133
2883,F43,GOOD,14191,18515,2,76.64596273291926,373,20.72222222222222,378.0,98.67724867724868,90,373,370,374,99.73262032085562,98.93048128342244,7500.0,15000.0,294
2884,F13,GOOD,6421,8141,3,78.87237440117921,516,20.64,525.0,98.28571428571428,90,490,375,521,94.04990403071018,71.97696737044146,5000.0,15000.0,200
2885,F43,GOOD,18545,27770,3,66.78069859560676,373,20.72222222222222,378.0,98.67724867724868,90,373,373,376,99.20212765957449,99.20212765957449,7500.0,22500.0,441
2886,F13,GOOD,9328,12072,4,77.26971504307488,517,20.68,525.0,98.47619047619048,90,512,461,523,97.89674952198853,88.14531548757171,5000.0,20000.0,267
2887,F43,GOOD,20769,35150,4,59.08677098150782,373,20.72222222222222,378.0,98.67724867724868,90,373,373,376,99.20212765957449,99.20212765957449,7500.0,30000.0,588
2888,F13,GOOD,14951,20663,5,72.35638581038572,518,20.72,525.0,98.66666666666669,90,518,511,524,98.85496183206108,97.51908396946564,5000.0,25000.0,333
2889,F43,GOOD,21523,39198,5,54.908413694576254,373,20.72222222222222,378.0,98.67724867724868,90,373,373,376,99.20212765957449,99.20212765957449,7500.0,37500.0,735
2890,F13,GOOD,14950,20664,6,72.34804490902052,518,20.72,525.0,98.66666666666669,90,518,511,524,98.85496183206108,97.51908396946564,5000.0,30000.0,400
2891,F43,GOOD,21799,42428,6,51.3788064485717,373,20.72222222222222,378.0,98.67724867724868,90,373,373,376,99.20212765957449,99.20212765957449,7500.0,45000.0,882
2892,F13,GOOD,14952,20667,7,72.34722020612571,518,20.72,525.0,98.66666666666669,90,518,511,524,98.85496183206108,97.51908396946564,5000.0,35000.0,467
2893,F43,GOOD,21684,44870,7,48.326275908179184,373,20.72222222222222,378.0,98.67724867724868,90,373,373,376,99.20212765957449,99.20212765957449,7500.0,52500.0,1029
2894,F13,GOOD,16260,22920,8,70.94240837696336,518,20.72,525.0,98.66666666666669,90,520,513,524,99.23664122137404,97.90076335877863,5000.0,40000.0,533
2895,F43,GOOD,21286,47851,8,44.48391883137239,373,20.72222222222222,378.0,98.67724867724868,90,373,373,376,99.20212765957449,99.20212765957449,7500.0,60000.0,1176
2896,F13,GOOD,19405,28645,9,67.74306161633793,518,20.72,525.0,98.66666666666669,90,522,518,524,99.61832061068702,98.85496183206108,5000.0,45000.0,600
2897,F43,GOOD,20955,50152,9,41.78297974158558,373,20.72222222222222,378.0,98.67724867724868,90,374,373,377,99.20424403183024,98.93899204244032,7500.0,67500.0,1324
2898,F13,GOOD,20389,30746,10,66.31431730956872,518,20.72,525.0,98.66666666666669,90,522,519,524,99.61832061068702,99.04580152671755,5000.0,50000.0,667
2899,F43,GOOD,20019,53756,10,37.24049408438128,373,20.72222222222222,378.0,98.67724867724868,90,374,373,377,99.20424403183024,98.93899204244032,7500.0,75000.0,1471
2900,F13,GOOD,21631,33440,11,64.686004784689,518,20.72,525.0,98.66666666666669,90,523,519,524,99.80916030534353,99.04580152671755,5000.0,55000.0,733
2901,F43,GOOD,19920,54064,11,36.84522047943178,373,20.72222222222222,378.0,98.67724867724868,90,374,373,377,99.20424403183024,98.93899204244032,7500.0,82500.0,1618
2902,F13,GOOD,22411,35467,12,63.18831589928666,518,20.72,525.0,98.66666666666669,90,524,519,524,100.0,99.04580152671755,5000.0,60000.0,800
2903,F43,GOOD,19096,55900,12,34.16100178890877,373,20.72222222222222,378.0,98.67724867724868,90,375,373,377,99.46949602122017,98.93899204244032,7500.0,90000.0,1765
2904,F13,GOOD,24462,41118,13,59.49219320005837,518,20.72,525.0,98.66666666666669,90,524,521,524,100.0,99.42748091603052,5000.0,65000.0,867
2905,F43,GOOD,18527,57347,13,32.30683383612046,373,20.72222222222222,378.0,98.67724867724868,90,375,373,377,99.46949602122017,98.93899204244032,7500.0,97500.0,1912
2906,F13,GOOD,24796,42393,14,58.49078857358526,518,20.72,525.0,98.66666666666669,90,524,521,524,100.0,99.42748091603052,5000.0,70000.0,933
2907,F43,GOOD,17594,59315,14,29.66197420551294,373,20.72222222222222,378.0,98.67724867724868,90,375,373,377,99.46949602122017,98.93899204244032,7500.0,105000.0,2059
2908,F13,GOOD,25088,43354,15,57.86778613276745,518,20.72,525.0,98.66666666666669,90,524,521,524,100.0,99.42748091603052,5000.0,75000.0,1000
2909,F43,GOOD,16622,60868,15,27.30827364132221,373,20.72222222222222,378.0,98.67724867724868,90,375,373,377,99.46949602122017,98.93899204244032,7500.0,112500.0,2206
2910,F13,GOOD,25521,45010,16,56.70073317040658,518,20.72,525.0,98.66666666666669,90,524,522,524,100.0,99.61832061068702,5000.0,80000.0,1067
2911,F43,GOOD,15924,61828,16,25.75532121368959,373,20.72222222222222,378.0,98.67724867724868,90,375,373,377,99.46949602122017,98.93899204244032,7500.0,120000.0,2353
2912,F13,GOOD,3,5,1,60.0,3,1.0,525.0,0.5714285714285714,91,0,0,3,0.0,0.0,5000.0,5000.0,67
2913,F43,GOOD,11155,13756,1,81.0918871765048,373,20.72222222222222,378.0,98.67724867724868,91,373,360,374,99.73262032085562,96.2566844919786,7500.0,7500.0,147
2914,F13,GOOD,2848,3536,2,80.54298642533936,504,20.16,525.0,96.0,91,314,135,508,61.81102362204725,26.574803149606304,5000.0,10000.0,133
2915,F43,GOOD,17053,24162,2,70.5777667411638,373,20.72222222222222,378.0,98.67724867724868,91,373,373,376,99.20212765957449,99.20212765957449,7500.0,15000.0,294
2916,F13,GOOD,4540,5681,3,79.91550783312798,516,20.64,525.0,98.28571428571428,91,429,239,520,82.5,45.96153846153846,5000.0,15000.0,200
2917,F43,GOOD,20058,31985,3,62.71064561513209,373,20.72222222222222,378.0,98.67724867724868,91,373,373,376,99.20212765957449,99.20212765957449,7500.0,22500.0,441
2918,F13,GOOD,4545,5687,4,79.91911376824336,516,20.64,525.0,98.28571428571428,91,430,239,520,82.6923076923077,45.96153846153846,5000.0,20000.0,267
2919,F43,GOOD,20999,36721,4,57.18526183927453,373,20.72222222222222,378.0,98.67724867724868,91,373,373,376,99.20212765957449,99.20212765957449,7500.0,30000.0,588
2920,F13,GOOD,4547,5689,5,79.9261733169274,516,20.64,525.0,98.28571428571428,91,431,239,520,82.88461538461539,45.96153846153846,5000.0,25000.0,333
2921,F43,GOOD,21216,39120,5,54.233128834355824,373,20.72222222222222,378.0,98.67724867724868,91,373,373,376,99.20212765957449,99.20212765957449,7500.0,37500.0,735
2922,F13,GOOD,7973,10160,6,78.47440944881889,518,20.72,525.0,98.66666666666669,91,504,425,522,96.55172413793105,81.4176245210728,5000.0,30000.0,400
2923,F43,GOOD,21319,39871,6,53.46994055830052,373,20.72222222222222,378.0,98.67724867724868,91,373,373,376,99.20212765957449,99.20212765957449,7500.0,45000.0,882
2924,F13,GOOD,9553,12493,7,76.4668214199952,518,20.72,525.0,98.66666666666669,91,515,472,523,98.47036328871891,90.24856596558315,5000.0,35000.0,467
2925,F43,GOOD,21433,45916,7,46.67871765833261,373,20.72222222222222,378.0,98.67724867724868,91,373,373,376,99.20212765957449,99.20212765957449,7500.0,52500.0,1029
2926,F13,GOOD,15999,22699,8,70.48328120181506,518,20.72,525.0,98.66666666666669,91,522,515,524,99.61832061068702,98.2824427480916,5000.0,40000.0,533
2927,F43,GOOD,21181,48472,8,43.697392308961874,373,20.72222222222222,378.0,98.67724867724868,91,373,373,376,99.20212765957449,99.20212765957449,7500.0,60000.0,1176
2928,F13,GOOD,17250,25048,9,68.86777387416161,518,20.72,525.0,98.66666666666669,91,523,517,524,99.80916030534353,98.66412213740458,5000.0,45000.0,600
2929,F43,GOOD,20463,51335,9,39.86169280218175,373,20.72222222222222,378.0,98.67724867724868,91,374,373,376,99.46808510638296,99.20212765957449,7500.0,67500.0,1324
2930,F13,GOOD,19858,30311,10,65.51416977334961,518,20.72,525.0,98.66666666666669,91,524,520,524,100.0,99.23664122137404,5000.0,50000.0,667
2931,F43,GOOD,20046,53151,10,37.71518880171587,373,20.72222222222222,378.0,98.67724867724868,91,374,373,376,99.46808510638296,99.20212765957449,7500.0,75000.0,1471
2932,F13,GOOD,21080,32925,11,64.02429764616554,518,20.72,525.0,98.66666666666669,91,524,520,524,100.0,99.23664122137404,5000.0,55000.0,733
2933,F43,GOOD,19404,55076,11,35.231316725978644,373,20.72222222222222,378.0,98.67724867724868,91,374,373,376,99.46808510638296,99.20212765957449,7500.0,82500.0,1618
2934,F13,GOOD,23041,37681,12,61.14752793184894,518,20.72,525.0,98.66666666666669,91,524,521,524,100.0,99.42748091603052,5000.0,60000.0,800
2935,F43,GOOD,18810,56489,12,33.298518295597376,373,20.72222222222222,378.0,98.67724867724868,91,374,373,377,99.20424403183024,98.93899204244032,7500.0,90000.0,1765
2936,F13,GOOD,23767,39656,13,59.93292313899536,518,20.72,525.0,98.66666666666669,91,524,522,524,100.0,99.61832061068702,5000.0,65000.0,867
2937,F43,GOOD,17614,58900,13,29.90492359932088,373,20.72222222222222,378.0,98.67724867724868,91,375,373,377,99.46949602122017,98.93899204244032,7500.0,97500.0,1912
2938,F13,GOOD,24496,41789,14,58.618296680944745,518,20.72,525.0,98.66666666666669,91,524,522,524,100.0,99.61832061068702,5000.0,70000.0,933
2939,F43,GOOD,17309,59436,14,29.12208089373444,373,20.72222222222222,378.0,98.67724867724868,91,375,373,377,99.46949602122017,98.93899204244032,7500.0,105000.0,2059
2940,F13,GOOD,24877,42980,15,57.880409492787344,518,20.72,525.0,98.66666666666669,91,524,522,524,100.0,99.61832061068702,5000.0,75000.0,1000
2941,F43,GOOD,16645,60704,15,27.419939377965207,373,20.72222222222222,378.0,98.67724867724868,91,375,373,377,99.46949602122017,98.93899204244032,7500.0,112500.0,2206
2942,F13,GOOD,25521,45010,16,56.70073317040658,518,20.72,525.0,98.66666666666669,91,524,522,524,100.0,99.61832061068702,5000.0,80000.0,1067
2943,F43,GOOD,15924,61828,16,25.75532121368959,373,20.72222222222222,378.0,98.67724867724868,91,375,373,377,99.46949602122017,98.93899204244032,7500.0,120000.0,2353
2944,F13,GOOD,3937,4836,1,81.41025641025641,514,20.56,525.0,97.90476190476193,92,398,200,517,76.9825918762089,38.684719535783366,5000.0,5000.0,67
2945,F43,GOOD,7877,9143,1,86.15334135404134,373,20.72222222222222,378.0,98.67724867724868,92,361,312,374,96.524064171123,83.42245989304813,7500.0,7500.0,147
2946,F13,GOOD,6090,7671,2,79.38991005084083,518,20.72,525.0,98.66666666666669,92,479,343,523,91.58699808795411,65.5831739961759,5000.0,10000.0,133
2947,F43,GOOD,14288,18845,2,75.81851950119395,373,20.72222222222222,378.0,98.67724867724868,92,373,372,374,99.73262032085562,99.46524064171123,7500.0,15000.0,294
2948,F13,GOOD,8236,10707,3,76.92164004856636,518,20.72,525.0,98.66666666666669,92,508,439,524,96.94656488549616,83.77862595419847,5000.0,15000.0,200
2949,F43,GOOD,17843,26431,3,67.50785062994211,373,20.72222222222222,378.0,98.67724867724868,92,373,373,376,99.20212765957449,99.20212765957449,7500.0,22500.0,441
2950,F13,GOOD,8239,10711,4,76.92092241620763,518,20.72,525.0,98.66666666666669,92,508,439,524,96.94656488549616,83.77862595419847,5000.0,20000.0,267
2951,F43,GOOD,19333,30557,4,63.26864548221357,373,20.72222222222222,378.0,98.67724867724868,92,373,373,376,99.20212765957449,99.20212765957449,7500.0,30000.0,588
2952,F13,GOOD,14145,19505,5,72.51986670084594,518,20.72,525.0,98.66666666666669,92,521,509,524,99.42748091603052,97.13740458015268,5000.0,25000.0,333
2953,F43,GOOD,20557,35174,5,58.44373685108318,373,20.72222222222222,378.0,98.67724867724868,92,373,373,376,99.20212765957449,99.20212765957449,7500.0,37500.0,735
2954,F13,GOOD,15058,20985,6,71.75601620204908,518,20.72,525.0,98.66666666666669,92,521,513,524,99.42748091603052,97.90076335877863,5000.0,30000.0,400
2955,F43,GOOD,21362,40681,6,52.511000221233495,373,20.72222222222222,378.0,98.67724867724868,92,373,373,376,99.20212765957449,99.20212765957449,7500.0,45000.0,882
2956,F13,GOOD,16802,24070,7,69.8047361861238,518,20.72,525.0,98.66666666666669,92,522,516,524,99.61832061068702,98.47328244274809,5000.0,35000.0,467
2957,F43,GOOD,21367,46505,7,45.945597247607786,373,20.72222222222222,378.0,98.67724867724868,92,373,373,376,99.20212765957449,99.20212765957449,7500.0,52500.0,1029
2958,F13,GOOD,18110,26574,8,68.14931888311884,518,20.72,525.0,98.66666666666669,92,523,517,524,99.80916030534353,98.66412213740458,5000.0,40000.0,533
2959,F43,GOOD,20914,49310,8,42.41330358953559,373,20.72222222222222,378.0,98.67724867724868,92,373,373,376,99.20212765957449,99.20212765957449,7500.0,60000.0,1176
2960,F13,GOOD,18108,26575,9,68.13922859830667,518,20.72,525.0,98.66666666666669,92,523,517,524,99.80916030534353,98.66412213740458,5000.0,45000.0,600
2961,F43,GOOD,20338,52178,9,38.97811338111848,373,20.72222222222222,378.0,98.67724867724868,92,373,373,376,99.20212765957449,99.20212765957449,7500.0,67500.0,1324
2962,F13,GOOD,18712,27924,10,67.01045695459104,518,20.72,525.0,98.66666666666669,92,523,518,524,99.80916030534353,98.85496183206108,5000.0,50000.0,667
2963,F43,GOOD,19479,54831,10,35.52552388247524,373,20.72222222222222,378.0,98.67724867724868,92,374,373,376,99.46808510638296,99.20212765957449,7500.0,75000.0,1471
2964,F13,GOOD,19789,30061,11,65.829480057217,518,20.72,525.0,98.66666666666669,92,523,518,524,99.80916030534353,98.85496183206108,5000.0,55000.0,733
2965,F43,GOOD,18340,57545,11,31.87070987922496,373,20.72222222222222,378.0,98.67724867724868,92,374,373,376,99.46808510638296,99.20212765957449,7500.0,82500.0,1618
2966,F13,GOOD,22478,36266,12,61.98091876688909,518,20.72,525.0,98.66666666666669,92,524,521,524,100.0,99.42748091603052,5000.0,60000.0,800
2967,F43,GOOD,17812,58711,12,30.338437430805133,373,20.72222222222222,378.0,98.67724867724868,92,375,373,376,99.7340425531915,99.20212765957449,7500.0,90000.0,1765
2968,F13,GOOD,23547,38964,13,60.43270711425932,518,20.72,525.0,98.66666666666669,92,524,521,524,100.0,99.42748091603052,5000.0,65000.0,867
2969,F43,GOOD,17703,58998,13,30.00610190175938,373,20.72222222222222,378.0,98.67724867724868,92,375,373,376,99.7340425531915,99.20212765957449,7500.0,97500.0,1912
2970,F13,GOOD,23547,38964,14,60.43270711425932,518,20.72,525.0,98.66666666666669,92,524,521,524,100.0,99.42748091603052,5000.0,70000.0,933
2971,F43,GOOD,17260,59708,14,28.907349098948217,373,20.72222222222222,378.0,98.67724867724868,92,375,373,376,99.7340425531915,99.20212765957449,7500.0,105000.0,2059
2972,F13,GOOD,24341,41152,15,59.149008553654745,518,20.72,525.0,98.66666666666669,92,524,521,524,100.0,99.42748091603052,5000.0,75000.0,1000
2973,F43,GOOD,16535,60943,15,27.13191014554584,373,20.72222222222222,378.0,98.67724867724868,92,375,373,376,99.7340425531915,99.20212765957449,7500.0,112500.0,2206
2974,F13,GOOD,25521,45010,16,56.70073317040658,518,20.72,525.0,98.66666666666669,92,524,522,524,100.0,99.61832061068702,5000.0,80000.0,1067
2975,F43,GOOD,15924,61828,16,25.75532121368959,373,20.72222222222222,378.0,98.67724867724868,92,375,373,377,99.46949602122017,98.93899204244032,7500.0,120000.0,2353
2976,F13,GOOD,2845,3531,1,80.57207589917871,504,20.16,525.0,96.0,93,313,135,508,61.61417322834646,26.574803149606304,5000.0,5000.0,67
2977,F43,GOOD,11032,13800,1,79.94202898550725,373,20.72222222222222,378.0,98.67724867724868,93,373,359,376,99.20212765957449,95.47872340425532,7500.0,7500.0,147
2978,F13,GOOD,5550,6993,2,79.36507936507937,518,20.72,525.0,98.66666666666669,93,473,324,523,90.43977055449332,61.95028680688337,5000.0,10000.0,133
2979,F43,GOOD,17755,26075,2,68.09204218600192,373,20.72222222222222,378.0,98.67724867724868,93,373,373,376,99.20212765957449,99.20212765957449,7500.0,15000.0,294
2980,F13,GOOD,8300,10771,3,77.05876891653514,518,20.72,525.0,98.66666666666669,93,504,438,524,96.18320610687024,83.58778625954199,5000.0,15000.0,200
2981,F43,GOOD,19996,32461,3,61.600073934875695,373,20.72222222222222,378.0,98.67724867724868,93,373,373,376,99.20212765957449,99.20212765957449,7500.0,22500.0,441
2982,F13,GOOD,9838,13072,4,75.26009791921665,518,20.72,525.0,98.66666666666669,93,516,478,524,98.47328244274809,91.22137404580153,5000.0,20000.0,267
2983,F43,GOOD,21433,39999,4,53.5838395959899,373,20.72222222222222,378.0,98.67724867724868,93,373,373,376,99.20212765957449,99.20212765957449,7500.0,30000.0,588
2984,F13,GOOD,12116,16441,5,73.69381424487561,518,20.72,525.0,98.66666666666669,93,519,502,524,99.04580152671755,95.80152671755724,5000.0,25000.0,333
2985,F43,GOOD,21550,43805,5,49.19529734048624,373,20.72222222222222,378.0,98.67724867724868,93,373,373,376,99.20212765957449,99.20212765957449,7500.0,37500.0,735
2986,F13,GOOD,17895,26135,6,68.47139850774823,518,20.72,525.0,98.66666666666669,93,523,517,524,99.80916030534353,98.66412213740458,5000.0,30000.0,400
2987,F43,GOOD,21446,46419,6,46.20090911049355,373,20.72222222222222,378.0,98.67724867724868,93,373,373,376,99.20212765957449,99.20212765957449,7500.0,45000.0,882
2988,F13,GOOD,21023,32379,7,64.92788535779364,518,20.72,525.0,98.66666666666669,93,523,520,524,99.80916030534353,99.23664122137404,5000.0,35000.0,467
2989,F43,GOOD,21082,49113,7,42.92549834056156,373,20.72222222222222,378.0,98.67724867724868,93,374,373,377,99.20424403183024,98.93899204244032,7500.0,52500.0,1029
2990,F13,GOOD,21928,34542,8,63.48213768745296,518,20.72,525.0,98.66666666666669,93,524,520,524,100.0,99.23664122137404,5000.0,40000.0,533
2991,F43,GOOD,20265,52409,8,38.66702283958862,373,20.72222222222222,378.0,98.67724867724868,93,375,373,377,99.46949602122017,98.93899204244032,7500.0,60000.0,1176
2992,F13,GOOD,21929,34543,9,63.48319485858206,518,20.72,525.0,98.66666666666669,93,524,520,524,100.0,99.23664122137404,5000.0,45000.0,600
2993,F43,GOOD,19540,55098,9,35.46408218084141,373,20.72222222222222,378.0,98.67724867724868,93,375,373,377,99.46949602122017,98.93899204244032,7500.0,67500.0,1324
2994,F13,GOOD,22459,35887,10,62.58255078440661,518,20.72,525.0,98.66666666666669,93,524,521,524,100.0,99.42748091603052,5000.0,50000.0,667
2995,F43,GOOD,18836,56799,10,33.16255567879716,373,20.72222222222222,378.0,98.67724867724868,93,375,373,377,99.46949602122017,98.93899204244032,7500.0,75000.0,1471
2996,F13,GOOD,23834,39777,11,59.91904869648289,518,20.72,525.0,98.66666666666669,93,524,522,524,100.0,99.61832061068702,5000.0,55000.0,733
2997,F43,GOOD,18375,57926,11,31.72150674999137,373,20.72222222222222,378.0,98.67724867724868,93,375,373,377,99.46949602122017,98.93899204244032,7500.0,82500.0,1618
2998,F13,GOOD,24627,42043,12,58.57574388126442,518,20.72,525.0,98.66666666666669,93,524,522,524,100.0,99.61832061068702,5000.0,60000.0,800
2999,F43,GOOD,18284,58180,12,31.426607081471296,373,20.72222222222222,378.0,98.67724867724868,93,375,373,377,99.46949602122017,98.93899204244032,7500.0,90000.0,1765
3000,F13,GOOD,24627,42044,13,58.57435068023975,518,20.72,525.0,98.66666666666669,93,524,522,524,100.0,99.61832061068702,5000.0,65000.0,867
3001,F43,GOOD,17837,58951,13,30.257332360774203,373,20.72222222222222,378.0,98.67724867724868,93,375,373,377,99.46949602122017,98.93899204244032,7500.0,97500.0,1912
3002,F13,GOOD,25261,44089,14,57.29547052552791,518,20.72,525.0,98.66666666666669,93,524,522,524,100.0,99.61832061068702,5000.0,70000.0,933
3003,F43,GOOD,17417,59648,14,29.19963787553648,373,20.72222222222222,378.0,98.67724867724868,93,375,373,377,99.46949602122017,98.93899204244032,7500.0,105000.0,2059
3004,F13,GOOD,25261,44089,15,57.29547052552791,518,20.72,525.0,98.66666666666669,93,524,522,524,100.0,99.61832061068702,5000.0,75000.0,1000
3005,F43,GOOD,16897,60430,15,27.961277511169943,373,20.72222222222222,378.0,98.67724867724868,93,375,373,377,99.46949602122017,98.93899204244032,7500.0,112500.0,2206
3006,F13,GOOD,25521,45010,16,56.70073317040658,518,20.72,525.0,98.66666666666669,93,524,522,524,100.0,99.61832061068702,5000.0,80000.0,1067
3007,F43,GOOD,15924,61828,16,25.75532121368959,373,20.72222222222222,378.0,98.67724867724868,93,375,373,377,99.46949602122017,98.93899204244032,7500.0,120000.0,2353
3008,F13,GOOD,3976,4822,1,82.45541269182912,512,20.48,525.0,97.52380952380952,94,407,188,513,79.33723196881091,36.64717348927875,5000.0,5000.0,67
3009,F43,GOOD,1850,2025,1,91.35802469135804,358,19.88888888888889,378.0,94.70899470899472,94,171,50,358,47.76536312849162,13.966480446927374,7500.0,7500.0,147
3010,F13,GOOD,6947,8737,2,79.51241845026897,517,20.68,525.0,98.47619047619048,94,496,389,521,95.20153550863724,74.6641074856046,5000.0,10000.0,133
3011,F43,GOOD,14116,18610,2,75.85169263836647,373,20.72222222222222,378.0,98.67724867724868,94,373,371,374,99.73262032085562,99.19786096256684,7500.0,15000.0,294
3012,F13,GOOD,14161,19492,3,72.65031807921198,518,20.72,525.0,98.66666666666669,94,519,514,524,99.04580152671755,98.09160305343512,5000.0,15000.0,200
3013,F43,GOOD,17429,25055,3,69.56296148473359,373,20.72222222222222,378.0,98.67724867724868,94,373,373,375,99.46666666666668,99.46666666666668,7500.0,22500.0,441
3014,F13,GOOD,16002,22630,4,70.7114449845338,518,20.72,525.0,98.66666666666669,94,521,516,524,99.42748091603052,98.47328244274809,5000.0,20000.0,267
3015,F43,GOOD,19679,31045,4,63.38862940892254,373,20.72222222222222,378.0,98.67724867724868,94,373,373,375,99.46666666666668,99.46666666666668,7500.0,30000.0,588
3016,F13,GOOD,16791,24112,5,69.63752488387524,518,20.72,525.0,98.66666666666669,94,523,518,524,99.80916030534353,98.85496183206108,5000.0,25000.0,333
3017,F43,GOOD,21283,37596,5,56.609745717629536,373,20.72222222222222,378.0,98.67724867724868,94,373,373,376,99.20212765957449,99.20212765957449,7500.0,37500.0,735
3018,F13,GOOD,16791,24113,6,69.63463691784514,518,20.72,525.0,98.66666666666669,94,523,518,524,99.80916030534353,98.85496183206108,5000.0,30000.0,400
3019,F43,GOOD,21932,42919,6,51.10091101843006,373,20.72222222222222,378.0,98.67724867724868,94,373,373,376,99.20212765957449,99.20212765957449,7500.0,45000.0,882
3020,F13,GOOD,16793,24115,7,69.63715529753266,518,20.72,525.0,98.66666666666669,94,523,518,524,99.80916030534353,98.85496183206108,5000.0,35000.0,467
3021,F43,GOOD,21755,46085,7,47.206249321905176,373,20.72222222222222,378.0,98.67724867724868,94,373,373,376,99.20212765957449,99.20212765957449,7500.0,52500.0,1029
3022,F13,GOOD,18174,26653,8,68.18744606610888,518,20.72,525.0,98.66666666666669,94,523,518,524,99.80916030534353,98.85496183206108,5000.0,40000.0,533
3023,F43,GOOD,21076,50472,8,41.757806308448245,373,20.72222222222222,378.0,98.67724867724868,94,374,373,376,99.46808510638296,99.20212765957449,7500.0,60000.0,1176
3024,F13,GOOD,20628,31767,9,64.93531022759468,518,20.72,525.0,98.66666666666669,94,523,519,524,99.80916030534353,99.04580152671755,5000.0,45000.0,600
3025,F43,GOOD,20621,52398,9,39.35455551738616,373,20.72222222222222,378.0,98.67724867724868,94,374,373,376,99.46808510638296,99.20212765957449,7500.0,67500.0,1324
3026,F13,GOOD,21341,33325,10,64.03900975243812,518,20.72,525.0,98.66666666666669,94,523,521,524,99.80916030534353,99.42748091603052,5000.0,50000.0,667
3027,F43,GOOD,19922,54427,10,36.60315652157936,373,20.72222222222222,378.0,98.67724867724868,94,374,373,376,99.46808510638296,99.20212765957449,7500.0,75000.0,1471
3028,F13,GOOD,21933,34664,11,63.27313639510732,518,20.72,525.0,98.66666666666669,94,523,521,524,99.80916030534353,99.42748091603052,5000.0,55000.0,733
3029,F43,GOOD,18949,56712,11,33.41268161941036,373,20.72222222222222,378.0,98.67724867724868,94,374,373,376,99.46808510638296,99.20212765957449,7500.0,82500.0,1618
3030,F13,GOOD,23705,39261,12,60.377983240365765,518,20.72,525.0,98.66666666666669,94,524,521,524,100.0,99.42748091603052,5000.0,60000.0,800
3031,F43,GOOD,18320,57979,12,31.597647424067333,373,20.72222222222222,378.0,98.67724867724868,94,374,373,377,99.20424403183024,98.93899204244032,7500.0,90000.0,1765
3032,F13,GOOD,24192,40899,13,59.15059047898482,518,20.72,525.0,98.66666666666669,94,524,522,524,100.0,99.61832061068702,5000.0,65000.0,867
3033,F43,GOOD,17397,59547,13,29.215577610962768,373,20.72222222222222,378.0,98.67724867724868,94,375,373,377,99.46949602122017,98.93899204244032,7500.0,97500.0,1912
3034,F13,GOOD,24908,43001,14,57.92423432013209,518,20.72,525.0,98.66666666666669,94,524,522,524,100.0,99.61832061068702,5000.0,70000.0,933
3035,F43,GOOD,16659,60800,14,27.39967105263158,373,20.72222222222222,378.0,98.67724867724868,94,375,373,377,99.46949602122017,98.93899204244032,7500.0,105000.0,2059
3036,F13,GOOD,24908,43002,15,57.922887307567095,518,20.72,525.0,98.66666666666669,94,524,522,524,100.0,99.61832061068702,5000.0,75000.0,1000
3037,F43,GOOD,16215,61397,15,26.410085183315147,373,20.72222222222222,378.0,98.67724867724868,94,375,373,377,99.46949602122017,98.93899204244032,7500.0,112500.0,2206
3038,F13,GOOD,25521,45010,16,56.70073317040658,518,20.72,525.0,98.66666666666669,94,524,522,524,100.0,99.61832061068702,5000.0,80000.0,1067
3039,F43,GOOD,15924,61828,16,25.75532121368959,373,20.72222222222222,378.0,98.67724867724868,94,375,373,377,99.46949602122017,98.93899204244032,7500.0,120000.0,2353
3040,F13,GOOD,3356,4167,1,80.53755699544037,510,20.4,525.0,97.14285714285714,95,364,168,512,71.09375,32.8125,5000.0,5000.0,67
3041,F43,GOOD,9474,11611,1,81.59503918697787,373,20.72222222222222,378.0,98.67724867724868,95,371,337,373,99.46380697050938,90.3485254691689,7500.0,7500.0,147
3042,F13,GOOD,5855,7501,2,78.0562591654446,517,20.68,525.0,98.47619047619048,95,482,336,522,92.33716475095784,64.36781609195403,5000.0,10000.0,133
3043,F43,GOOD,16346,22996,2,71.08192729170291,373,20.72222222222222,378.0,98.67724867724868,95,373,373,375,99.46666666666668,99.46666666666668,7500.0,15000.0,294
3044,F13,GOOD,8650,11287,3,76.63683884114468,518,20.72,525.0,98.66666666666669,95,511,456,523,97.7055449330784,87.18929254302104,5000.0,15000.0,200
3045,F43,GOOD,19474,30942,3,62.93710813780622,373,20.72222222222222,378.0,98.67724867724868,95,373,373,375,99.46666666666668,99.46666666666668,7500.0,22500.0,441
3046,F13,GOOD,13929,19122,4,72.84279887041104,518,20.72,525.0,98.66666666666669,95,522,509,524,99.61832061068702,97.13740458015268,5000.0,20000.0,267
3047,F43,GOOD,20708,35909,4,57.66799409618758,373,20.72222222222222,378.0,98.67724867724868,95,373,373,376,99.20212765957449,99.20212765957449,7500.0,30000.0,588
3048,F13,GOOD,15969,22435,5,71.17896144417205,518,20.72,525.0,98.66666666666669,95,522,515,524,99.61832061068702,98.2824427480916,5000.0,25000.0,333
3049,F43,GOOD,20899,36629,5,57.05588468153648,373,20.72222222222222,378.0,98.67724867724868,95,373,373,376,99.20212765957449,99.20212765957449,7500.0,37500.0,735
3050,F13,GOOD,17778,25643,6,69.32886167765082,518,20.72,525.0,98.66666666666669,95,522,517,524,99.61832061068702,98.66412213740458,5000.0,30000.0,400
3051,F43,GOOD,21293,38972,6,54.63666221902904,373,20.72222222222222,378.0,98.67724867724868,95,373,373,377,98.93899204244032,98.93899204244032,7500.0,45000.0,882
3052,F13,GOOD,18482,26967,7,68.53561760670449,518,20.72,525.0,98.66666666666669,95,522,517,524,99.61832061068702,98.66412213740458,5000.0,35000.0,467
3053,F43,GOOD,21590,43787,7,49.3068719026195,373,20.72222222222222,378.0,98.67724867724868,95,373,373,377,98.93899204244032,98.93899204244032,7500.0,52500.0,1029
3054,F13,GOOD,18485,26971,8,68.536576322717,518,20.72,525.0,98.66666666666669,95,522,517,524,99.61832061068702,98.66412213740458,5000.0,40000.0,533
3055,F43,GOOD,21383,45959,8,46.52625165908745,373,20.72222222222222,378.0,98.67724867724868,95,373,373,377,98.93899204244032,98.93899204244032,7500.0,60000.0,1176
3056,F13,GOOD,19238,28496,9,67.51122964626614,518,20.72,525.0,98.66666666666669,95,523,517,524,99.80916030534353,98.66412213740458,5000.0,45000.0,600
3057,F43,GOOD,21040,49085,9,42.86441886523378,373,20.72222222222222,378.0,98.67724867724868,95,373,373,377,98.93899204244032,98.93899204244032,7500.0,67500.0,1324
3058,F13,GOOD,20472,31108,10,65.8094380866658,518,20.72,525.0,98.66666666666669,95,523,517,524,99.80916030534353,98.66412213740458,5000.0,50000.0,667
3059,F43,GOOD,20279,52467,10,38.65096155678808,373,20.72222222222222,378.0,98.67724867724868,95,374,373,377,99.20424403183024,98.93899204244032,7500.0,75000.0,1471
3060,F13,GOOD,22963,36950,11,62.14614343707713,518,20.72,525.0,98.66666666666669,95,523,520,524,99.80916030534353,99.23664122137404,5000.0,55000.0,733
3061,F43,GOOD,19820,54013,11,36.69486975357784,373,20.72222222222222,378.0,98.67724867724868,95,374,373,377,99.20424403183024,98.93899204244032,7500.0,82500.0,1618
3062,F13,GOOD,22962,36950,12,62.14343707713126,518,20.72,525.0,98.66666666666669,95,523,520,524,99.80916030534353,99.23664122137404,5000.0,60000.0,800
3063,F43,GOOD,19055,56208,12,33.900868203814404,373,20.72222222222222,378.0,98.67724867724868,95,374,373,377,99.20424403183024,98.93899204244032,7500.0,90000.0,1765
3064,F13,GOOD,22962,36950,13,62.14343707713126,518,20.72,525.0,98.66666666666669,95,523,520,524,99.80916030534353,99.23664122137404,5000.0,65000.0,867
3065,F43,GOOD,18583,57093,13,32.54864869598725,373,20.72222222222222,378.0,98.67724867724868,95,374,373,377,99.20424403183024,98.93899204244032,7500.0,97500.0,1912
3066,F13,GOOD,23624,38769,14,60.93528334494055,518,20.72,525.0,98.66666666666669,95,523,520,524,99.80916030534353,99.23664122137404,5000.0,70000.0,933
3067,F43,GOOD,17332,59432,14,29.162740611118583,373,20.72222222222222,378.0,98.67724867724868,95,374,373,377,99.20424403183024,98.93899204244032,7500.0,105000.0,2059
3068,F13,GOOD,25308,44059,15,57.44115844662838,518,20.72,525.0,98.66666666666669,95,524,522,524,100.0,99.61832061068702,5000.0,75000.0,1000
3069,F43,GOOD,16819,60394,15,27.848792926449644,373,20.72222222222222,378.0,98.67724867724868,95,375,373,377,99.46949602122017,98.93899204244032,7500.0,112500.0,2206
3070,F13,GOOD,25521,45010,16,56.70073317040658,518,20.72,525.0,98.66666666666669,95,524,522,524,100.0,99.61832061068702,5000.0,80000.0,1067
3071,F43,GOOD,15924,61828,16,25.75532121368959,373,20.72222222222222,378.0,98.67724867724868,95,375,373,377,99.46949602122017,98.93899204244032,7500.0,120000.0,2353
3072,F13,GOOD,2984,3670,1,81.30790190735695,506,20.24,525.0,96.38095238095238,96,333,139,508,65.5511811023622,27.36220472440945,5000.0,5000.0,67
3073,F43,GOOD,12757,16466,1,77.47479655046763,373,20.72222222222222,378.0,98.67724867724868,96,373,365,375,99.46666666666668,97.33333333333334,7500.0,7500.0,147
3074,F13,GOOD,6582,8260,2,79.68523002421307,515,20.6,525.0,98.09523809523807,96,488,379,518,94.20849420849422,73.16602316602317,5000.0,10000.0,133
3075,F43,GOOD,13635,17908,2,76.13915568461023,373,20.72222222222222,378.0,98.67724867724868,96,373,370,375,99.46666666666668,98.66666666666669,7500.0,15000.0,294
3076,F13,GOOD,8037,10259,3,78.34096890535139,517,20.68,525.0,98.47619047619048,96,502,426,520,96.53846153846152,81.92307692307692,5000.0,15000.0,200
3077,F43,GOOD,18315,27123,3,67.52571618183829,373,20.72222222222222,378.0,98.67724867724868,96,373,373,375,99.46666666666668,99.46666666666668,7500.0,22500.0,441
3078,F13,GOOD,10585,13889,4,76.21139030887753,517,20.68,525.0,98.47619047619048,96,514,484,522,98.46743295019157,92.72030651340997,5000.0,20000.0,267
3079,F43,GOOD,21098,36433,4,57.909038509044,373,20.72222222222222,378.0,98.67724867724868,96,373,373,375,99.46666666666668,99.46666666666668,7500.0,30000.0,588
3080,F13,GOOD,10587,13891,5,76.21481534806709,517,20.68,525.0,98.47619047619048,96,514,484,522,98.46743295019157,92.72030651340997,5000.0,25000.0,333
3081,F43,GOOD,21689,40925,5,52.996945632254125,373,20.72222222222222,378.0,98.67724867724868,96,373,373,376,99.20212765957449,99.20212765957449,7500.0,37500.0,735
3082,F13,GOOD,11607,15524,6,74.76810100489566,518,20.72,525.0,98.66666666666669,96,517,498,524,98.66412213740458,95.0381679389313,5000.0,30000.0,400
3083,F43,GOOD,21616,45404,6,47.60814025196018,373,20.72222222222222,378.0,98.67724867724868,96,373,373,376,99.20212765957449,99.20212765957449,7500.0,45000.0,882
3084,F13,GOOD,13980,19143,7,73.02930575144961,518,20.72,525.0,98.66666666666669,96,517,510,524,98.66412213740458,97.32824427480917,5000.0,35000.0,467
3085,F43,GOOD,21273,47808,7,44.49673694779116,373,20.72222222222222,378.0,98.67724867724868,96,373,373,376,99.20212765957449,99.20212765957449,7500.0,52500.0,1029
3086,F13,GOOD,17602,25411,8,69.26921411986935,518,20.72,525.0,98.66666666666669,96,520,516,524,99.23664122137404,98.47328244274809,5000.0,40000.0,533
3087,F43,GOOD,20927,50319,8,41.58866432162801,373,20.72222222222222,378.0,98.67724867724868,96,374,373,377,99.20424403183024,98.93899204244032,7500.0,60000.0,1176
3088,F13,GOOD,21679,33822,9,64.0973330968009,518,20.72,525.0,98.66666666666669,96,523,520,524,99.80916030534353,99.23664122137404,5000.0,45000.0,600
3089,F43,GOOD,20369,52346,9,38.91223780231536,373,20.72222222222222,378.0,98.67724867724868,96,374,373,377,99.20424403183024,98.93899204244032,7500.0,67500.0,1324
3090,F13,GOOD,21679,33822,10,64.0973330968009,518,20.72,525.0,98.66666666666669,96,523,520,524,99.80916030534353,99.23664122137404,5000.0,50000.0,667
3091,F43,GOOD,19867,54026,10,36.77303520527154,373,20.72222222222222,378.0,98.67724867724868,96,374,373,377,99.20424403183024,98.93899204244032,7500.0,75000.0,1471
3092,F13,GOOD,22644,36242,11,62.47999558523261,518,20.72,525.0,98.66666666666669,96,523,520,524,99.80916030534353,99.23664122137404,5000.0,55000.0,733
3093,F43,GOOD,19192,55849,11,34.36408888252252,373,20.72222222222222,378.0,98.67724867724868,96,374,373,377,99.20424403183024,98.93899204244032,7500.0,82500.0,1618
3094,F13,GOOD,24011,40090,12,59.892741332003,518,20.72,525.0,98.66666666666669,96,523,521,524,99.80916030534353,99.42748091603052,5000.0,60000.0,800
3095,F43,GOOD,18735,57069,12,32.82868107028334,373,20.72222222222222,378.0,98.67724867724868,96,374,373,377,99.20424403183024,98.93899204244032,7500.0,90000.0,1765
3096,F13,GOOD,24011,40090,13,59.892741332003,518,20.72,525.0,98.66666666666669,96,523,521,524,99.80916030534353,99.42748091603052,5000.0,65000.0,867
3097,F43,GOOD,18159,58118,13,31.245053167693317,373,20.72222222222222,378.0,98.67724867724868,96,374,373,377,99.20424403183024,98.93899204244032,7500.0,97500.0,1912
3098,F13,GOOD,24791,42263,14,58.65887419255613,518,20.72,525.0,98.66666666666669,96,523,522,524,99.80916030534353,99.61832061068702,5000.0,70000.0,933
3099,F43,GOOD,17492,59548,14,29.3746221535568,373,20.72222222222222,378.0,98.67724867724868,96,374,373,377,99.20424403183024,98.93899204244032,7500.0,105000.0,2059
3100,F13,GOOD,25221,43889,15,57.465424138166746,518,20.72,525.0,98.66666666666669,96,524,522,524,100.0,99.61832061068702,5000.0,75000.0,1000
3101,F43,GOOD,16650,60720,15,27.420948616600796,373,20.72222222222222,378.0,98.67724867724868,96,375,373,377,99.46949602122017,98.93899204244032,7500.0,112500.0,2206
3102,F13,GOOD,25521,45010,16,56.70073317040658,518,20.72,525.0,98.66666666666669,96,524,522,524,100.0,99.61832061068702,5000.0,80000.0,1067
3103,F43,GOOD,15924,61828,16,25.75532121368959,373,20.72222222222222,378.0,98.67724867724868,96,375,373,377,99.46949602122017,98.93899204244032,7500.0,120000.0,2353
3104,F13,GOOD,2,2,1,100.0,2,1.0,525.0,0.3809523809523809,97,0,0,2,0.0,0.0,5000.0,5000.0,67
3105,F43,GOOD,9430,11314,1,83.34806434505921,373,20.72222222222222,378.0,98.67724867724868,97,367,337,374,98.1283422459893,90.10695187165776,7500.0,7500.0,147
3106,F13,GOOD,2813,3538,2,79.50819672131148,504,20.16,525.0,96.0,97,331,134,509,65.0294695481336,26.326129666011788,5000.0,10000.0,133
3107,F43,GOOD,16303,22748,2,71.66783893089502,373,20.72222222222222,378.0,98.67724867724868,97,373,372,376,99.20212765957449,98.93617021276596,7500.0,15000.0,294
3108,F13,GOOD,5450,6937,3,78.56422084474556,517,20.68,525.0,98.47619047619048,97,466,322,523,89.10133843212236,61.5678776290631,5000.0,15000.0,200
3109,F43,GOOD,19695,31116,3,63.29541072117239,373,20.72222222222222,378.0,98.67724867724868,97,373,373,376,99.20212765957449,99.20212765957449,7500.0,22500.0,441
3110,F13,GOOD,8430,10897,4,77.36074148848306,517,20.68,525.0,98.47619047619048,97,509,435,523,97.32313575525812,83.17399617590823,5000.0,20000.0,267
3111,F43,GOOD,21263,37774,4,56.29004076878276,373,20.72222222222222,378.0,98.67724867724868,97,373,373,376,99.20212765957449,99.20212765957449,7500.0,30000.0,588
3112,F13,GOOD,10750,14325,5,75.04363001745202,518,20.72,525.0,98.66666666666669,97,517,493,524,98.66412213740458,94.08396946564883,5000.0,25000.0,333
3113,F43,GOOD,21568,41861,5,51.52289720742457,373,20.72222222222222,378.0,98.67724867724868,97,373,373,376,99.20212765957449,99.20212765957449,7500.0,37500.0,735
3114,F13,GOOD,11895,16162,6,73.59856453409232,518,20.72,525.0,98.66666666666669,97,517,502,524,98.66412213740458,95.80152671755724,5000.0,30000.0,400
3115,F43,GOOD,21400,45485,6,47.04847752006156,373,20.72222222222222,378.0,98.67724867724868,97,373,373,376,99.20212765957449,99.20212765957449,7500.0,45000.0,882
3116,F13,GOOD,11897,16165,7,73.59727806990412,518,20.72,525.0,98.66666666666669,97,517,502,524,98.66412213740458,95.80152671755724,5000.0,35000.0,467
3117,F43,GOOD,21242,47693,7,44.53903088503554,373,20.72222222222222,378.0,98.67724867724868,97,373,373,376,99.20212765957449,99.20212765957449,7500.0,52500.0,1029
3118,F13,GOOD,13766,19061,8,72.22076491264886,518,20.72,525.0,98.66666666666669,97,519,510,524,99.04580152671755,97.32824427480917,5000.0,40000.0,533
3119,F43,GOOD,20594,51797,8,39.75905940498484,373,20.72222222222222,378.0,98.67724867724868,97,374,373,376,99.46808510638296,99.20212765957449,7500.0,60000.0,1176
3120,F13,GOOD,15800,22464,9,70.33475783475784,518,20.72,525.0,98.66666666666669,97,521,515,524,99.42748091603052,98.2824427480916,5000.0,45000.0,600
3121,F43,GOOD,20240,52928,9,38.24062877871826,373,20.72222222222222,378.0,98.67724867724868,97,374,373,376,99.46808510638296,99.20212765957449,7500.0,67500.0,1324
3122,F13,GOOD,19286,28800,10,66.96527777777777,518,20.72,525.0,98.66666666666669,97,523,518,524,99.80916030534353,98.85496183206108,5000.0,50000.0,667
3123,F43,GOOD,19554,54852,10,35.64865456136513,373,20.72222222222222,378.0,98.67724867724868,97,375,373,377,99.46949602122017,98.93899204244032,7500.0,75000.0,1471
3124,F13,GOOD,22941,36820,11,62.30581205866377,518,20.72,525.0,98.66666666666669,97,524,521,524,100.0,99.42748091603052,5000.0,55000.0,733
3125,F43,GOOD,18994,56448,11,33.64866780045352,373,20.72222222222222,378.0,98.67724867724868,97,375,373,377,99.46949602122017,98.93899204244032,7500.0,82500.0,1618
3126,F13,GOOD,23349,37891,12,61.62149323058246,518,20.72,525.0,98.66666666666669,97,524,521,524,100.0,99.42748091603052,5000.0,60000.0,800
3127,F43,GOOD,17999,58389,12,30.8260117487883,373,20.72222222222222,378.0,98.67724867724868,97,375,373,377,99.46949602122017,98.93899204244032,7500.0,90000.0,1765
3128,F13,GOOD,24214,40245,13,60.16648030811281,518,20.72,525.0,98.66666666666669,97,524,521,524,100.0,99.42748091603052,5000.0,65000.0,867
3129,F43,GOOD,17862,58610,13,30.47602798157311,373,20.72222222222222,378.0,98.67724867724868,97,375,373,377,99.46949602122017,98.93899204244032,7500.0,97500.0,1912
3130,F13,GOOD,24557,41537,14,59.12078387943279,518,20.72,525.0,98.66666666666669,97,524,521,524,100.0,99.42748091603052,5000.0,70000.0,933
3131,F43,GOOD,16927,60315,14,28.06432893973307,373,20.72222222222222,378.0,98.67724867724868,97,375,373,377,99.46949602122017,98.93899204244032,7500.0,105000.0,2059
3132,F13,GOOD,25521,45010,15,56.70073317040658,518,20.72,525.0,98.66666666666669,97,524,522,524,100.0,99.61832061068702,5000.0,75000.0,1000
3133,F43,GOOD,16429,61162,15,26.86144991988489,373,20.72222222222222,378.0,98.67724867724868,97,375,373,377,99.46949602122017,98.93899204244032,7500.0,112500.0,2206
3134,F13,GOOD,25521,45010,16,56.70073317040658,518,20.72,525.0,98.66666666666669,97,524,522,524,100.0,99.61832061068702,5000.0,80000.0,1067
3135,F43,GOOD,15924,61828,16,25.75532121368959,373,20.72222222222222,378.0,98.67724867724868,97,375,373,377,99.46949602122017,98.93899204244032,7500.0,120000.0,2353
3136,F13,GOOD,3937,4836,1,81.41025641025641,514,20.56,525.0,97.90476190476193,98,398,200,517,76.9825918762089,38.684719535783366,5000.0,5000.0,67
3137,F43,GOOD,7877,9143,1,86.15334135404134,373,20.72222222222222,378.0,98.67724867724868,98,361,312,374,96.524064171123,83.42245989304813,7500.0,7500.0,147
3138,F13,GOOD,6848,8724,2,78.49610270518112,518,20.72,525.0,98.66666666666669,98,489,386,521,93.85796545105566,74.08829174664108,5000.0,10000.0,133
3139,F43,GOOD,14244,18806,2,75.74178453684995,373,20.72222222222222,378.0,98.67724867724868,98,373,371,374,99.73262032085562,99.19786096256684,7500.0,15000.0,294
3140,F13,GOOD,9481,12423,3,76.31811961683972,518,20.72,525.0,98.66666666666669,98,514,463,523,98.2791586998088,88.52772466539197,5000.0,15000.0,200
3141,F43,GOOD,19339,29969,3,64.53001434815977,373,20.72222222222222,378.0,98.67724867724868,98,373,373,375,99.46666666666668,99.46666666666668,7500.0,22500.0,441
3142,F13,GOOD,14289,19749,4,72.35303053319156,518,20.72,525.0,98.66666666666669,98,520,510,524,99.23664122137404,97.32824427480917,5000.0,20000.0,267
3143,F43,GOOD,20784,35123,4,59.17489963841358,373,20.72222222222222,378.0,98.67724867724868,98,373,373,376,99.20212765957449,99.20212765957449,7500.0,30000.0,588
3144,F13,GOOD,15409,21624,5,71.25878653348133,518,20.72,525.0,98.66666666666669,98,520,513,524,99.23664122137404,97.90076335877863,5000.0,25000.0,333
3145,F43,GOOD,21619,39999,5,54.048851221280536,373,20.72222222222222,378.0,98.67724867724868,98,373,373,376,99.20212765957449,99.20212765957449,7500.0,37500.0,735
3146,F13,GOOD,15410,21627,6,71.25352568548573,518,20.72,525.0,98.66666666666669,98,520,513,524,99.23664122137404,97.90076335877863,5000.0,30000.0,400
3147,F43,GOOD,21757,44478,6,48.91631817977427,373,20.72222222222222,378.0,98.67724867724868,98,373,373,376,99.20212765957449,99.20212765957449,7500.0,45000.0,882
3148,F13,GOOD,16763,24019,7,69.79058245555602,518,20.72,525.0,98.66666666666669,98,522,514,524,99.61832061068702,98.09160305343512,5000.0,35000.0,467
3149,F43,GOOD,21154,49231,7,42.96886108346367,373,20.72222222222222,378.0,98.67724867724868,98,374,373,377,99.20424403183024,98.93899204244032,7500.0,52500.0,1029
3150,F13,GOOD,17439,25403,8,68.64937212140299,518,20.72,525.0,98.66666666666669,98,522,515,524,99.61832061068702,98.2824427480916,5000.0,40000.0,533
3151,F43,GOOD,20426,52270,8,39.077864932083415,373,20.72222222222222,378.0,98.67724867724868,98,374,373,377,99.20424403183024,98.93899204244032,7500.0,60000.0,1176
3152,F13,GOOD,21631,33869,9,63.86666272993003,518,20.72,525.0,98.66666666666669,98,523,521,524,99.80916030534353,99.42748091603052,5000.0,45000.0,600
3153,F43,GOOD,19954,54027,9,36.93338515927221,373,20.72222222222222,378.0,98.67724867724868,98,374,373,377,99.20424403183024,98.93899204244032,7500.0,67500.0,1324
3154,F13,GOOD,22741,36420,10,62.44096650192203,518,20.72,525.0,98.66666666666669,98,523,521,524,99.80916030534353,99.42748091603052,5000.0,50000.0,667
3155,F43,GOOD,19883,54358,10,36.57787262224512,373,20.72222222222222,378.0,98.67724867724868,98,374,373,377,99.20424403183024,98.93899204244032,7500.0,75000.0,1471
3156,F13,GOOD,24074,40254,11,59.80523674665872,518,20.72,525.0,98.66666666666669,98,524,521,524,100.0,99.42748091603052,5000.0,55000.0,733
3157,F43,GOOD,19459,55706,11,34.931605213082975,373,20.72222222222222,378.0,98.67724867724868,98,374,373,377,99.20424403183024,98.93899204244032,7500.0,82500.0,1618
3158,F13,GOOD,24828,42402,12,58.5538417999151,518,20.72,525.0,98.66666666666669,98,524,522,524,100.0,99.61832061068702,5000.0,60000.0,800
3159,F43,GOOD,18715,57372,12,32.62044202746985,373,20.72222222222222,378.0,98.67724867724868,98,374,373,377,99.20424403183024,98.93899204244032,7500.0,90000.0,1765
3160,F13,GOOD,25261,44089,13,57.29547052552791,518,20.72,525.0,98.66666666666669,98,524,522,524,100.0,99.61832061068702,5000.0,65000.0,867
3161,F43,GOOD,17876,58935,13,30.3317213879698,373,20.72222222222222,378.0,98.67724867724868,98,375,373,377,99.46949602122017,98.93899204244032,7500.0,97500.0,1912
3162,F13,GOOD,25521,45010,14,56.70073317040658,518,20.72,525.0,98.66666666666669,98,524,522,524,100.0,99.61832061068702,5000.0,70000.0,933
3163,F43,GOOD,16896,60557,14,27.90098584804399,373,20.72222222222222,378.0,98.67724867724868,98,375,373,377,99.46949602122017,98.93899204244032,7500.0,105000.0,2059
3164,F13,GOOD,25521,45010,15,56.70073317040658,518,20.72,525.0,98.66666666666669,98,524,522,524,100.0,99.61832061068702,5000.0,75000.0,1000
3165,F43,GOOD,16429,61162,15,26.86144991988489,373,20.72222222222222,378.0,98.67724867724868,98,375,373,377,99.46949602122017,98.93899204244032,7500.0,112500.0,2206
3166,F13,GOOD,25521,45010,16,56.70073317040658,518,20.72,525.0,98.66666666666669,98,524,522,524,100.0,99.61832061068702,5000.0,80000.0,1067
3167,F43,GOOD,15924,61828,16,25.75532121368959,373,20.72222222222222,378.0,98.67724867724868,98,375,373,377,99.46949602122017,98.93899204244032,7500.0,120000.0,2353
3168,F13,GOOD,1848,2246,1,82.27960819234195,482,19.28,525.0,91.8095238095238,99,180,39,486,37.03703703703704,8.024691358024691,5000.0,5000.0,67
3169,F43,GOOD,10906,13435,1,81.17603275027912,373,20.72222222222222,378.0,98.67724867724868,99,370,351,373,99.19571045576409,94.1018766756032,7500.0,7500.0,147
3170,F13,GOOD,10526,13969,2,75.35256639702197,518,20.72,525.0,98.66666666666669,99,516,494,523,98.66156787762908,94.45506692160612,5000.0,10000.0,133
3171,F43,GOOD,15751,21561,2,73.05319790362228,373,20.72222222222222,378.0,98.67724867724868,99,373,371,374,99.73262032085562,99.19786096256684,7500.0,15000.0,294
3172,F13,GOOD,10528,13971,3,75.35609476773317,518,20.72,525.0,98.66666666666669,99,516,494,523,98.66156787762908,94.45506692160612,5000.0,15000.0,200
3173,F43,GOOD,18932,28611,3,66.17035405962741,373,20.72222222222222,378.0,98.67724867724868,99,373,373,375,99.46666666666668,99.46666666666668,7500.0,22500.0,441
3174,F13,GOOD,12824,17441,4,73.52789404277277,518,20.72,525.0,98.66666666666669,99,519,511,524,99.04580152671755,97.51908396946564,5000.0,20000.0,267
3175,F43,GOOD,21188,36996,4,57.2710563304141,373,20.72222222222222,378.0,98.67724867724868,99,373,373,376,99.20212765957449,99.20212765957449,7500.0,30000.0,588
3176,F13,GOOD,14635,20321,5,72.01909354854584,518,20.72,525.0,98.66666666666669,99,520,514,524,99.23664122137404,98.09160305343512,5000.0,25000.0,333
3177,F43,GOOD,21739,43478,5,50.0,373,20.72222222222222,378.0,98.67724867724868,99,373,373,376,99.20212765957449,99.20212765957449,7500.0,37500.0,735
3178,F13,GOOD,16743,23891,6,70.08078355866226,518,20.72,525.0,98.66666666666669,99,521,516,524,99.42748091603052,98.47328244274809,5000.0,30000.0,400
3179,F43,GOOD,21752,44118,6,49.304138900222135,373,20.72222222222222,378.0,98.67724867724868,99,373,373,376,99.20212765957449,99.20212765957449,7500.0,45000.0,882
3180,F13,GOOD,19995,30035,7,66.57233227900782,518,20.72,525.0,98.66666666666669,99,523,518,524,99.80916030534353,98.85496183206108,5000.0,35000.0,467
3181,F43,GOOD,21520,47047,7,45.74149255000319,373,20.72222222222222,378.0,98.67724867724868,99,373,373,377,98.93899204244032,98.93899204244032,7500.0,52500.0,1029
3182,F13,GOOD,20509,31296,8,65.532336400818,518,20.72,525.0,98.66666666666669,99,523,520,524,99.80916030534353,99.23664122137404,5000.0,40000.0,533
3183,F43,GOOD,20944,50489,8,41.48230307591753,373,20.72222222222222,378.0,98.67724867724868,99,374,373,377,99.20424403183024,98.93899204244032,7500.0,60000.0,1176
3184,F13,GOOD,21748,33931,9,64.09478058412661,518,20.72,525.0,98.66666666666669,99,523,520,524,99.80916030534353,99.23664122137404,5000.0,45000.0,600
3185,F43,GOOD,20365,52949,9,38.46153846153847,373,20.72222222222222,378.0,98.67724867724868,99,374,373,377,99.20424403183024,98.93899204244032,7500.0,67500.0,1324
3186,F13,GOOD,23262,37944,10,61.30613535736875,518,20.72,525.0,98.66666666666669,99,523,521,524,99.80916030534353,99.42748091603052,5000.0,50000.0,667
3187,F43,GOOD,19919,54414,10,36.60638806189584,373,20.72222222222222,378.0,98.67724867724868,99,374,373,377,99.20424403183024,98.93899204244032,7500.0,75000.0,1471
3188,F13,GOOD,24127,40193,11,60.02786554872739,518,20.72,525.0,98.66666666666669,99,523,521,524,99.80916030534353,99.42748091603052,5000.0,55000.0,733
3189,F43,GOOD,19274,55893,11,34.48374572844543,373,20.72222222222222,378.0,98.67724867724868,99,374,373,377,99.20424403183024,98.93899204244032,7500.0,82500.0,1618
3190,F13,GOOD,24127,40193,12,60.02786554872739,518,20.72,525.0,98.66666666666669,99,523,521,524,99.80916030534353,99.42748091603052,5000.0,60000.0,800
3191,F43,GOOD,18719,57131,12,32.765048747615126,373,20.72222222222222,378.0,98.67724867724868,99,374,373,377,99.20424403183024,98.93899204244032,7500.0,90000.0,1765
3192,F13,GOOD,24700,41804,13,59.08525499952157,518,20.72,525.0,98.66666666666669,99,524,521,524,100.0,99.42748091603052,5000.0,65000.0,867
3193,F43,GOOD,17918,58790,13,30.47797244429325,373,20.72222222222222,378.0,98.67724867724868,99,374,373,377,99.20424403183024,98.93899204244032,7500.0,97500.0,1912
3194,F13,GOOD,25177,43521,14,57.85023322074401,518,20.72,525.0,98.66666666666669,99,524,522,524,100.0,99.61832061068702,5000.0,70000.0,933
3195,F43,GOOD,17186,59935,14,28.674397263702343,373,20.72222222222222,378.0,98.67724867724868,99,374,373,377,99.20424403183024,98.93899204244032,7500.0,105000.0,2059
3196,F13,GOOD,25521,45010,15,56.70073317040658,518,20.72,525.0,98.66666666666669,99,524,522,524,100.0,99.61832061068702,5000.0,75000.0,1000
3197,F43,GOOD,16373,61066,15,26.811973929846395,373,20.72222222222222,378.0,98.67724867724868,99,375,373,377,99.46949602122017,98.93899204244032,7500.0,112500.0,2206
3198,F13,GOOD,25521,45010,16,56.70073317040658,518,20.72,525.0,98.66666666666669,99,524,522,524,100.0,99.61832061068702,5000.0,80000.0,1067
3199,F43,GOOD,15924,61828,16,25.75532121368959,373,20.72222222222222,378.0,98.67724867724868,99,375,373,377,99.46949602122017,98.93899204244032,7500.0,120000.0,2353
