,iter,barcode_tot,n_barcodes,correlation,n_variants
0,0,5,1,0.9189661002901222,40
1,1,5,1,0.9262854245978313,40
2,2,5,1,0.9073414112739155,40
3,3,5,1,0.9029050422972812,40
4,4,5,1,0.8609884851076293,40
5,5,5,1,0.9024095987758716,40
6,6,5,1,0.9218797328080152,40
7,7,5,1,0.8820715657212006,40
8,8,5,1,0.9282350182876568,40
9,9,5,1,0.8766813657267647,40
10,10,5,1,0.8659605249430339,40
11,11,5,1,0.829295254012624,40
12,12,5,1,0.951945767044754,40
13,13,5,1,0.9064492046322243,40
14,14,5,1,0.9142368611653076,40
15,15,5,1,0.9493753521966047,40
16,16,5,1,0.8811282693762619,40
17,17,5,1,0.9381166087381574,40
18,18,5,1,0.8471500670812404,40
19,19,5,1,0.945816646112545,40
20,20,5,1,0.924733966105329,40
21,21,5,1,0.9070560022132944,40
22,22,5,1,0.9047446484084934,40
23,23,5,1,0.8352492818597589,40
24,24,5,1,0.951997018800227,40
25,25,5,1,0.8986338981752783,40
26,26,5,1,0.9119852015185487,40
27,27,5,1,0.8847637043672267,40
28,28,5,1,0.9351520023651814,40
29,29,5,1,0.870873346819185,40
30,30,5,1,0.9382945725108783,40
31,31,5,1,0.829650190716914,40
32,32,5,1,0.9412525885280403,40
33,33,5,1,0.9162545654303886,40
34,34,5,1,0.872690733156976,40
35,35,5,1,0.8828198047121535,40
36,36,5,1,0.8959758127867457,40
37,37,5,1,0.8786404439923404,40
38,38,5,1,0.8773741832931674,40
39,39,5,1,0.8133512768932446,40
40,40,5,1,0.9268861244081698,40
41,41,5,1,0.8870669954253504,40
42,42,5,1,0.8611173548986842,40
43,43,5,1,0.8854269824618441,40
44,44,5,1,0.8301188787234335,40
45,45,5,1,0.7578085978911123,40
46,46,5,1,0.8724804433369865,40
47,47,5,1,0.8879562161512538,40
48,48,5,1,0.91221627100062,40
49,49,5,1,0.917861580138635,40
50,50,5,1,0.8929960144843325,40
51,51,5,1,0.9303018364890688,40
52,52,5,1,0.89573913497175,40
53,53,5,1,0.8661152845837192,40
54,54,5,1,0.9411070873173213,40
55,55,5,1,0.7457081583729377,40
56,56,5,1,0.8644923377812004,40
57,57,5,1,0.9418808976564106,40
58,58,5,1,0.8277681800132681,40
59,59,5,1,0.8735098155811902,40
60,60,5,1,0.884870448941035,40
61,61,5,1,0.8166937173234812,40
62,62,5,1,0.9021851180063454,40
63,63,5,1,0.8978482018504786,40
64,64,5,1,0.936942692618152,40
65,65,5,1,0.9144994541276403,40
66,66,5,1,0.9382614987392726,40
67,67,5,1,0.9186638951006945,40
68,68,5,1,0.7412036089673673,40
69,69,5,1,0.8777508575147729,40
70,70,5,1,0.891953455512119,40
71,71,5,1,0.903068456058989,40
72,72,5,1,0.8602129076571412,40
73,73,5,1,0.9182962594078689,40
74,74,5,1,0.8540821735106562,40
75,75,5,1,0.8655061962066812,40
76,76,5,1,0.8054562596623492,40
77,77,5,1,0.9022471176232058,40
78,78,5,1,0.9128605140812834,40
79,79,5,1,0.9037170400369614,40
80,80,5,1,0.877916260301358,40
81,81,5,1,0.8654662646464832,40
82,82,5,1,0.9387898620379316,40
83,83,5,1,0.7763277356521034,40
84,84,5,1,0.9280648307350333,40
85,85,5,1,0.8176140143176022,40
86,86,5,1,0.8589058203323745,40
87,87,5,1,0.8480973633768569,40
88,88,5,1,0.811142332091491,40
89,89,5,1,0.8223790475425938,40
90,90,5,1,0.9203006368866085,40
91,91,5,1,0.8296317131807152,40
92,92,5,1,0.9204095572170308,40
93,93,5,1,0.9084915762052286,40
94,94,5,1,0.8976025710128515,40
95,95,5,1,0.8671148134843023,40
96,96,5,1,0.8944788008492786,40
97,97,5,1,0.9090776651740642,40
98,98,5,1,0.9081020993618776,40
99,99,5,1,0.9172574412465642,40
100,0,5,2,0.9431589038016243,40
101,1,5,2,0.9496625545037877,40
102,2,5,2,0.919509022075319,40
103,3,5,2,0.9119296850666417,40
104,4,5,2,0.941890207360903,40
105,5,5,2,0.9115424710380997,40
106,6,5,2,0.9497417221089864,40
107,7,5,2,0.9030124621616912,40
108,8,5,2,0.9438524117561282,40
109,9,5,2,0.9173961910149749,40
110,10,5,2,0.932414442823541,40
111,11,5,2,0.918417271156865,40
112,12,5,2,0.9304756562926272,40
113,13,5,2,0.9113981502597477,40
114,14,5,2,0.9503337590778371,40
115,15,5,2,0.9390010869742379,40
116,16,5,2,0.9305501560227358,40
117,17,5,2,0.9304261092226289,40
118,18,5,2,0.9458307581006452,40
119,19,5,2,0.9342548383033741,40
120,20,5,2,0.9494536735922855,40
121,21,5,2,0.9230147024427338,40
122,22,5,2,0.9215230445426158,40
123,23,5,2,0.924075334460109,40
124,24,5,2,0.9256255828922272,40
125,25,5,2,0.8990648183389027,40
126,26,5,2,0.9186590599690331,40
127,27,5,2,0.9378967107333067,40
128,28,5,2,0.9328613636295379,40
129,29,5,2,0.9224922547677367,40
130,30,5,2,0.9002530476310268,40
131,31,5,2,0.9170220405376672,40
132,32,5,2,0.9351180131436173,40
133,33,5,2,0.9373652976162804,40
134,34,5,2,0.9074623100023907,40
135,35,5,2,0.8980657167837632,40
136,36,5,2,0.9197739352831619,40
137,37,5,2,0.946606239782838,40
138,38,5,2,0.9143688925871328,40
139,39,5,2,0.9232172391016027,40
140,40,5,2,0.93617540664792,40
141,41,5,2,0.9326637233694269,40
142,42,5,2,0.9172299112019149,40
143,43,5,2,0.9245486821976143,40
144,44,5,2,0.9169848335555024,40
145,45,5,2,0.9528148106991081,40
146,46,5,2,0.9336410309750772,40
147,47,5,2,0.9098709210418493,40
148,48,5,2,0.905004879080668,40
149,49,5,2,0.9347175464590154,40
150,50,5,2,0.88775205910094,40
151,51,5,2,0.9294245217385458,40
152,52,5,2,0.901748661400939,40
153,53,5,2,0.9272681380969329,40
154,54,5,2,0.9563014804550478,40
155,55,5,2,0.8888353430906387,40
156,56,5,2,0.9069159998428978,40
157,57,5,2,0.9554666173747955,40
158,58,5,2,0.9105907884419749,40
159,59,5,2,0.9151101533860643,40
160,60,5,2,0.9346253786180924,40
161,61,5,2,0.9277762639238305,40
162,62,5,2,0.9429084938586215,40
163,63,5,2,0.9241384251537111,40
164,64,5,2,0.8941125257405773,40
165,65,5,2,0.9125090917218506,40
166,66,5,2,0.9469768940378567,40
167,67,5,2,0.9230881402749964,40
168,68,5,2,0.9275204599383464,40
169,69,5,2,0.9015458327287974,40
170,70,5,2,0.9472660186790192,40
171,71,5,2,0.9521554375295562,40
172,72,5,2,0.9154006120256213,40
173,73,5,2,0.9091563183074569,40
174,74,5,2,0.9157731626003676,40
175,75,5,2,0.9083367459135899,40
176,76,5,2,0.9134142042992477,40
177,77,5,2,0.9379369354971427,40
178,78,5,2,0.9026142614025046,40
179,79,5,2,0.930375205758423,40
180,80,5,2,0.9364570597809774,40
181,81,5,2,0.9350753750000449,40
182,82,5,2,0.9229857496451819,40
183,83,5,2,0.9003278915070039,40
184,84,5,2,0.9175718484248757,40
185,85,5,2,0.9212900909397581,40
186,86,5,2,0.9223889582602706,40
187,87,5,2,0.9172713251364403,40
188,88,5,2,0.9232820854570294,40
189,89,5,2,0.9471381437710589,40
190,90,5,2,0.9105555733970455,40
191,91,5,2,0.9113734691459675,40
192,92,5,2,0.9441455472314432,40
193,93,5,2,0.9241967496793755,40
194,94,5,2,0.9071426923971292,40
195,95,5,2,0.9111186514921112,40
196,96,5,2,0.9327937217779761,40
197,97,5,2,0.916371379337439,40
198,98,5,2,0.9181670696073686,40
199,99,5,2,0.9369103197139029,40
200,0,5,3,0.9538752124022942,40
201,1,5,3,0.9379598492525443,40
202,2,5,3,0.9535497596108096,40
203,3,5,3,0.9188882565953098,40
204,4,5,3,0.9550481390258522,40
205,5,5,3,0.9528381787594292,40
206,6,5,3,0.9330088385975346,40
207,7,5,3,0.9487840728716996,40
208,8,5,3,0.9144238835918872,40
209,9,5,3,0.9292012965553971,40
210,10,5,3,0.9550609259020416,40
211,11,5,3,0.9179563905312675,40
212,12,5,3,0.9572993084676427,40
213,13,5,3,0.9158470470253622,40
214,14,5,3,0.9476276774494645,40
215,15,5,3,0.9479830582197983,40
216,16,5,3,0.9319067898951862,40
217,17,5,3,0.9257174671588114,40
218,18,5,3,0.9368595606004061,40
219,19,5,3,0.9593251695017111,40
220,20,5,3,0.9413936437517747,40
221,21,5,3,0.9356100194032527,40
222,22,5,3,0.9247326692919843,40
223,23,5,3,0.9330238998727026,40
224,24,5,3,0.9322929447593458,40
225,25,5,3,0.9518922300026695,40
226,26,5,3,0.9382547323330244,40
227,27,5,3,0.9493080559440233,40
228,28,5,3,0.9417028739679012,40
229,29,5,3,0.959100307666893,40
230,30,5,3,0.9339790654531717,40
231,31,5,3,0.9160609847129315,40
232,32,5,3,0.9384584308970473,40
233,33,5,3,0.9599015854168566,40
234,34,5,3,0.9441887367553546,40
235,35,5,3,0.93411996513893,40
236,36,5,3,0.9331431574295317,40
237,37,5,3,0.9620553433987683,40
238,38,5,3,0.9256210987232112,40
239,39,5,3,0.9540612641572154,40
240,40,5,3,0.9544910242749989,40
241,41,5,3,0.9240771819245257,40
242,42,5,3,0.9466103414761231,40
243,43,5,3,0.961036626012445,40
244,44,5,3,0.9246542732935075,40
245,45,5,3,0.9398945470851907,40
246,46,5,3,0.9323482152242721,40
247,47,5,3,0.9428225372080714,40
248,48,5,3,0.9579426884822939,40
249,49,5,3,0.9436701282591282,40
250,50,5,3,0.9341559454715967,40
251,51,5,3,0.9577554748111077,40
252,52,5,3,0.9230332000652277,40
253,53,5,3,0.9504925585044383,40
254,54,5,3,0.9636042792616326,40
255,55,5,3,0.9336246595121959,40
256,56,5,3,0.9309918677054688,40
257,57,5,3,0.939631217309807,40
258,58,5,3,0.9264975713672587,40
259,59,5,3,0.9248037777192066,40
260,60,5,3,0.9551543038106947,40
261,61,5,3,0.9657824620443445,40
262,62,5,3,0.9432772346122469,40
263,63,5,3,0.9218847331815143,40
264,64,5,3,0.9391166470652255,40
265,65,5,3,0.9384328002714099,40
266,66,5,3,0.9668590116888779,40
267,67,5,3,0.9508788894398507,40
268,68,5,3,0.9643579853050257,40
269,69,5,3,0.9526001875390683,40
270,70,5,3,0.9453488035507491,40
271,71,5,3,0.9200289913410571,40
272,72,5,3,0.942158811367651,40
273,73,5,3,0.9513193388996485,40
274,74,5,3,0.9421336521150814,40
275,75,5,3,0.9272973928792714,40
276,76,5,3,0.949541355993302,40
277,77,5,3,0.9270715314892017,40
278,78,5,3,0.9527829743421526,40
279,79,5,3,0.9416952790842589,40
280,80,5,3,0.9625077091790425,40
281,81,5,3,0.9377009245628031,40
282,82,5,3,0.9211458968491116,40
283,83,5,3,0.9207188597787965,40
284,84,5,3,0.9358469582687925,40
285,85,5,3,0.9544193209529767,40
286,86,5,3,0.942547400845209,40
287,87,5,3,0.9373427971679816,40
288,88,5,3,0.9518050529086286,40
289,89,5,3,0.9542877739290269,40
290,90,5,3,0.9515437767178396,40
291,91,5,3,0.9244544222721456,40
292,92,5,3,0.9348013750920158,40
293,93,5,3,0.9206924945737425,40
294,94,5,3,0.9543009536173558,40
295,95,5,3,0.9171461312292543,40
296,96,5,3,0.9302129047572527,40
297,97,5,3,0.9304323262104097,40
298,98,5,3,0.9506637466234417,40
299,99,5,3,0.9476239156546896,40
300,0,5,4,0.9393713254065577,40
301,1,5,4,0.9518389603897726,40
302,2,5,4,0.9369197712390852,40
303,3,5,4,0.9654691407536506,40
304,4,5,4,0.9446013568757784,40
305,5,5,4,0.9319289109949694,40
306,6,5,4,0.9594108600127691,40
307,7,5,4,0.9509892285090001,40
308,8,5,4,0.9488663195853974,40
309,9,5,4,0.9377932001746148,40
310,10,5,4,0.9574693963576363,40
311,11,5,4,0.945959096882027,40
312,12,5,4,0.9610649678071227,40
313,13,5,4,0.9500867043829215,40
314,14,5,4,0.9580147861914279,40
315,15,5,4,0.9336372201395481,40
316,16,5,4,0.9462797339728748,40
317,17,5,4,0.9561433151889783,40
318,18,5,4,0.964932494256101,40
319,19,5,4,0.9356856590317864,40
320,20,5,4,0.9486550853652976,40
321,21,5,4,0.9345607756060327,40
322,22,5,4,0.9390613335436099,40
323,23,5,4,0.960023553245032,40
324,24,5,4,0.9391035489701877,40
325,25,5,4,0.9385591585333,40
326,26,5,4,0.9460238200437526,40
327,27,5,4,0.9367460617645466,40
328,28,5,4,0.9524568683007356,40
329,29,5,4,0.9509173405674667,40
330,30,5,4,0.9573777038841085,40
331,31,5,4,0.9474282852017314,40
332,32,5,4,0.9622963142355995,40
333,33,5,4,0.9489900064626352,40
334,34,5,4,0.9393937145814141,40
335,35,5,4,0.9560402086908697,40
336,36,5,4,0.9539692817996372,40
337,37,5,4,0.9527245815504575,40
338,38,5,4,0.9428888540811118,40
339,39,5,4,0.9422312484322618,40
340,40,5,4,0.9444984675319618,40
341,41,5,4,0.9430062654751687,40
342,42,5,4,0.9415460559816662,40
343,43,5,4,0.9352259918068355,40
344,44,5,4,0.9407410576603047,40
345,45,5,4,0.955127057935348,40
346,46,5,4,0.9538938188710837,40
347,47,5,4,0.9546514022749027,40
348,48,5,4,0.9590026723405035,40
349,49,5,4,0.9557546921533092,40
350,50,5,4,0.9570075986391463,40
351,51,5,4,0.9345319939974268,40
352,52,5,4,0.9512181178530299,40
353,53,5,4,0.9574394274473746,40
354,54,5,4,0.9466172954755072,40
355,55,5,4,0.947567513817078,40
356,56,5,4,0.9531788475515774,40
357,57,5,4,0.9431239057357793,40
358,58,5,4,0.9395040099096104,40
359,59,5,4,0.9434446086189465,40
360,60,5,4,0.9485932316023481,40
361,61,5,4,0.940299316655308,40
362,62,5,4,0.9514605977787528,40
363,63,5,4,0.9440715382306915,40
364,64,5,4,0.9370950000863277,40
365,65,5,4,0.9612053898202321,40
366,66,5,4,0.9482527976256105,40
367,67,5,4,0.9504032688666404,40
368,68,5,4,0.9540073661162561,40
369,69,5,4,0.9355119888433717,40
370,70,5,4,0.9524378320224001,40
371,71,5,4,0.9472602128753272,40
372,72,5,4,0.9564440809906001,40
373,73,5,4,0.9474787380769758,40
374,74,5,4,0.947986988620622,40
375,75,5,4,0.9473234750523704,40
376,76,5,4,0.9397914644417654,40
377,77,5,4,0.9452437890950913,40
378,78,5,4,0.9511360867250207,40
379,79,5,4,0.9432310005047784,40
380,80,5,4,0.9482175756906942,40
381,81,5,4,0.9554862158126743,40
382,82,5,4,0.9472480461642118,40
383,83,5,4,0.9534305705360203,40
384,84,5,4,0.9543684715452792,40
385,85,5,4,0.9537298784581587,40
386,86,5,4,0.9357787586612277,40
387,87,5,4,0.9462062782889125,40
388,88,5,4,0.9559059414600898,40
389,89,5,4,0.9440015427312188,40
390,90,5,4,0.9527047028277735,40
391,91,5,4,0.953468606722314,40
392,92,5,4,0.9618470613477519,40
393,93,5,4,0.9440583667006339,40
394,94,5,4,0.9440512049339691,40
395,95,5,4,0.9362927868540017,40
396,96,5,4,0.9367699682883689,40
397,97,5,4,0.936889280279692,40
398,98,5,4,0.9588888487305199,40
399,99,5,4,0.9615082768846129,40
400,0,5,5,0.9488297600664829,40
401,1,5,5,0.9488297600664829,40
402,2,5,5,0.9488297600664829,40
403,3,5,5,0.9488297600664829,40
404,4,5,5,0.9488297600664829,40
405,5,5,5,0.9488297600664829,40
406,6,5,5,0.9488297600664829,40
407,7,5,5,0.9488297600664829,40
408,8,5,5,0.9488297600664829,40
409,9,5,5,0.9488297600664829,40
410,10,5,5,0.9488297600664829,40
411,11,5,5,0.9488297600664829,40
412,12,5,5,0.9488297600664829,40
413,13,5,5,0.9488297600664829,40
414,14,5,5,0.9488297600664829,40
415,15,5,5,0.9488297600664829,40
416,16,5,5,0.9488297600664829,40
417,17,5,5,0.9488297600664829,40
418,18,5,5,0.9488297600664829,40
419,19,5,5,0.9488297600664829,40
420,20,5,5,0.9488297600664829,40
421,21,5,5,0.9488297600664829,40
422,22,5,5,0.9488297600664829,40
423,23,5,5,0.9488297600664829,40
424,24,5,5,0.9488297600664829,40
425,25,5,5,0.9488297600664829,40
426,26,5,5,0.9488297600664829,40
427,27,5,5,0.9488297600664829,40
428,28,5,5,0.9488297600664829,40
429,29,5,5,0.9488297600664829,40
430,30,5,5,0.9488297600664829,40
431,31,5,5,0.9488297600664829,40
432,32,5,5,0.9488297600664829,40
433,33,5,5,0.9488297600664829,40
434,34,5,5,0.9488297600664829,40
435,35,5,5,0.9488297600664829,40
436,36,5,5,0.9488297600664829,40
437,37,5,5,0.9488297600664829,40
438,38,5,5,0.9488297600664829,40
439,39,5,5,0.9488297600664829,40
440,40,5,5,0.9488297600664829,40
441,41,5,5,0.9488297600664829,40
442,42,5,5,0.9488297600664829,40
443,43,5,5,0.9488297600664829,40
444,44,5,5,0.9488297600664829,40
445,45,5,5,0.9488297600664829,40
446,46,5,5,0.9488297600664829,40
447,47,5,5,0.9488297600664829,40
448,48,5,5,0.9488297600664829,40
449,49,5,5,0.9488297600664829,40
450,50,5,5,0.9488297600664829,40
451,51,5,5,0.9488297600664829,40
452,52,5,5,0.9488297600664829,40
453,53,5,5,0.9488297600664829,40
454,54,5,5,0.9488297600664829,40
455,55,5,5,0.9488297600664829,40
456,56,5,5,0.9488297600664829,40
457,57,5,5,0.9488297600664829,40
458,58,5,5,0.9488297600664829,40
459,59,5,5,0.9488297600664829,40
460,60,5,5,0.9488297600664829,40
461,61,5,5,0.9488297600664829,40
462,62,5,5,0.9488297600664829,40
463,63,5,5,0.9488297600664829,40
464,64,5,5,0.9488297600664829,40
465,65,5,5,0.9488297600664829,40
466,66,5,5,0.9488297600664829,40
467,67,5,5,0.9488297600664829,40
468,68,5,5,0.9488297600664829,40
469,69,5,5,0.9488297600664829,40
470,70,5,5,0.9488297600664829,40
471,71,5,5,0.9488297600664829,40
472,72,5,5,0.9488297600664829,40
473,73,5,5,0.9488297600664829,40
474,74,5,5,0.9488297600664829,40
475,75,5,5,0.9488297600664829,40
476,76,5,5,0.9488297600664829,40
477,77,5,5,0.9488297600664829,40
478,78,5,5,0.9488297600664829,40
479,79,5,5,0.9488297600664829,40
480,80,5,5,0.9488297600664829,40
481,81,5,5,0.9488297600664829,40
482,82,5,5,0.9488297600664829,40
483,83,5,5,0.9488297600664829,40
484,84,5,5,0.9488297600664829,40
485,85,5,5,0.9488297600664829,40
486,86,5,5,0.9488297600664829,40
487,87,5,5,0.9488297600664829,40
488,88,5,5,0.9488297600664829,40
489,89,5,5,0.9488297600664829,40
490,90,5,5,0.9488297600664829,40
491,91,5,5,0.9488297600664829,40
492,92,5,5,0.9488297600664829,40
493,93,5,5,0.9488297600664829,40
494,94,5,5,0.9488297600664829,40
495,95,5,5,0.9488297600664829,40
496,96,5,5,0.9488297600664829,40
497,97,5,5,0.9488297600664829,40
498,98,5,5,0.9488297600664829,40
499,99,5,5,0.9488297600664829,40
500,0,5,6,,40
501,1,5,6,,40
502,2,5,6,,40
503,3,5,6,,40
504,4,5,6,,40
505,5,5,6,,40
506,6,5,6,,40
507,7,5,6,,40
508,8,5,6,,40
509,9,5,6,,40
510,10,5,6,,40
511,11,5,6,,40
512,12,5,6,,40
513,13,5,6,,40
514,14,5,6,,40
515,15,5,6,,40
516,16,5,6,,40
517,17,5,6,,40
518,18,5,6,,40
519,19,5,6,,40
520,20,5,6,,40
521,21,5,6,,40
522,22,5,6,,40
523,23,5,6,,40
524,24,5,6,,40
525,25,5,6,,40
526,26,5,6,,40
527,27,5,6,,40
528,28,5,6,,40
529,29,5,6,,40
530,30,5,6,,40
531,31,5,6,,40
532,32,5,6,,40
533,33,5,6,,40
534,34,5,6,,40
535,35,5,6,,40
536,36,5,6,,40
537,37,5,6,,40
538,38,5,6,,40
539,39,5,6,,40
540,40,5,6,,40
541,41,5,6,,40
542,42,5,6,,40
543,43,5,6,,40
544,44,5,6,,40
545,45,5,6,,40
546,46,5,6,,40
547,47,5,6,,40
548,48,5,6,,40
549,49,5,6,,40
550,50,5,6,,40
551,51,5,6,,40
552,52,5,6,,40
553,53,5,6,,40
554,54,5,6,,40
555,55,5,6,,40
556,56,5,6,,40
557,57,5,6,,40
558,58,5,6,,40
559,59,5,6,,40
560,60,5,6,,40
561,61,5,6,,40
562,62,5,6,,40
563,63,5,6,,40
564,64,5,6,,40
565,65,5,6,,40
566,66,5,6,,40
567,67,5,6,,40
568,68,5,6,,40
569,69,5,6,,40
570,70,5,6,,40
571,71,5,6,,40
572,72,5,6,,40
573,73,5,6,,40
574,74,5,6,,40
575,75,5,6,,40
576,76,5,6,,40
577,77,5,6,,40
578,78,5,6,,40
579,79,5,6,,40
580,80,5,6,,40
581,81,5,6,,40
582,82,5,6,,40
583,83,5,6,,40
584,84,5,6,,40
585,85,5,6,,40
586,86,5,6,,40
587,87,5,6,,40
588,88,5,6,,40
589,89,5,6,,40
590,90,5,6,,40
591,91,5,6,,40
592,92,5,6,,40
593,93,5,6,,40
594,94,5,6,,40
595,95,5,6,,40
596,96,5,6,,40
597,97,5,6,,40
598,98,5,6,,40
599,99,5,6,,40
600,0,5,7,,40
601,1,5,7,,40
602,2,5,7,,40
603,3,5,7,,40
604,4,5,7,,40
605,5,5,7,,40
606,6,5,7,,40
607,7,5,7,,40
608,8,5,7,,40
609,9,5,7,,40
610,10,5,7,,40
611,11,5,7,,40
612,12,5,7,,40
613,13,5,7,,40
614,14,5,7,,40
615,15,5,7,,40
616,16,5,7,,40
617,17,5,7,,40
618,18,5,7,,40
619,19,5,7,,40
620,20,5,7,,40
621,21,5,7,,40
622,22,5,7,,40
623,23,5,7,,40
624,24,5,7,,40
625,25,5,7,,40
626,26,5,7,,40
627,27,5,7,,40
628,28,5,7,,40
629,29,5,7,,40
630,30,5,7,,40
631,31,5,7,,40
632,32,5,7,,40
633,33,5,7,,40
634,34,5,7,,40
635,35,5,7,,40
636,36,5,7,,40
637,37,5,7,,40
638,38,5,7,,40
639,39,5,7,,40
640,40,5,7,,40
641,41,5,7,,40
642,42,5,7,,40
643,43,5,7,,40
644,44,5,7,,40
645,45,5,7,,40
646,46,5,7,,40
647,47,5,7,,40
648,48,5,7,,40
649,49,5,7,,40
650,50,5,7,,40
651,51,5,7,,40
652,52,5,7,,40
653,53,5,7,,40
654,54,5,7,,40
655,55,5,7,,40
656,56,5,7,,40
657,57,5,7,,40
658,58,5,7,,40
659,59,5,7,,40
660,60,5,7,,40
661,61,5,7,,40
662,62,5,7,,40
663,63,5,7,,40
664,64,5,7,,40
665,65,5,7,,40
666,66,5,7,,40
667,67,5,7,,40
668,68,5,7,,40
669,69,5,7,,40
670,70,5,7,,40
671,71,5,7,,40
672,72,5,7,,40
673,73,5,7,,40
674,74,5,7,,40
675,75,5,7,,40
676,76,5,7,,40
677,77,5,7,,40
678,78,5,7,,40
679,79,5,7,,40
680,80,5,7,,40
681,81,5,7,,40
682,82,5,7,,40
683,83,5,7,,40
684,84,5,7,,40
685,85,5,7,,40
686,86,5,7,,40
687,87,5,7,,40
688,88,5,7,,40
689,89,5,7,,40
690,90,5,7,,40
691,91,5,7,,40
692,92,5,7,,40
693,93,5,7,,40
694,94,5,7,,40
695,95,5,7,,40
696,96,5,7,,40
697,97,5,7,,40
698,98,5,7,,40
699,99,5,7,,40
700,0,5,8,,40
701,1,5,8,,40
702,2,5,8,,40
703,3,5,8,,40
704,4,5,8,,40
705,5,5,8,,40
706,6,5,8,,40
707,7,5,8,,40
708,8,5,8,,40
709,9,5,8,,40
710,10,5,8,,40
711,11,5,8,,40
712,12,5,8,,40
713,13,5,8,,40
714,14,5,8,,40
715,15,5,8,,40
716,16,5,8,,40
717,17,5,8,,40
718,18,5,8,,40
719,19,5,8,,40
720,20,5,8,,40
721,21,5,8,,40
722,22,5,8,,40
723,23,5,8,,40
724,24,5,8,,40
725,25,5,8,,40
726,26,5,8,,40
727,27,5,8,,40
728,28,5,8,,40
729,29,5,8,,40
730,30,5,8,,40
731,31,5,8,,40
732,32,5,8,,40
733,33,5,8,,40
734,34,5,8,,40
735,35,5,8,,40
736,36,5,8,,40
737,37,5,8,,40
738,38,5,8,,40
739,39,5,8,,40
740,40,5,8,,40
741,41,5,8,,40
742,42,5,8,,40
743,43,5,8,,40
744,44,5,8,,40
745,45,5,8,,40
746,46,5,8,,40
747,47,5,8,,40
748,48,5,8,,40
749,49,5,8,,40
750,50,5,8,,40
751,51,5,8,,40
752,52,5,8,,40
753,53,5,8,,40
754,54,5,8,,40
755,55,5,8,,40
756,56,5,8,,40
757,57,5,8,,40
758,58,5,8,,40
759,59,5,8,,40
760,60,5,8,,40
761,61,5,8,,40
762,62,5,8,,40
763,63,5,8,,40
764,64,5,8,,40
765,65,5,8,,40
766,66,5,8,,40
767,67,5,8,,40
768,68,5,8,,40
769,69,5,8,,40
770,70,5,8,,40
771,71,5,8,,40
772,72,5,8,,40
773,73,5,8,,40
774,74,5,8,,40
775,75,5,8,,40
776,76,5,8,,40
777,77,5,8,,40
778,78,5,8,,40
779,79,5,8,,40
780,80,5,8,,40
781,81,5,8,,40
782,82,5,8,,40
783,83,5,8,,40
784,84,5,8,,40
785,85,5,8,,40
786,86,5,8,,40
787,87,5,8,,40
788,88,5,8,,40
789,89,5,8,,40
790,90,5,8,,40
791,91,5,8,,40
792,92,5,8,,40
793,93,5,8,,40
794,94,5,8,,40
795,95,5,8,,40
796,96,5,8,,40
797,97,5,8,,40
798,98,5,8,,40
799,99,5,8,,40
800,0,5,9,,40
801,1,5,9,,40
802,2,5,9,,40
803,3,5,9,,40
804,4,5,9,,40
805,5,5,9,,40
806,6,5,9,,40
807,7,5,9,,40
808,8,5,9,,40
809,9,5,9,,40
810,10,5,9,,40
811,11,5,9,,40
812,12,5,9,,40
813,13,5,9,,40
814,14,5,9,,40
815,15,5,9,,40
816,16,5,9,,40
817,17,5,9,,40
818,18,5,9,,40
819,19,5,9,,40
820,20,5,9,,40
821,21,5,9,,40
822,22,5,9,,40
823,23,5,9,,40
824,24,5,9,,40
825,25,5,9,,40
826,26,5,9,,40
827,27,5,9,,40
828,28,5,9,,40
829,29,5,9,,40
830,30,5,9,,40
831,31,5,9,,40
832,32,5,9,,40
833,33,5,9,,40
834,34,5,9,,40
835,35,5,9,,40
836,36,5,9,,40
837,37,5,9,,40
838,38,5,9,,40
839,39,5,9,,40
840,40,5,9,,40
841,41,5,9,,40
842,42,5,9,,40
843,43,5,9,,40
844,44,5,9,,40
845,45,5,9,,40
846,46,5,9,,40
847,47,5,9,,40
848,48,5,9,,40
849,49,5,9,,40
850,50,5,9,,40
851,51,5,9,,40
852,52,5,9,,40
853,53,5,9,,40
854,54,5,9,,40
855,55,5,9,,40
856,56,5,9,,40
857,57,5,9,,40
858,58,5,9,,40
859,59,5,9,,40
860,60,5,9,,40
861,61,5,9,,40
862,62,5,9,,40
863,63,5,9,,40
864,64,5,9,,40
865,65,5,9,,40
866,66,5,9,,40
867,67,5,9,,40
868,68,5,9,,40
869,69,5,9,,40
870,70,5,9,,40
871,71,5,9,,40
872,72,5,9,,40
873,73,5,9,,40
874,74,5,9,,40
875,75,5,9,,40
876,76,5,9,,40
877,77,5,9,,40
878,78,5,9,,40
879,79,5,9,,40
880,80,5,9,,40
881,81,5,9,,40
882,82,5,9,,40
883,83,5,9,,40
884,84,5,9,,40
885,85,5,9,,40
886,86,5,9,,40
887,87,5,9,,40
888,88,5,9,,40
889,89,5,9,,40
890,90,5,9,,40
891,91,5,9,,40
892,92,5,9,,40
893,93,5,9,,40
894,94,5,9,,40
895,95,5,9,,40
896,96,5,9,,40
897,97,5,9,,40
898,98,5,9,,40
899,99,5,9,,40
900,0,5,10,,40
901,1,5,10,,40
902,2,5,10,,40
903,3,5,10,,40
904,4,5,10,,40
905,5,5,10,,40
906,6,5,10,,40
907,7,5,10,,40
908,8,5,10,,40
909,9,5,10,,40
910,10,5,10,,40
911,11,5,10,,40
912,12,5,10,,40
913,13,5,10,,40
914,14,5,10,,40
915,15,5,10,,40
916,16,5,10,,40
917,17,5,10,,40
918,18,5,10,,40
919,19,5,10,,40
920,20,5,10,,40
921,21,5,10,,40
922,22,5,10,,40
923,23,5,10,,40
924,24,5,10,,40
925,25,5,10,,40
926,26,5,10,,40
927,27,5,10,,40
928,28,5,10,,40
929,29,5,10,,40
930,30,5,10,,40
931,31,5,10,,40
932,32,5,10,,40
933,33,5,10,,40
934,34,5,10,,40
935,35,5,10,,40
936,36,5,10,,40
937,37,5,10,,40
938,38,5,10,,40
939,39,5,10,,40
940,40,5,10,,40
941,41,5,10,,40
942,42,5,10,,40
943,43,5,10,,40
944,44,5,10,,40
945,45,5,10,,40
946,46,5,10,,40
947,47,5,10,,40
948,48,5,10,,40
949,49,5,10,,40
950,50,5,10,,40
951,51,5,10,,40
952,52,5,10,,40
953,53,5,10,,40
954,54,5,10,,40
955,55,5,10,,40
956,56,5,10,,40
957,57,5,10,,40
958,58,5,10,,40
959,59,5,10,,40
960,60,5,10,,40
961,61,5,10,,40
962,62,5,10,,40
963,63,5,10,,40
964,64,5,10,,40
965,65,5,10,,40
966,66,5,10,,40
967,67,5,10,,40
968,68,5,10,,40
969,69,5,10,,40
970,70,5,10,,40
971,71,5,10,,40
972,72,5,10,,40
973,73,5,10,,40
974,74,5,10,,40
975,75,5,10,,40
976,76,5,10,,40
977,77,5,10,,40
978,78,5,10,,40
979,79,5,10,,40
980,80,5,10,,40
981,81,5,10,,40
982,82,5,10,,40
983,83,5,10,,40
984,84,5,10,,40
985,85,5,10,,40
986,86,5,10,,40
987,87,5,10,,40
988,88,5,10,,40
989,89,5,10,,40
990,90,5,10,,40
991,91,5,10,,40
992,92,5,10,,40
993,93,5,10,,40
994,94,5,10,,40
995,95,5,10,,40
996,96,5,10,,40
997,97,5,10,,40
998,98,5,10,,40
999,99,5,10,,40
1000,0,5,11,,40
1001,1,5,11,,40
1002,2,5,11,,40
1003,3,5,11,,40
1004,4,5,11,,40
1005,5,5,11,,40
1006,6,5,11,,40
1007,7,5,11,,40
1008,8,5,11,,40
1009,9,5,11,,40
1010,10,5,11,,40
1011,11,5,11,,40
1012,12,5,11,,40
1013,13,5,11,,40
1014,14,5,11,,40
1015,15,5,11,,40
1016,16,5,11,,40
1017,17,5,11,,40
1018,18,5,11,,40
1019,19,5,11,,40
1020,20,5,11,,40
1021,21,5,11,,40
1022,22,5,11,,40
1023,23,5,11,,40
1024,24,5,11,,40
1025,25,5,11,,40
1026,26,5,11,,40
1027,27,5,11,,40
1028,28,5,11,,40
1029,29,5,11,,40
1030,30,5,11,,40
1031,31,5,11,,40
1032,32,5,11,,40
1033,33,5,11,,40
1034,34,5,11,,40
1035,35,5,11,,40
1036,36,5,11,,40
1037,37,5,11,,40
1038,38,5,11,,40
1039,39,5,11,,40
1040,40,5,11,,40
1041,41,5,11,,40
1042,42,5,11,,40
1043,43,5,11,,40
1044,44,5,11,,40
1045,45,5,11,,40
1046,46,5,11,,40
1047,47,5,11,,40
1048,48,5,11,,40
1049,49,5,11,,40
1050,50,5,11,,40
1051,51,5,11,,40
1052,52,5,11,,40
1053,53,5,11,,40
1054,54,5,11,,40
1055,55,5,11,,40
1056,56,5,11,,40
1057,57,5,11,,40
1058,58,5,11,,40
1059,59,5,11,,40
1060,60,5,11,,40
1061,61,5,11,,40
1062,62,5,11,,40
1063,63,5,11,,40
1064,64,5,11,,40
1065,65,5,11,,40
1066,66,5,11,,40
1067,67,5,11,,40
1068,68,5,11,,40
1069,69,5,11,,40
1070,70,5,11,,40
1071,71,5,11,,40
1072,72,5,11,,40
1073,73,5,11,,40
1074,74,5,11,,40
1075,75,5,11,,40
1076,76,5,11,,40
1077,77,5,11,,40
1078,78,5,11,,40
1079,79,5,11,,40
1080,80,5,11,,40
1081,81,5,11,,40
1082,82,5,11,,40
1083,83,5,11,,40
1084,84,5,11,,40
1085,85,5,11,,40
1086,86,5,11,,40
1087,87,5,11,,40
1088,88,5,11,,40
1089,89,5,11,,40
1090,90,5,11,,40
1091,91,5,11,,40
1092,92,5,11,,40
1093,93,5,11,,40
1094,94,5,11,,40
1095,95,5,11,,40
1096,96,5,11,,40
1097,97,5,11,,40
1098,98,5,11,,40
1099,99,5,11,,40
1100,0,5,12,,40
1101,1,5,12,,40
1102,2,5,12,,40
1103,3,5,12,,40
1104,4,5,12,,40
1105,5,5,12,,40
1106,6,5,12,,40
1107,7,5,12,,40
1108,8,5,12,,40
1109,9,5,12,,40
1110,10,5,12,,40
1111,11,5,12,,40
1112,12,5,12,,40
1113,13,5,12,,40
1114,14,5,12,,40
1115,15,5,12,,40
1116,16,5,12,,40
1117,17,5,12,,40
1118,18,5,12,,40
1119,19,5,12,,40
1120,20,5,12,,40
1121,21,5,12,,40
1122,22,5,12,,40
1123,23,5,12,,40
1124,24,5,12,,40
1125,25,5,12,,40
1126,26,5,12,,40
1127,27,5,12,,40
1128,28,5,12,,40
1129,29,5,12,,40
1130,30,5,12,,40
1131,31,5,12,,40
1132,32,5,12,,40
1133,33,5,12,,40
1134,34,5,12,,40
1135,35,5,12,,40
1136,36,5,12,,40
1137,37,5,12,,40
1138,38,5,12,,40
1139,39,5,12,,40
1140,40,5,12,,40
1141,41,5,12,,40
1142,42,5,12,,40
1143,43,5,12,,40
1144,44,5,12,,40
1145,45,5,12,,40
1146,46,5,12,,40
1147,47,5,12,,40
1148,48,5,12,,40
1149,49,5,12,,40
1150,50,5,12,,40
1151,51,5,12,,40
1152,52,5,12,,40
1153,53,5,12,,40
1154,54,5,12,,40
1155,55,5,12,,40
1156,56,5,12,,40
1157,57,5,12,,40
1158,58,5,12,,40
1159,59,5,12,,40
1160,60,5,12,,40
1161,61,5,12,,40
1162,62,5,12,,40
1163,63,5,12,,40
1164,64,5,12,,40
1165,65,5,12,,40
1166,66,5,12,,40
1167,67,5,12,,40
1168,68,5,12,,40
1169,69,5,12,,40
1170,70,5,12,,40
1171,71,5,12,,40
1172,72,5,12,,40
1173,73,5,12,,40
1174,74,5,12,,40
1175,75,5,12,,40
1176,76,5,12,,40
1177,77,5,12,,40
1178,78,5,12,,40
1179,79,5,12,,40
1180,80,5,12,,40
1181,81,5,12,,40
1182,82,5,12,,40
1183,83,5,12,,40
1184,84,5,12,,40
1185,85,5,12,,40
1186,86,5,12,,40
1187,87,5,12,,40
1188,88,5,12,,40
1189,89,5,12,,40
1190,90,5,12,,40
1191,91,5,12,,40
1192,92,5,12,,40
1193,93,5,12,,40
1194,94,5,12,,40
1195,95,5,12,,40
1196,96,5,12,,40
1197,97,5,12,,40
1198,98,5,12,,40
1199,99,5,12,,40
1200,0,5,13,,40
1201,1,5,13,,40
1202,2,5,13,,40
1203,3,5,13,,40
1204,4,5,13,,40
1205,5,5,13,,40
1206,6,5,13,,40
1207,7,5,13,,40
1208,8,5,13,,40
1209,9,5,13,,40
1210,10,5,13,,40
1211,11,5,13,,40
1212,12,5,13,,40
1213,13,5,13,,40
1214,14,5,13,,40
1215,15,5,13,,40
1216,16,5,13,,40
1217,17,5,13,,40
1218,18,5,13,,40
1219,19,5,13,,40
1220,20,5,13,,40
1221,21,5,13,,40
1222,22,5,13,,40
1223,23,5,13,,40
1224,24,5,13,,40
1225,25,5,13,,40
1226,26,5,13,,40
1227,27,5,13,,40
1228,28,5,13,,40
1229,29,5,13,,40
1230,30,5,13,,40
1231,31,5,13,,40
1232,32,5,13,,40
1233,33,5,13,,40
1234,34,5,13,,40
1235,35,5,13,,40
1236,36,5,13,,40
1237,37,5,13,,40
1238,38,5,13,,40
1239,39,5,13,,40
1240,40,5,13,,40
1241,41,5,13,,40
1242,42,5,13,,40
1243,43,5,13,,40
1244,44,5,13,,40
1245,45,5,13,,40
1246,46,5,13,,40
1247,47,5,13,,40
1248,48,5,13,,40
1249,49,5,13,,40
1250,50,5,13,,40
1251,51,5,13,,40
1252,52,5,13,,40
1253,53,5,13,,40
1254,54,5,13,,40
1255,55,5,13,,40
1256,56,5,13,,40
1257,57,5,13,,40
1258,58,5,13,,40
1259,59,5,13,,40
1260,60,5,13,,40
1261,61,5,13,,40
1262,62,5,13,,40
1263,63,5,13,,40
1264,64,5,13,,40
1265,65,5,13,,40
1266,66,5,13,,40
1267,67,5,13,,40
1268,68,5,13,,40
1269,69,5,13,,40
1270,70,5,13,,40
1271,71,5,13,,40
1272,72,5,13,,40
1273,73,5,13,,40
1274,74,5,13,,40
1275,75,5,13,,40
1276,76,5,13,,40
1277,77,5,13,,40
1278,78,5,13,,40
1279,79,5,13,,40
1280,80,5,13,,40
1281,81,5,13,,40
1282,82,5,13,,40
1283,83,5,13,,40
1284,84,5,13,,40
1285,85,5,13,,40
1286,86,5,13,,40
1287,87,5,13,,40
1288,88,5,13,,40
1289,89,5,13,,40
1290,90,5,13,,40
1291,91,5,13,,40
1292,92,5,13,,40
1293,93,5,13,,40
1294,94,5,13,,40
1295,95,5,13,,40
1296,96,5,13,,40
1297,97,5,13,,40
1298,98,5,13,,40
1299,99,5,13,,40
1300,0,5,14,,40
1301,1,5,14,,40
1302,2,5,14,,40
1303,3,5,14,,40
1304,4,5,14,,40
1305,5,5,14,,40
1306,6,5,14,,40
1307,7,5,14,,40
1308,8,5,14,,40
1309,9,5,14,,40
1310,10,5,14,,40
1311,11,5,14,,40
1312,12,5,14,,40
1313,13,5,14,,40
1314,14,5,14,,40
1315,15,5,14,,40
1316,16,5,14,,40
1317,17,5,14,,40
1318,18,5,14,,40
1319,19,5,14,,40
1320,20,5,14,,40
1321,21,5,14,,40
1322,22,5,14,,40
1323,23,5,14,,40
1324,24,5,14,,40
1325,25,5,14,,40
1326,26,5,14,,40
1327,27,5,14,,40
1328,28,5,14,,40
1329,29,5,14,,40
1330,30,5,14,,40
1331,31,5,14,,40
1332,32,5,14,,40
1333,33,5,14,,40
1334,34,5,14,,40
1335,35,5,14,,40
1336,36,5,14,,40
1337,37,5,14,,40
1338,38,5,14,,40
1339,39,5,14,,40
1340,40,5,14,,40
1341,41,5,14,,40
1342,42,5,14,,40
1343,43,5,14,,40
1344,44,5,14,,40
1345,45,5,14,,40
1346,46,5,14,,40
1347,47,5,14,,40
1348,48,5,14,,40
1349,49,5,14,,40
1350,50,5,14,,40
1351,51,5,14,,40
1352,52,5,14,,40
1353,53,5,14,,40
1354,54,5,14,,40
1355,55,5,14,,40
1356,56,5,14,,40
1357,57,5,14,,40
1358,58,5,14,,40
1359,59,5,14,,40
1360,60,5,14,,40
1361,61,5,14,,40
1362,62,5,14,,40
1363,63,5,14,,40
1364,64,5,14,,40
1365,65,5,14,,40
1366,66,5,14,,40
1367,67,5,14,,40
1368,68,5,14,,40
1369,69,5,14,,40
1370,70,5,14,,40
1371,71,5,14,,40
1372,72,5,14,,40
1373,73,5,14,,40
1374,74,5,14,,40
1375,75,5,14,,40
1376,76,5,14,,40
1377,77,5,14,,40
1378,78,5,14,,40
1379,79,5,14,,40
1380,80,5,14,,40
1381,81,5,14,,40
1382,82,5,14,,40
1383,83,5,14,,40
1384,84,5,14,,40
1385,85,5,14,,40
1386,86,5,14,,40
1387,87,5,14,,40
1388,88,5,14,,40
1389,89,5,14,,40
1390,90,5,14,,40
1391,91,5,14,,40
1392,92,5,14,,40
1393,93,5,14,,40
1394,94,5,14,,40
1395,95,5,14,,40
1396,96,5,14,,40
1397,97,5,14,,40
1398,98,5,14,,40
1399,99,5,14,,40
1400,0,5,15,,40
1401,1,5,15,,40
1402,2,5,15,,40
1403,3,5,15,,40
1404,4,5,15,,40
1405,5,5,15,,40
1406,6,5,15,,40
1407,7,5,15,,40
1408,8,5,15,,40
1409,9,5,15,,40
1410,10,5,15,,40
1411,11,5,15,,40
1412,12,5,15,,40
1413,13,5,15,,40
1414,14,5,15,,40
1415,15,5,15,,40
1416,16,5,15,,40
1417,17,5,15,,40
1418,18,5,15,,40
1419,19,5,15,,40
1420,20,5,15,,40
1421,21,5,15,,40
1422,22,5,15,,40
1423,23,5,15,,40
1424,24,5,15,,40
1425,25,5,15,,40
1426,26,5,15,,40
1427,27,5,15,,40
1428,28,5,15,,40
1429,29,5,15,,40
1430,30,5,15,,40
1431,31,5,15,,40
1432,32,5,15,,40
1433,33,5,15,,40
1434,34,5,15,,40
1435,35,5,15,,40
1436,36,5,15,,40
1437,37,5,15,,40
1438,38,5,15,,40
1439,39,5,15,,40
1440,40,5,15,,40
1441,41,5,15,,40
1442,42,5,15,,40
1443,43,5,15,,40
1444,44,5,15,,40
1445,45,5,15,,40
1446,46,5,15,,40
1447,47,5,15,,40
1448,48,5,15,,40
1449,49,5,15,,40
1450,50,5,15,,40
1451,51,5,15,,40
1452,52,5,15,,40
1453,53,5,15,,40
1454,54,5,15,,40
1455,55,5,15,,40
1456,56,5,15,,40
1457,57,5,15,,40
1458,58,5,15,,40
1459,59,5,15,,40
1460,60,5,15,,40
1461,61,5,15,,40
1462,62,5,15,,40
1463,63,5,15,,40
1464,64,5,15,,40
1465,65,5,15,,40
1466,66,5,15,,40
1467,67,5,15,,40
1468,68,5,15,,40
1469,69,5,15,,40
1470,70,5,15,,40
1471,71,5,15,,40
1472,72,5,15,,40
1473,73,5,15,,40
1474,74,5,15,,40
1475,75,5,15,,40
1476,76,5,15,,40
1477,77,5,15,,40
1478,78,5,15,,40
1479,79,5,15,,40
1480,80,5,15,,40
1481,81,5,15,,40
1482,82,5,15,,40
1483,83,5,15,,40
1484,84,5,15,,40
1485,85,5,15,,40
1486,86,5,15,,40
1487,87,5,15,,40
1488,88,5,15,,40
1489,89,5,15,,40
1490,90,5,15,,40
1491,91,5,15,,40
1492,92,5,15,,40
1493,93,5,15,,40
1494,94,5,15,,40
1495,95,5,15,,40
1496,96,5,15,,40
1497,97,5,15,,40
1498,98,5,15,,40
1499,99,5,15,,40
1500,0,10,1,0.7200156368549153,25
1501,1,10,1,0.8624177697574592,25
1502,2,10,1,0.5915648024089074,25
1503,3,10,1,0.8984397716590591,25
1504,4,10,1,0.9418502652333101,25
1505,5,10,1,0.6685997341397636,25
1506,6,10,1,0.7863254172548015,25
1507,7,10,1,0.7497202773739134,25
1508,8,10,1,0.8186886014403446,25
1509,9,10,1,0.6983763835227923,25
1510,10,10,1,0.7574682570677967,25
1511,11,10,1,0.6910961033000709,25
1512,12,10,1,0.9556788212984745,25
1513,13,10,1,0.838824001882966,25
1514,14,10,1,0.8114335325463181,25
1515,15,10,1,0.7026809113885982,25
1516,16,10,1,0.8726764519854853,25
1517,17,10,1,0.8494528579485836,25
1518,18,10,1,0.6865581472352457,25
1519,19,10,1,0.8116436014630855,25
1520,20,10,1,0.8242028526595607,25
1521,21,10,1,0.8013734317363588,25
1522,22,10,1,0.7660691002015039,25
1523,23,10,1,0.7635988845288931,25
1524,24,10,1,0.8203096731482871,25
1525,25,10,1,0.8062276732295253,25
1526,26,10,1,0.8870521828267652,25
1527,27,10,1,0.6169664323772056,25
1528,28,10,1,0.8839329868776634,25
1529,29,10,1,0.89706971408378,25
1530,30,10,1,0.833599900162511,25
1531,31,10,1,0.917003292335637,25
1532,32,10,1,0.847870096884011,25
1533,33,10,1,0.7603835585019599,25
1534,34,10,1,0.7903121258364898,25
1535,35,10,1,0.8270175390932214,25
1536,36,10,1,0.8256242116874044,25
1537,37,10,1,0.66977274069286,25
1538,38,10,1,0.7330086292224467,25
1539,39,10,1,0.857655956209356,25
1540,40,10,1,0.8101932456644122,25
1541,41,10,1,0.8091651984023003,25
1542,42,10,1,0.905527651344818,25
1543,43,10,1,0.9418150487276293,25
1544,44,10,1,0.6670505989561721,25
1545,45,10,1,0.7273646876214772,25
1546,46,10,1,0.8574730926984804,25
1547,47,10,1,0.8687516306121548,25
1548,48,10,1,0.8867885061188672,25
1549,49,10,1,0.8306577377534304,25
1550,50,10,1,0.9227911864956193,25
1551,51,10,1,0.8372715170907311,25
1552,52,10,1,0.8915689496812372,25
1553,53,10,1,0.9456774065136885,25
1554,54,10,1,0.6376618260368058,25
1555,55,10,1,0.6741686138315939,25
1556,56,10,1,0.8524481124900898,25
1557,57,10,1,0.8067254407495708,25
1558,58,10,1,0.8813712429439556,25
1559,59,10,1,0.902331132211358,25
1560,60,10,1,0.9402548875955216,25
1561,61,10,1,0.929209865419643,25
1562,62,10,1,0.8820593782143893,25
1563,63,10,1,0.7092816474471325,25
1564,64,10,1,0.7298950273291529,25
1565,65,10,1,0.6071155202401278,25
1566,66,10,1,0.8646047388810456,25
1567,67,10,1,0.7653836054887143,25
1568,68,10,1,0.8446581103745422,25
1569,69,10,1,0.8871458105002917,25
1570,70,10,1,0.92049847269659,25
1571,71,10,1,0.9586065437266649,25
1572,72,10,1,0.9338664181338786,25
1573,73,10,1,0.7985369836305647,25
1574,74,10,1,0.6979421431614226,25
1575,75,10,1,0.9532934578600709,25
1576,76,10,1,0.917311593975013,25
1577,77,10,1,0.9246792500962627,25
1578,78,10,1,0.8315735953883374,25
1579,79,10,1,0.8276605460569654,25
1580,80,10,1,0.8460652057981883,25
1581,81,10,1,0.8675615195991335,25
1582,82,10,1,0.8830780673549515,25
1583,83,10,1,0.9497459865420917,25
1584,84,10,1,0.8478336811461461,25
1585,85,10,1,0.9036426469298954,25
1586,86,10,1,0.8073620922126129,25
1587,87,10,1,0.8468746111234535,25
1588,88,10,1,0.8602117343730439,25
1589,89,10,1,0.7863507433925572,25
1590,90,10,1,0.7822071103717889,25
1591,91,10,1,0.8454304483894375,25
1592,92,10,1,0.8937867342164478,25
1593,93,10,1,0.5757511263495996,25
1594,94,10,1,0.8511458460356512,25
1595,95,10,1,0.6169206576502795,25
1596,96,10,1,0.9356503154920925,25
1597,97,10,1,0.7860217672138112,25
1598,98,10,1,0.9523999036016529,25
1599,99,10,1,0.6041167981430554,25
1600,0,10,2,0.8974166172656968,25
1601,1,10,2,0.8676913007862259,25
1602,2,10,2,0.949447734673341,25
1603,3,10,2,0.8487019586714554,25
1604,4,10,2,0.8596582675698996,25
1605,5,10,2,0.9228868674663364,25
1606,6,10,2,0.8852484777665296,25
1607,7,10,2,0.8719370336570132,25
1608,8,10,2,0.9182402020306889,25
1609,9,10,2,0.9088820970862277,25
1610,10,10,2,0.9690202711585654,25
1611,11,10,2,0.8361157398361256,25
1612,12,10,2,0.8578175631145772,25
1613,13,10,2,0.9486196989437224,25
1614,14,10,2,0.9668795841090843,25
1615,15,10,2,0.9146651961403236,25
1616,16,10,2,0.8547184968707705,25
1617,17,10,2,0.9116607468985191,25
1618,18,10,2,0.8905143364731843,25
1619,19,10,2,0.9438832875901695,25
1620,20,10,2,0.9087070521054723,25
1621,21,10,2,0.8089001523717329,25
1622,22,10,2,0.90862591399841,25
1623,23,10,2,0.8732231763863878,25
1624,24,10,2,0.9569361578705584,25
1625,25,10,2,0.8603283000013123,25
1626,26,10,2,0.8599780703554802,25
1627,27,10,2,0.9004271604901427,25
1628,28,10,2,0.8681779766383309,25
1629,29,10,2,0.9441430856278193,25
1630,30,10,2,0.8132856414402785,25
1631,31,10,2,0.9056366595216988,25
1632,32,10,2,0.8641938854065715,25
1633,33,10,2,0.8814976814227571,25
1634,34,10,2,0.8320660271675409,25
1635,35,10,2,0.904852244324996,25
1636,36,10,2,0.8891766450419045,25
1637,37,10,2,0.8869095149574222,25
1638,38,10,2,0.9579608131585543,25
1639,39,10,2,0.9324894934598708,25
1640,40,10,2,0.9017879934551022,25
1641,41,10,2,0.9516256039402425,25
1642,42,10,2,0.8852052491054623,25
1643,43,10,2,0.8658277573122523,25
1644,44,10,2,0.9099925224983182,25
1645,45,10,2,0.9467141927156051,25
1646,46,10,2,0.8989708142004313,25
1647,47,10,2,0.8921862391481927,25
1648,48,10,2,0.9414968535447304,25
1649,49,10,2,0.8590485583527033,25
1650,50,10,2,0.9154476402954486,25
1651,51,10,2,0.8759339292495583,25
1652,52,10,2,0.861152580101249,25
1653,53,10,2,0.9343939598291173,25
1654,54,10,2,0.9198161624990464,25
1655,55,10,2,0.9267950928796684,25
1656,56,10,2,0.8633594833809067,25
1657,57,10,2,0.9393793047528152,25
1658,58,10,2,0.9364529205546426,25
1659,59,10,2,0.9302157186088214,25
1660,60,10,2,0.9430430289692187,25
1661,61,10,2,0.9269960494718413,25
1662,62,10,2,0.8624416452833652,25
1663,63,10,2,0.8821117197333491,25
1664,64,10,2,0.8470131690400892,25
1665,65,10,2,0.8633432893659793,25
1666,66,10,2,0.9064669178110272,25
1667,67,10,2,0.9176442162697912,25
1668,68,10,2,0.92697071908808,25
1669,69,10,2,0.9031346043668019,25
1670,70,10,2,0.9249750615579971,25
1671,71,10,2,0.9142015709331933,25
1672,72,10,2,0.9598332331677576,25
1673,73,10,2,0.9014365044153185,25
1674,74,10,2,0.948170995161394,25
1675,75,10,2,0.9023046947391788,25
1676,76,10,2,0.8413273334322436,25
1677,77,10,2,0.9426026749417356,25
1678,78,10,2,0.9447432195556349,25
1679,79,10,2,0.8915027116151787,25
1680,80,10,2,0.9172600166805871,25
1681,81,10,2,0.870296853330337,25
1682,82,10,2,0.8957348767506524,25
1683,83,10,2,0.8814167222837181,25
1684,84,10,2,0.8643251497944694,25
1685,85,10,2,0.8837124788513991,25
1686,86,10,2,0.9458544153456163,25
1687,87,10,2,0.8807058164297844,25
1688,88,10,2,0.9020020911280809,25
1689,89,10,2,0.8949391922981171,25
1690,90,10,2,0.8407150766389818,25
1691,91,10,2,0.9189471405180561,25
1692,92,10,2,0.9226217736086056,25
1693,93,10,2,0.9445576542211713,25
1694,94,10,2,0.873931292017484,25
1695,95,10,2,0.939274652447108,25
1696,96,10,2,0.8654675451524556,25
1697,97,10,2,0.9249234909164636,25
1698,98,10,2,0.9189713415150358,25
1699,99,10,2,0.8633908109632785,25
1700,0,10,3,0.9479118732814799,25
1701,1,10,3,0.9532239836947429,25
1702,2,10,3,0.9506345757220102,25
1703,3,10,3,0.9578018329206273,25
1704,4,10,3,0.9722314463180777,25
1705,5,10,3,0.8996578593013065,25
1706,6,10,3,0.9787985498298503,25
1707,7,10,3,0.9826324620644491,25
1708,8,10,3,0.9722667594064831,25
1709,9,10,3,0.972110897005048,25
1710,10,10,3,0.9599404071986981,25
1711,11,10,3,0.979523336846625,25
1712,12,10,3,0.9669301087127945,25
1713,13,10,3,0.9816304234738601,25
1714,14,10,3,0.9806882773778116,25
1715,15,10,3,0.929945943334408,25
1716,16,10,3,0.9731438927047164,25
1717,17,10,3,0.9579261924115686,25
1718,18,10,3,0.9708049892933828,25
1719,19,10,3,0.9084937971406662,25
1720,20,10,3,0.9662937748370308,25
1721,21,10,3,0.9825174496197693,25
1722,22,10,3,0.9543053835994495,25
1723,23,10,3,0.9689112950245221,25
1724,24,10,3,0.9456785723477972,25
1725,25,10,3,0.9805240424874742,25
1726,26,10,3,0.9276630398311617,25
1727,27,10,3,0.9254764284576804,25
1728,28,10,3,0.9481826147520741,25
1729,29,10,3,0.9654140116843953,25
1730,30,10,3,0.9826497841058242,25
1731,31,10,3,0.9794728575390215,25
1732,32,10,3,0.9477437340279754,25
1733,33,10,3,0.915999830153256,25
1734,34,10,3,0.9784398901532495,25
1735,35,10,3,0.9621016199128468,25
1736,36,10,3,0.9683675975595817,25
1737,37,10,3,0.9561677828838926,25
1738,38,10,3,0.9729895674978707,25
1739,39,10,3,0.9311418841707874,25
1740,40,10,3,0.9720393411995636,25
1741,41,10,3,0.9676534687590367,25
1742,42,10,3,0.9680331161144341,25
1743,43,10,3,0.9748398251036318,25
1744,44,10,3,0.8953387135502264,25
1745,45,10,3,0.9698057940006922,25
1746,46,10,3,0.9705425749259766,25
1747,47,10,3,0.9601451621833132,25
1748,48,10,3,0.9447040708039491,25
1749,49,10,3,0.9735764869012712,25
1750,50,10,3,0.9274832554665975,25
1751,51,10,3,0.978037634867613,25
1752,52,10,3,0.9731603343234848,25
1753,53,10,3,0.971649700271312,25
1754,54,10,3,0.937679410519346,25
1755,55,10,3,0.9606644020204792,25
1756,56,10,3,0.9701879872598542,25
1757,57,10,3,0.9466374461492345,25
1758,58,10,3,0.9674782893934849,25
1759,59,10,3,0.9311808026290518,25
1760,60,10,3,0.9439396381848396,25
1761,61,10,3,0.969995114052764,25
1762,62,10,3,0.9587087990280468,25
1763,63,10,3,0.9712287957758673,25
1764,64,10,3,0.9666609541097656,25
1765,65,10,3,0.9492867321471344,25
1766,66,10,3,0.9751163227083653,25
1767,67,10,3,0.9185385197391466,25
1768,68,10,3,0.9191249688611721,25
1769,69,10,3,0.9797079273218047,25
1770,70,10,3,0.941081969622853,25
1771,71,10,3,0.970204896942988,25
1772,72,10,3,0.9639433873083985,25
1773,73,10,3,0.9509456438124629,25
1774,74,10,3,0.9534139123761196,25
1775,75,10,3,0.9534880898420325,25
1776,76,10,3,0.9821500412319426,25
1777,77,10,3,0.930534107698703,25
1778,78,10,3,0.980154137255224,25
1779,79,10,3,0.9074982302877223,25
1780,80,10,3,0.9650724281071618,25
1781,81,10,3,0.9855386323125018,25
1782,82,10,3,0.9616497671022535,25
1783,83,10,3,0.9575642511844155,25
1784,84,10,3,0.9737768564442488,25
1785,85,10,3,0.9305691577313464,25
1786,86,10,3,0.9562686486326312,25
1787,87,10,3,0.9835160481877113,25
1788,88,10,3,0.9679622721971948,25
1789,89,10,3,0.9778819209604147,25
1790,90,10,3,0.9458067721199811,25
1791,91,10,3,0.9823822185397709,25
1792,92,10,3,0.9490861578862179,25
1793,93,10,3,0.954593743148526,25
1794,94,10,3,0.8884129908233888,25
1795,95,10,3,0.9798266474809777,25
1796,96,10,3,0.964446871189483,25
1797,97,10,3,0.9805440551523428,25
1798,98,10,3,0.9591177288562227,25
1799,99,10,3,0.9680028388559947,25
1800,0,10,4,0.9609643043910137,25
1801,1,10,4,0.9431529294222072,25
1802,2,10,4,0.9638069305952757,25
1803,3,10,4,0.9787561988893232,25
1804,4,10,4,0.9773821664309491,25
1805,5,10,4,0.9607552335705717,25
1806,6,10,4,0.9631521256296731,25
1807,7,10,4,0.9842803804846244,25
1808,8,10,4,0.9662714666558946,25
1809,9,10,4,0.9222791204719999,25
1810,10,10,4,0.9626086547128788,25
1811,11,10,4,0.9827403472027378,25
1812,12,10,4,0.9816088913189229,25
1813,13,10,4,0.940864202938028,25
1814,14,10,4,0.9732598642937048,25
1815,15,10,4,0.9594871204004847,25
1816,16,10,4,0.9611814687642489,25
1817,17,10,4,0.9641766215989992,25
1818,18,10,4,0.9870513582589295,25
1819,19,10,4,0.9584108751523298,25
1820,20,10,4,0.9679496253631659,25
1821,21,10,4,0.920142780562943,25
1822,22,10,4,0.9754495721079062,25
1823,23,10,4,0.9699666691259013,25
1824,24,10,4,0.9865000416422434,25
1825,25,10,4,0.9652962958507414,25
1826,26,10,4,0.9613313506352781,25
1827,27,10,4,0.9681653707502178,25
1828,28,10,4,0.9695084556751805,25
1829,29,10,4,0.9658056847546374,25
1830,30,10,4,0.9790711321927992,25
1831,31,10,4,0.9759772375287911,25
1832,32,10,4,0.9643373357552025,25
1833,33,10,4,0.9710977773125705,25
1834,34,10,4,0.9811465346386229,25
1835,35,10,4,0.9792340207775634,25
1836,36,10,4,0.9757683082778805,25
1837,37,10,4,0.9579804668329234,25
1838,38,10,4,0.9773679266823502,25
1839,39,10,4,0.975173121613803,25
1840,40,10,4,0.9434254212442351,25
1841,41,10,4,0.9808473400717004,25
1842,42,10,4,0.9555755771953005,25
1843,43,10,4,0.9847977699265059,25
1844,44,10,4,0.9709184099835833,25
1845,45,10,4,0.9789360034835445,25
1846,46,10,4,0.9679448947993308,25
1847,47,10,4,0.9796818374898681,25
1848,48,10,4,0.9716329732474789,25
1849,49,10,4,0.9773749566905927,25
1850,50,10,4,0.9767170166019167,25
1851,51,10,4,0.9706003343166965,25
1852,52,10,4,0.9607395272267483,25
1853,53,10,4,0.9714150013716389,25
1854,54,10,4,0.9730308083057168,25
1855,55,10,4,0.9767475552316425,25
1856,56,10,4,0.9626547911624244,25
1857,57,10,4,0.9813750870987816,25
1858,58,10,4,0.9574016033771522,25
1859,59,10,4,0.9780101017854445,25
1860,60,10,4,0.9821016657236805,25
1861,61,10,4,0.9661904077682784,25
1862,62,10,4,0.9772799776387121,25
1863,63,10,4,0.9767095114054656,25
1864,64,10,4,0.9714037934503902,25
1865,65,10,4,0.9770218978903903,25
1866,66,10,4,0.9580323842030216,25
1867,67,10,4,0.9347910143040464,25
1868,68,10,4,0.9711728667545347,25
1869,69,10,4,0.9753785018616945,25
1870,70,10,4,0.9662013138208383,25
1871,71,10,4,0.9558850119423441,25
1872,72,10,4,0.9679282425496183,25
1873,73,10,4,0.9773461826020622,25
1874,74,10,4,0.9775864176062657,25
1875,75,10,4,0.980922818837206,25
1876,76,10,4,0.9732825849637806,25
1877,77,10,4,0.9570263374918087,25
1878,78,10,4,0.9608412980207744,25
1879,79,10,4,0.9856842155514284,25
1880,80,10,4,0.9747311187013147,25
1881,81,10,4,0.9792602799697783,25
1882,82,10,4,0.9731562167168307,25
1883,83,10,4,0.9754069689521421,25
1884,84,10,4,0.9678542804870436,25
1885,85,10,4,0.975525701346396,25
1886,86,10,4,0.9719576747601957,25
1887,87,10,4,0.9723610314725599,25
1888,88,10,4,0.9668377728473394,25
1889,89,10,4,0.9595460088550462,25
1890,90,10,4,0.9733173042153346,25
1891,91,10,4,0.9745859222861059,25
1892,92,10,4,0.9337877682292378,25
1893,93,10,4,0.9668737714221659,25
1894,94,10,4,0.9832457115049502,25
1895,95,10,4,0.9346422868409644,25
1896,96,10,4,0.9702923782872326,25
1897,97,10,4,0.9684380644452267,25
1898,98,10,4,0.9630257467252705,25
1899,99,10,4,0.974420867410821,25
1900,0,10,5,0.9742426205598892,25
1901,1,10,5,0.9712476178125643,25
1902,2,10,5,0.9833222724119104,25
1903,3,10,5,0.9688522269262125,25
1904,4,10,5,0.9836852814578316,25
1905,5,10,5,0.9813697888703706,25
1906,6,10,5,0.9739846953624806,25
1907,7,10,5,0.9793799469592036,25
1908,8,10,5,0.9726124618244711,25
1909,9,10,5,0.9849160576136499,25
1910,10,10,5,0.9810515612046017,25
1911,11,10,5,0.9826739773572332,25
1912,12,10,5,0.972128012815325,25
1913,13,10,5,0.9810073965940257,25
1914,14,10,5,0.9762428992110919,25
1915,15,10,5,0.9744826398270915,25
1916,16,10,5,0.9799569266923154,25
1917,17,10,5,0.9499601592402054,25
1918,18,10,5,0.9838812369322782,25
1919,19,10,5,0.9770607758073419,25
1920,20,10,5,0.9805190550714387,25
1921,21,10,5,0.9850950105914924,25
1922,22,10,5,0.9857417884537415,25
1923,23,10,5,0.9805767393723634,25
1924,24,10,5,0.9800810325964329,25
1925,25,10,5,0.9779753698640946,25
1926,26,10,5,0.9774843148424629,25
1927,27,10,5,0.9736570554594237,25
1928,28,10,5,0.9761442680191191,25
1929,29,10,5,0.9612638500376505,25
1930,30,10,5,0.9821562437507373,25
1931,31,10,5,0.9816967461002049,25
1932,32,10,5,0.983719945466437,25
1933,33,10,5,0.9877953131477665,25
1934,34,10,5,0.9726715560659944,25
1935,35,10,5,0.9676334525741376,25
1936,36,10,5,0.9798513945272085,25
1937,37,10,5,0.9785702344105843,25
1938,38,10,5,0.9835749969268945,25
1939,39,10,5,0.9846772729560248,25
1940,40,10,5,0.968890854024377,25
1941,41,10,5,0.9644656323608515,25
1942,42,10,5,0.9839586489664346,25
1943,43,10,5,0.9809020976227868,25
1944,44,10,5,0.9760089263693973,25
1945,45,10,5,0.9763214169869494,25
1946,46,10,5,0.9774842340889597,25
1947,47,10,5,0.952602403788935,25
1948,48,10,5,0.969188051350976,25
1949,49,10,5,0.9792213227423389,25
1950,50,10,5,0.9662599505073138,25
1951,51,10,5,0.9813180644113396,25
1952,52,10,5,0.9574339324880184,25
1953,53,10,5,0.9842917158079865,25
1954,54,10,5,0.985194919744996,25
1955,55,10,5,0.9825220550503033,25
1956,56,10,5,0.9797875596842799,25
1957,57,10,5,0.980141310785931,25
1958,58,10,5,0.980729163576444,25
1959,59,10,5,0.9849722193548952,25
1960,60,10,5,0.9764074771780848,25
1961,61,10,5,0.9830273350639649,25
1962,62,10,5,0.9793880750287007,25
1963,63,10,5,0.9724649630424737,25
1964,64,10,5,0.9825491400600502,25
1965,65,10,5,0.9750642987559424,25
1966,66,10,5,0.9737447443667256,25
1967,67,10,5,0.9790525961775093,25
1968,68,10,5,0.9871098547095162,25
1969,69,10,5,0.974134274921265,25
1970,70,10,5,0.9629912950540634,25
1971,71,10,5,0.967110380034332,25
1972,72,10,5,0.9897347903406567,25
1973,73,10,5,0.981301935144406,25
1974,74,10,5,0.9620153003130032,25
1975,75,10,5,0.9737813097213844,25
1976,76,10,5,0.9637247396876547,25
1977,77,10,5,0.9742427793290548,25
1978,78,10,5,0.9832861090723422,25
1979,79,10,5,0.965176487358239,25
1980,80,10,5,0.9737931178490968,25
1981,81,10,5,0.9723186444682028,25
1982,82,10,5,0.9759849710397263,25
1983,83,10,5,0.9651838610728466,25
1984,84,10,5,0.9801009835528405,25
1985,85,10,5,0.9813046293109277,25
1986,86,10,5,0.9860134053695092,25
1987,87,10,5,0.9817767993193698,25
1988,88,10,5,0.971114644074722,25
1989,89,10,5,0.9660834736871768,25
1990,90,10,5,0.9653536949291425,25
1991,91,10,5,0.978979412187532,25
1992,92,10,5,0.9789569778341067,25
1993,93,10,5,0.9826341430736139,25
1994,94,10,5,0.9863607732799031,25
1995,95,10,5,0.9832524108789884,25
1996,96,10,5,0.9864561961867909,25
1997,97,10,5,0.9496855762364264,25
1998,98,10,5,0.9790783772590582,25
1999,99,10,5,0.9694620493316132,25
2000,0,10,6,0.9784985058484965,25
2001,1,10,6,0.9887677297600564,25
2002,2,10,6,0.9852797295019106,25
2003,3,10,6,0.9772143373874219,25
2004,4,10,6,0.9812941065545033,25
2005,5,10,6,0.9789864215432842,25
2006,6,10,6,0.9804165556704241,25
2007,7,10,6,0.9855145557262469,25
2008,8,10,6,0.9843990460640432,25
2009,9,10,6,0.9799838215604713,25
2010,10,10,6,0.9839071549993186,25
2011,11,10,6,0.9750785951638562,25
2012,12,10,6,0.9884195357513988,25
2013,13,10,6,0.9797087121717322,25
2014,14,10,6,0.9855737196335832,25
2015,15,10,6,0.9827178465119379,25
2016,16,10,6,0.9790619894717703,25
2017,17,10,6,0.9802056875056625,25
2018,18,10,6,0.9881782126421415,25
2019,19,10,6,0.9752989706572601,25
2020,20,10,6,0.9854944995110382,25
2021,21,10,6,0.9776603750613949,25
2022,22,10,6,0.9869864746519985,25
2023,23,10,6,0.9773765761444015,25
2024,24,10,6,0.9856178576204521,25
2025,25,10,6,0.9862705414102962,25
2026,26,10,6,0.9798339625495474,25
2027,27,10,6,0.9766285949524547,25
2028,28,10,6,0.97307297667516,25
2029,29,10,6,0.9774159897035993,25
2030,30,10,6,0.9822071970536669,25
2031,31,10,6,0.9825183586882164,25
2032,32,10,6,0.981042955319852,25
2033,33,10,6,0.9824419562297929,25
2034,34,10,6,0.9905162973673145,25
2035,35,10,6,0.9818622312677756,25
2036,36,10,6,0.9754844657742954,25
2037,37,10,6,0.981447820275439,25
2038,38,10,6,0.9704743856926427,25
2039,39,10,6,0.9803028084978027,25
2040,40,10,6,0.9874080628423478,25
2041,41,10,6,0.9753245915545306,25
2042,42,10,6,0.9845812131418813,25
2043,43,10,6,0.9776045919669668,25
2044,44,10,6,0.9834237328493335,25
2045,45,10,6,0.9848093150820731,25
2046,46,10,6,0.9819416050718464,25
2047,47,10,6,0.99039260112971,25
2048,48,10,6,0.9865471505858718,25
2049,49,10,6,0.9819771405842912,25
2050,50,10,6,0.9637966568614679,25
2051,51,10,6,0.9843116069575532,25
2052,52,10,6,0.981376013795024,25
2053,53,10,6,0.9779241060776983,25
2054,54,10,6,0.9804948962397986,25
2055,55,10,6,0.9859677953377942,25
2056,56,10,6,0.9867362147152199,25
2057,57,10,6,0.9773139148635889,25
2058,58,10,6,0.9769266326493511,25
2059,59,10,6,0.9811855954916,25
2060,60,10,6,0.9812216588882715,25
2061,61,10,6,0.9691321098037242,25
2062,62,10,6,0.97766356289724,25
2063,63,10,6,0.9765257817626006,25
2064,64,10,6,0.9849418568178696,25
2065,65,10,6,0.977842107343916,25
2066,66,10,6,0.983909878622387,25
2067,67,10,6,0.9846498162767311,25
2068,68,10,6,0.9788211166362759,25
2069,69,10,6,0.9828270137049983,25
2070,70,10,6,0.9780179857060413,25
2071,71,10,6,0.9812011508193123,25
2072,72,10,6,0.9764928527442231,25
2073,73,10,6,0.9841569710683042,25
2074,74,10,6,0.9800764998478326,25
2075,75,10,6,0.9838308533008804,25
2076,76,10,6,0.9835076815828632,25
2077,77,10,6,0.9827970078652697,25
2078,78,10,6,0.9758311051864826,25
2079,79,10,6,0.9846612756216099,25
2080,80,10,6,0.977134961648387,25
2081,81,10,6,0.9782306628055383,25
2082,82,10,6,0.9794858900089343,25
2083,83,10,6,0.9792456796996988,25
2084,84,10,6,0.9783406271811299,25
2085,85,10,6,0.9729970546972545,25
2086,86,10,6,0.9834528430799049,25
2087,87,10,6,0.9801221209408566,25
2088,88,10,6,0.9781594584518427,25
2089,89,10,6,0.9810072217309281,25
2090,90,10,6,0.9802997201875769,25
2091,91,10,6,0.9770929721967456,25
2092,92,10,6,0.9843130237073336,25
2093,93,10,6,0.9842578695323737,25
2094,94,10,6,0.9831757707273348,25
2095,95,10,6,0.9801268441969627,25
2096,96,10,6,0.9725990860185476,25
2097,97,10,6,0.9776915793751453,25
2098,98,10,6,0.9795002668687534,25
2099,99,10,6,0.9828476201842261,25
2100,0,10,7,0.9866103262351846,25
2101,1,10,7,0.9782888096917771,25
2102,2,10,7,0.9828183824083787,25
2103,3,10,7,0.989159825708455,25
2104,4,10,7,0.9877616442023511,25
2105,5,10,7,0.9828055114360997,25
2106,6,10,7,0.9875428494439146,25
2107,7,10,7,0.981543656558227,25
2108,8,10,7,0.9861338170348865,25
2109,9,10,7,0.9846613424394801,25
2110,10,10,7,0.9833178803325404,25
2111,11,10,7,0.9898196705451043,25
2112,12,10,7,0.9808952823718206,25
2113,13,10,7,0.9821956881396045,25
2114,14,10,7,0.985664924232677,25
2115,15,10,7,0.9765514262832159,25
2116,16,10,7,0.9813562425108855,25
2117,17,10,7,0.9833028497163151,25
2118,18,10,7,0.984253013800714,25
2119,19,10,7,0.9852291683367591,25
2120,20,10,7,0.9870635801598042,25
2121,21,10,7,0.9829044124600964,25
2122,22,10,7,0.9810313918759979,25
2123,23,10,7,0.9844000508709146,25
2124,24,10,7,0.9825943157699004,25
2125,25,10,7,0.9883890111095736,25
2126,26,10,7,0.9763691585016078,25
2127,27,10,7,0.9858750261874855,25
2128,28,10,7,0.9808578524314622,25
2129,29,10,7,0.983592186612527,25
2130,30,10,7,0.9851070134931016,25
2131,31,10,7,0.9867058377107059,25
2132,32,10,7,0.9862828183686508,25
2133,33,10,7,0.9821273425641993,25
2134,34,10,7,0.9782670140943155,25
2135,35,10,7,0.9879092786349043,25
2136,36,10,7,0.9851010068442476,25
2137,37,10,7,0.986122610187493,25
2138,38,10,7,0.9878351753278035,25
2139,39,10,7,0.9830409069648341,25
2140,40,10,7,0.9823743928078228,25
2141,41,10,7,0.9815451196424134,25
2142,42,10,7,0.9823178289968236,25
2143,43,10,7,0.9856665739938275,25
2144,44,10,7,0.9794701981850699,25
2145,45,10,7,0.9810248656028392,25
2146,46,10,7,0.9815316193671607,25
2147,47,10,7,0.9771336888877368,25
2148,48,10,7,0.9834029773807207,25
2149,49,10,7,0.9875682837160148,25
2150,50,10,7,0.9809009458755005,25
2151,51,10,7,0.9874283981619238,25
2152,52,10,7,0.9837615444442623,25
2153,53,10,7,0.9857337930894432,25
2154,54,10,7,0.9885643986267396,25
2155,55,10,7,0.984359462290543,25
2156,56,10,7,0.9787701154570817,25
2157,57,10,7,0.9789943160833514,25
2158,58,10,7,0.9833011614463218,25
2159,59,10,7,0.9841491172511406,25
2160,60,10,7,0.9831000434335254,25
2161,61,10,7,0.9785254148458621,25
2162,62,10,7,0.9874189849183338,25
2163,63,10,7,0.985446103411048,25
2164,64,10,7,0.981712691946378,25
2165,65,10,7,0.9842286560257573,25
2166,66,10,7,0.9833245377043969,25
2167,67,10,7,0.9859323124661621,25
2168,68,10,7,0.9876096828013667,25
2169,69,10,7,0.9873954498623563,25
2170,70,10,7,0.9777710577656711,25
2171,71,10,7,0.9855137770424761,25
2172,72,10,7,0.9839793499708359,25
2173,73,10,7,0.9790350307552769,25
2174,74,10,7,0.9825619700646236,25
2175,75,10,7,0.9818790053090161,25
2176,76,10,7,0.9817409938579378,25
2177,77,10,7,0.9828461796537047,25
2178,78,10,7,0.9835476314687044,25
2179,79,10,7,0.9795950885560231,25
2180,80,10,7,0.986624360245166,25
2181,81,10,7,0.9850999341013457,25
2182,82,10,7,0.9838801641935688,25
2183,83,10,7,0.9746675204941312,25
2184,84,10,7,0.983238098550847,25
2185,85,10,7,0.982453025230264,25
2186,86,10,7,0.9818079220000872,25
2187,87,10,7,0.982142419427263,25
2188,88,10,7,0.9846485010044036,25
2189,89,10,7,0.9883474038050077,25
2190,90,10,7,0.9873671868572584,25
2191,91,10,7,0.9752319562610962,25
2192,92,10,7,0.984517767812226,25
2193,93,10,7,0.9785691225979632,25
2194,94,10,7,0.9878385976052998,25
2195,95,10,7,0.9795160816881482,25
2196,96,10,7,0.9810729093588411,25
2197,97,10,7,0.9777803073473489,25
2198,98,10,7,0.980588101387941,25
2199,99,10,7,0.9828222463418289,25
2200,0,10,8,0.9894107492539898,25
2201,1,10,8,0.9893439322999832,25
2202,2,10,8,0.9815034461526304,25
2203,3,10,8,0.9850994459868303,25
2204,4,10,8,0.9848957355394431,25
2205,5,10,8,0.9845462228104672,25
2206,6,10,8,0.9855579106280816,25
2207,7,10,8,0.9823372461736601,25
2208,8,10,8,0.9855855579072358,25
2209,9,10,8,0.9838351207928067,25
2210,10,10,8,0.9813551118786974,25
2211,11,10,8,0.9808950375214365,25
2212,12,10,8,0.9819579267442653,25
2213,13,10,8,0.9824081567611157,25
2214,14,10,8,0.9878331546685397,25
2215,15,10,8,0.9855566518093493,25
2216,16,10,8,0.9843335388278924,25
2217,17,10,8,0.9873410778400092,25
2218,18,10,8,0.9856599822067867,25
2219,19,10,8,0.9835751902568085,25
2220,20,10,8,0.9836718198410743,25
2221,21,10,8,0.9824045602547313,25
2222,22,10,8,0.9831793715156041,25
2223,23,10,8,0.984465960940765,25
2224,24,10,8,0.9859360492179113,25
2225,25,10,8,0.986772933483494,25
2226,26,10,8,0.9835302687092835,25
2227,27,10,8,0.9863575677828511,25
2228,28,10,8,0.9854186366957988,25
2229,29,10,8,0.9871787115106468,25
2230,30,10,8,0.9860615552725055,25
2231,31,10,8,0.9863237488997462,25
2232,32,10,8,0.982601207005185,25
2233,33,10,8,0.9841439557766567,25
2234,34,10,8,0.9874473373056845,25
2235,35,10,8,0.9835100812474615,25
2236,36,10,8,0.9834221614664548,25
2237,37,10,8,0.9843068184013224,25
2238,38,10,8,0.9846200167614992,25
2239,39,10,8,0.9873027548726301,25
2240,40,10,8,0.9858762030501902,25
2241,41,10,8,0.9859345991541298,25
2242,42,10,8,0.9867358636257466,25
2243,43,10,8,0.9879132584753885,25
2244,44,10,8,0.9836117152686153,25
2245,45,10,8,0.9871413012280427,25
2246,46,10,8,0.9872396842578411,25
2247,47,10,8,0.9852373391812087,25
2248,48,10,8,0.9835037836469277,25
2249,49,10,8,0.9875657225179238,25
2250,50,10,8,0.9857613630823472,25
2251,51,10,8,0.9865644781031433,25
2252,52,10,8,0.9872059074251245,25
2253,53,10,8,0.9863338415572575,25
2254,54,10,8,0.9875449112964765,25
2255,55,10,8,0.9858068926266135,25
2256,56,10,8,0.9858923203633594,25
2257,57,10,8,0.9872810841856826,25
2258,58,10,8,0.9846818914317855,25
2259,59,10,8,0.9863589838045668,25
2260,60,10,8,0.9847378170336858,25
2261,61,10,8,0.9863267195582476,25
2262,62,10,8,0.9847348930289439,25
2263,63,10,8,0.9805364156170124,25
2264,64,10,8,0.9867900545670948,25
2265,65,10,8,0.9832464331660472,25
2266,66,10,8,0.9857979614239515,25
2267,67,10,8,0.9891216272801123,25
2268,68,10,8,0.9856671458121465,25
2269,69,10,8,0.9831365972489602,25
2270,70,10,8,0.9873842622704961,25
2271,71,10,8,0.9822169694157163,25
2272,72,10,8,0.9855456010051866,25
2273,73,10,8,0.982727118264147,25
2274,74,10,8,0.9828473033989845,25
2275,75,10,8,0.9840908937286026,25
2276,76,10,8,0.9875907825430127,25
2277,77,10,8,0.9870570848807781,25
2278,78,10,8,0.9843552864058631,25
2279,79,10,8,0.9861955260974659,25
2280,80,10,8,0.9815542285518444,25
2281,81,10,8,0.9835571947395183,25
2282,82,10,8,0.9893899118893036,25
2283,83,10,8,0.9847579931400561,25
2284,84,10,8,0.9841901325023427,25
2285,85,10,8,0.9858110775193006,25
2286,86,10,8,0.9843094323829474,25
2287,87,10,8,0.9869585018197509,25
2288,88,10,8,0.9853677212241464,25
2289,89,10,8,0.985007225744196,25
2290,90,10,8,0.9819766874661032,25
2291,91,10,8,0.9864235728931483,25
2292,92,10,8,0.9889541836024686,25
2293,93,10,8,0.9811014210521098,25
2294,94,10,8,0.9848663867816142,25
2295,95,10,8,0.9832047612677169,25
2296,96,10,8,0.9852426548780615,25
2297,97,10,8,0.9803262498058335,25
2298,98,10,8,0.9891410376784737,25
2299,99,10,8,0.9839319336637475,25
2300,0,10,9,0.985504176623123,25
2301,1,10,9,0.9872271203546712,25
2302,2,10,9,0.9861369319542448,25
2303,3,10,9,0.9872358691475003,25
2304,4,10,9,0.9868508475123992,25
2305,5,10,9,0.9862793586172561,25
2306,6,10,9,0.9868326519646894,25
2307,7,10,9,0.9871122047096517,25
2308,8,10,9,0.9859852217243705,25
2309,9,10,9,0.9865593099422061,25
2310,10,10,9,0.9867298679263352,25
2311,11,10,9,0.9858612853657631,25
2312,12,10,9,0.9859257124333298,25
2313,13,10,9,0.9864204319247695,25
2314,14,10,9,0.9870037118965187,25
2315,15,10,9,0.9863380377703435,25
2316,16,10,9,0.9884083741674787,25
2317,17,10,9,0.9880643213039905,25
2318,18,10,9,0.986398979221047,25
2319,19,10,9,0.9860894270998098,25
2320,20,10,9,0.986674103324124,25
2321,21,10,9,0.9874364516107185,25
2322,22,10,9,0.9873827137989246,25
2323,23,10,9,0.9854549558544913,25
2324,24,10,9,0.9874443609503691,25
2325,25,10,9,0.9870130929933255,25
2326,26,10,9,0.9866642127134084,25
2327,27,10,9,0.9871706702454085,25
2328,28,10,9,0.9868382561277423,25
2329,29,10,9,0.9868274712642998,25
2330,30,10,9,0.9864799824362946,25
2331,31,10,9,0.9870780556377393,25
2332,32,10,9,0.9861596555946649,25
2333,33,10,9,0.986379832587213,25
2334,34,10,9,0.9870886485663873,25
2335,35,10,9,0.9855444993793568,25
2336,36,10,9,0.9875280542349968,25
2337,37,10,9,0.9856762231293142,25
2338,38,10,9,0.9855942584313052,25
2339,39,10,9,0.9863388242418556,25
2340,40,10,9,0.9874191841940108,25
2341,41,10,9,0.9865657141218309,25
2342,42,10,9,0.985943316501981,25
2343,43,10,9,0.9866415992787713,25
2344,44,10,9,0.9870026934954511,25
2345,45,10,9,0.9868317826814769,25
2346,46,10,9,0.9874154829552204,25
2347,47,10,9,0.9859602076460529,25
2348,48,10,9,0.9883052883133906,25
2349,49,10,9,0.9884169572476827,25
2350,50,10,9,0.9859086934207171,25
2351,51,10,9,0.9873990290276117,25
2352,52,10,9,0.9868100610342787,25
2353,53,10,9,0.9858177538874476,25
2354,54,10,9,0.9864735346441504,25
2355,55,10,9,0.9855342070441548,25
2356,56,10,9,0.9861277447088458,25
2357,57,10,9,0.9864967756026813,25
2358,58,10,9,0.9869195575079494,25
2359,59,10,9,0.9872857676055388,25
2360,60,10,9,0.9857403000721637,25
2361,61,10,9,0.9857267331119172,25
2362,62,10,9,0.9871480902203622,25
2363,63,10,9,0.986515765917295,25
2364,64,10,9,0.9857447651889589,25
2365,65,10,9,0.9874723546931755,25
2366,66,10,9,0.9868173815737076,25
2367,67,10,9,0.9858799983173685,25
2368,68,10,9,0.9868099350537624,25
2369,69,10,9,0.9860175011406082,25
2370,70,10,9,0.986072917862553,25
2371,71,10,9,0.9868833012629745,25
2372,72,10,9,0.9866643975982275,25
2373,73,10,9,0.987577939015142,25
2374,74,10,9,0.9866856139420886,25
2375,75,10,9,0.9854537385259203,25
2376,76,10,9,0.9862654874749441,25
2377,77,10,9,0.9862859749966757,25
2378,78,10,9,0.9873274435034934,25
2379,79,10,9,0.9872081388432752,25
2380,80,10,9,0.9866057052163856,25
2381,81,10,9,0.9862973335609154,25
2382,82,10,9,0.9860429196678897,25
2383,83,10,9,0.9866726742496224,25
2384,84,10,9,0.9865425327597824,25
2385,85,10,9,0.9872692941650959,25
2386,86,10,9,0.9863506400447856,25
2387,87,10,9,0.985241434847459,25
2388,88,10,9,0.9860878488765019,25
2389,89,10,9,0.9860031868680529,25
2390,90,10,9,0.9856486849700211,25
2391,91,10,9,0.9866102190302793,25
2392,92,10,9,0.9871297351527484,25
2393,93,10,9,0.9866335282247999,25
2394,94,10,9,0.9863742518590158,25
2395,95,10,9,0.9878439784074303,25
2396,96,10,9,0.9853823118657736,25
2397,97,10,9,0.9871648223092913,25
2398,98,10,9,0.9869985074699631,25
2399,99,10,9,0.9865030869870002,25
2400,0,10,10,0.9873869501669361,25
2401,1,10,10,0.9873869501669361,25
2402,2,10,10,0.9873869501669361,25
2403,3,10,10,0.9873869501669361,25
2404,4,10,10,0.9873869501669361,25
2405,5,10,10,0.9873869501669361,25
2406,6,10,10,0.9873869501669361,25
2407,7,10,10,0.9873869501669361,25
2408,8,10,10,0.9873869501669361,25
2409,9,10,10,0.9873869501669361,25
2410,10,10,10,0.9873869501669361,25
2411,11,10,10,0.9873869501669361,25
2412,12,10,10,0.9873869501669361,25
2413,13,10,10,0.9873869501669361,25
2414,14,10,10,0.9873869501669361,25
2415,15,10,10,0.9873869501669361,25
2416,16,10,10,0.9873869501669361,25
2417,17,10,10,0.9873869501669361,25
2418,18,10,10,0.9873869501669361,25
2419,19,10,10,0.9873869501669361,25
2420,20,10,10,0.9873869501669361,25
2421,21,10,10,0.9873869501669361,25
2422,22,10,10,0.9873869501669361,25
2423,23,10,10,0.9873869501669361,25
2424,24,10,10,0.9873869501669361,25
2425,25,10,10,0.9873869501669361,25
2426,26,10,10,0.9873869501669361,25
2427,27,10,10,0.9873869501669361,25
2428,28,10,10,0.9873869501669361,25
2429,29,10,10,0.9873869501669361,25
2430,30,10,10,0.9873869501669361,25
2431,31,10,10,0.9873869501669361,25
2432,32,10,10,0.9873869501669361,25
2433,33,10,10,0.9873869501669361,25
2434,34,10,10,0.9873869501669361,25
2435,35,10,10,0.9873869501669361,25
2436,36,10,10,0.9873869501669361,25
2437,37,10,10,0.9873869501669361,25
2438,38,10,10,0.9873869501669361,25
2439,39,10,10,0.9873869501669361,25
2440,40,10,10,0.9873869501669361,25
2441,41,10,10,0.9873869501669361,25
2442,42,10,10,0.9873869501669361,25
2443,43,10,10,0.9873869501669361,25
2444,44,10,10,0.9873869501669361,25
2445,45,10,10,0.9873869501669361,25
2446,46,10,10,0.9873869501669361,25
2447,47,10,10,0.9873869501669361,25
2448,48,10,10,0.9873869501669361,25
2449,49,10,10,0.9873869501669361,25
2450,50,10,10,0.9873869501669361,25
2451,51,10,10,0.9873869501669361,25
2452,52,10,10,0.9873869501669361,25
2453,53,10,10,0.9873869501669361,25
2454,54,10,10,0.9873869501669361,25
2455,55,10,10,0.9873869501669361,25
2456,56,10,10,0.9873869501669361,25
2457,57,10,10,0.9873869501669361,25
2458,58,10,10,0.9873869501669361,25
2459,59,10,10,0.9873869501669361,25
2460,60,10,10,0.9873869501669361,25
2461,61,10,10,0.9873869501669361,25
2462,62,10,10,0.9873869501669361,25
2463,63,10,10,0.9873869501669361,25
2464,64,10,10,0.9873869501669361,25
2465,65,10,10,0.9873869501669361,25
2466,66,10,10,0.9873869501669361,25
2467,67,10,10,0.9873869501669361,25
2468,68,10,10,0.9873869501669361,25
2469,69,10,10,0.9873869501669361,25
2470,70,10,10,0.9873869501669361,25
2471,71,10,10,0.9873869501669361,25
2472,72,10,10,0.9873869501669361,25
2473,73,10,10,0.9873869501669361,25
2474,74,10,10,0.9873869501669361,25
2475,75,10,10,0.9873869501669361,25
2476,76,10,10,0.9873869501669361,25
2477,77,10,10,0.9873869501669361,25
2478,78,10,10,0.9873869501669361,25
2479,79,10,10,0.9873869501669361,25
2480,80,10,10,0.9873869501669361,25
2481,81,10,10,0.9873869501669361,25
2482,82,10,10,0.9873869501669361,25
2483,83,10,10,0.9873869501669361,25
2484,84,10,10,0.9873869501669361,25
2485,85,10,10,0.9873869501669361,25
2486,86,10,10,0.9873869501669361,25
2487,87,10,10,0.9873869501669361,25
2488,88,10,10,0.9873869501669361,25
2489,89,10,10,0.9873869501669361,25
2490,90,10,10,0.9873869501669361,25
2491,91,10,10,0.9873869501669361,25
2492,92,10,10,0.9873869501669361,25
2493,93,10,10,0.9873869501669361,25
2494,94,10,10,0.9873869501669361,25
2495,95,10,10,0.9873869501669361,25
2496,96,10,10,0.9873869501669361,25
2497,97,10,10,0.9873869501669361,25
2498,98,10,10,0.9873869501669361,25
2499,99,10,10,0.9873869501669361,25
2500,0,10,11,,25
2501,1,10,11,,25
2502,2,10,11,,25
2503,3,10,11,,25
2504,4,10,11,,25
2505,5,10,11,,25
2506,6,10,11,,25
2507,7,10,11,,25
2508,8,10,11,,25
2509,9,10,11,,25
2510,10,10,11,,25
2511,11,10,11,,25
2512,12,10,11,,25
2513,13,10,11,,25
2514,14,10,11,,25
2515,15,10,11,,25
2516,16,10,11,,25
2517,17,10,11,,25
2518,18,10,11,,25
2519,19,10,11,,25
2520,20,10,11,,25
2521,21,10,11,,25
2522,22,10,11,,25
2523,23,10,11,,25
2524,24,10,11,,25
2525,25,10,11,,25
2526,26,10,11,,25
2527,27,10,11,,25
2528,28,10,11,,25
2529,29,10,11,,25
2530,30,10,11,,25
2531,31,10,11,,25
2532,32,10,11,,25
2533,33,10,11,,25
2534,34,10,11,,25
2535,35,10,11,,25
2536,36,10,11,,25
2537,37,10,11,,25
2538,38,10,11,,25
2539,39,10,11,,25
2540,40,10,11,,25
2541,41,10,11,,25
2542,42,10,11,,25
2543,43,10,11,,25
2544,44,10,11,,25
2545,45,10,11,,25
2546,46,10,11,,25
2547,47,10,11,,25
2548,48,10,11,,25
2549,49,10,11,,25
2550,50,10,11,,25
2551,51,10,11,,25
2552,52,10,11,,25
2553,53,10,11,,25
2554,54,10,11,,25
2555,55,10,11,,25
2556,56,10,11,,25
2557,57,10,11,,25
2558,58,10,11,,25
2559,59,10,11,,25
2560,60,10,11,,25
2561,61,10,11,,25
2562,62,10,11,,25
2563,63,10,11,,25
2564,64,10,11,,25
2565,65,10,11,,25
2566,66,10,11,,25
2567,67,10,11,,25
2568,68,10,11,,25
2569,69,10,11,,25
2570,70,10,11,,25
2571,71,10,11,,25
2572,72,10,11,,25
2573,73,10,11,,25
2574,74,10,11,,25
2575,75,10,11,,25
2576,76,10,11,,25
2577,77,10,11,,25
2578,78,10,11,,25
2579,79,10,11,,25
2580,80,10,11,,25
2581,81,10,11,,25
2582,82,10,11,,25
2583,83,10,11,,25
2584,84,10,11,,25
2585,85,10,11,,25
2586,86,10,11,,25
2587,87,10,11,,25
2588,88,10,11,,25
2589,89,10,11,,25
2590,90,10,11,,25
2591,91,10,11,,25
2592,92,10,11,,25
2593,93,10,11,,25
2594,94,10,11,,25
2595,95,10,11,,25
2596,96,10,11,,25
2597,97,10,11,,25
2598,98,10,11,,25
2599,99,10,11,,25
2600,0,10,12,,25
2601,1,10,12,,25
2602,2,10,12,,25
2603,3,10,12,,25
2604,4,10,12,,25
2605,5,10,12,,25
2606,6,10,12,,25
2607,7,10,12,,25
2608,8,10,12,,25
2609,9,10,12,,25
2610,10,10,12,,25
2611,11,10,12,,25
2612,12,10,12,,25
2613,13,10,12,,25
2614,14,10,12,,25
2615,15,10,12,,25
2616,16,10,12,,25
2617,17,10,12,,25
2618,18,10,12,,25
2619,19,10,12,,25
2620,20,10,12,,25
2621,21,10,12,,25
2622,22,10,12,,25
2623,23,10,12,,25
2624,24,10,12,,25
2625,25,10,12,,25
2626,26,10,12,,25
2627,27,10,12,,25
2628,28,10,12,,25
2629,29,10,12,,25
2630,30,10,12,,25
2631,31,10,12,,25
2632,32,10,12,,25
2633,33,10,12,,25
2634,34,10,12,,25
2635,35,10,12,,25
2636,36,10,12,,25
2637,37,10,12,,25
2638,38,10,12,,25
2639,39,10,12,,25
2640,40,10,12,,25
2641,41,10,12,,25
2642,42,10,12,,25
2643,43,10,12,,25
2644,44,10,12,,25
2645,45,10,12,,25
2646,46,10,12,,25
2647,47,10,12,,25
2648,48,10,12,,25
2649,49,10,12,,25
2650,50,10,12,,25
2651,51,10,12,,25
2652,52,10,12,,25
2653,53,10,12,,25
2654,54,10,12,,25
2655,55,10,12,,25
2656,56,10,12,,25
2657,57,10,12,,25
2658,58,10,12,,25
2659,59,10,12,,25
2660,60,10,12,,25
2661,61,10,12,,25
2662,62,10,12,,25
2663,63,10,12,,25
2664,64,10,12,,25
2665,65,10,12,,25
2666,66,10,12,,25
2667,67,10,12,,25
2668,68,10,12,,25
2669,69,10,12,,25
2670,70,10,12,,25
2671,71,10,12,,25
2672,72,10,12,,25
2673,73,10,12,,25
2674,74,10,12,,25
2675,75,10,12,,25
2676,76,10,12,,25
2677,77,10,12,,25
2678,78,10,12,,25
2679,79,10,12,,25
2680,80,10,12,,25
2681,81,10,12,,25
2682,82,10,12,,25
2683,83,10,12,,25
2684,84,10,12,,25
2685,85,10,12,,25
2686,86,10,12,,25
2687,87,10,12,,25
2688,88,10,12,,25
2689,89,10,12,,25
2690,90,10,12,,25
2691,91,10,12,,25
2692,92,10,12,,25
2693,93,10,12,,25
2694,94,10,12,,25
2695,95,10,12,,25
2696,96,10,12,,25
2697,97,10,12,,25
2698,98,10,12,,25
2699,99,10,12,,25
2700,0,10,13,,25
2701,1,10,13,,25
2702,2,10,13,,25
2703,3,10,13,,25
2704,4,10,13,,25
2705,5,10,13,,25
2706,6,10,13,,25
2707,7,10,13,,25
2708,8,10,13,,25
2709,9,10,13,,25
2710,10,10,13,,25
2711,11,10,13,,25
2712,12,10,13,,25
2713,13,10,13,,25
2714,14,10,13,,25
2715,15,10,13,,25
2716,16,10,13,,25
2717,17,10,13,,25
2718,18,10,13,,25
2719,19,10,13,,25
2720,20,10,13,,25
2721,21,10,13,,25
2722,22,10,13,,25
2723,23,10,13,,25
2724,24,10,13,,25
2725,25,10,13,,25
2726,26,10,13,,25
2727,27,10,13,,25
2728,28,10,13,,25
2729,29,10,13,,25
2730,30,10,13,,25
2731,31,10,13,,25
2732,32,10,13,,25
2733,33,10,13,,25
2734,34,10,13,,25
2735,35,10,13,,25
2736,36,10,13,,25
2737,37,10,13,,25
2738,38,10,13,,25
2739,39,10,13,,25
2740,40,10,13,,25
2741,41,10,13,,25
2742,42,10,13,,25
2743,43,10,13,,25
2744,44,10,13,,25
2745,45,10,13,,25
2746,46,10,13,,25
2747,47,10,13,,25
2748,48,10,13,,25
2749,49,10,13,,25
2750,50,10,13,,25
2751,51,10,13,,25
2752,52,10,13,,25
2753,53,10,13,,25
2754,54,10,13,,25
2755,55,10,13,,25
2756,56,10,13,,25
2757,57,10,13,,25
2758,58,10,13,,25
2759,59,10,13,,25
2760,60,10,13,,25
2761,61,10,13,,25
2762,62,10,13,,25
2763,63,10,13,,25
2764,64,10,13,,25
2765,65,10,13,,25
2766,66,10,13,,25
2767,67,10,13,,25
2768,68,10,13,,25
2769,69,10,13,,25
2770,70,10,13,,25
2771,71,10,13,,25
2772,72,10,13,,25
2773,73,10,13,,25
2774,74,10,13,,25
2775,75,10,13,,25
2776,76,10,13,,25
2777,77,10,13,,25
2778,78,10,13,,25
2779,79,10,13,,25
2780,80,10,13,,25
2781,81,10,13,,25
2782,82,10,13,,25
2783,83,10,13,,25
2784,84,10,13,,25
2785,85,10,13,,25
2786,86,10,13,,25
2787,87,10,13,,25
2788,88,10,13,,25
2789,89,10,13,,25
2790,90,10,13,,25
2791,91,10,13,,25
2792,92,10,13,,25
2793,93,10,13,,25
2794,94,10,13,,25
2795,95,10,13,,25
2796,96,10,13,,25
2797,97,10,13,,25
2798,98,10,13,,25
2799,99,10,13,,25
2800,0,10,14,,25
2801,1,10,14,,25
2802,2,10,14,,25
2803,3,10,14,,25
2804,4,10,14,,25
2805,5,10,14,,25
2806,6,10,14,,25
2807,7,10,14,,25
2808,8,10,14,,25
2809,9,10,14,,25
2810,10,10,14,,25
2811,11,10,14,,25
2812,12,10,14,,25
2813,13,10,14,,25
2814,14,10,14,,25
2815,15,10,14,,25
2816,16,10,14,,25
2817,17,10,14,,25
2818,18,10,14,,25
2819,19,10,14,,25
2820,20,10,14,,25
2821,21,10,14,,25
2822,22,10,14,,25
2823,23,10,14,,25
2824,24,10,14,,25
2825,25,10,14,,25
2826,26,10,14,,25
2827,27,10,14,,25
2828,28,10,14,,25
2829,29,10,14,,25
2830,30,10,14,,25
2831,31,10,14,,25
2832,32,10,14,,25
2833,33,10,14,,25
2834,34,10,14,,25
2835,35,10,14,,25
2836,36,10,14,,25
2837,37,10,14,,25
2838,38,10,14,,25
2839,39,10,14,,25
2840,40,10,14,,25
2841,41,10,14,,25
2842,42,10,14,,25
2843,43,10,14,,25
2844,44,10,14,,25
2845,45,10,14,,25
2846,46,10,14,,25
2847,47,10,14,,25
2848,48,10,14,,25
2849,49,10,14,,25
2850,50,10,14,,25
2851,51,10,14,,25
2852,52,10,14,,25
2853,53,10,14,,25
2854,54,10,14,,25
2855,55,10,14,,25
2856,56,10,14,,25
2857,57,10,14,,25
2858,58,10,14,,25
2859,59,10,14,,25
2860,60,10,14,,25
2861,61,10,14,,25
2862,62,10,14,,25
2863,63,10,14,,25
2864,64,10,14,,25
2865,65,10,14,,25
2866,66,10,14,,25
2867,67,10,14,,25
2868,68,10,14,,25
2869,69,10,14,,25
2870,70,10,14,,25
2871,71,10,14,,25
2872,72,10,14,,25
2873,73,10,14,,25
2874,74,10,14,,25
2875,75,10,14,,25
2876,76,10,14,,25
2877,77,10,14,,25
2878,78,10,14,,25
2879,79,10,14,,25
2880,80,10,14,,25
2881,81,10,14,,25
2882,82,10,14,,25
2883,83,10,14,,25
2884,84,10,14,,25
2885,85,10,14,,25
2886,86,10,14,,25
2887,87,10,14,,25
2888,88,10,14,,25
2889,89,10,14,,25
2890,90,10,14,,25
2891,91,10,14,,25
2892,92,10,14,,25
2893,93,10,14,,25
2894,94,10,14,,25
2895,95,10,14,,25
2896,96,10,14,,25
2897,97,10,14,,25
2898,98,10,14,,25
2899,99,10,14,,25
2900,0,10,15,,25
2901,1,10,15,,25
2902,2,10,15,,25
2903,3,10,15,,25
2904,4,10,15,,25
2905,5,10,15,,25
2906,6,10,15,,25
2907,7,10,15,,25
2908,8,10,15,,25
2909,9,10,15,,25
2910,10,10,15,,25
2911,11,10,15,,25
2912,12,10,15,,25
2913,13,10,15,,25
2914,14,10,15,,25
2915,15,10,15,,25
2916,16,10,15,,25
2917,17,10,15,,25
2918,18,10,15,,25
2919,19,10,15,,25
2920,20,10,15,,25
2921,21,10,15,,25
2922,22,10,15,,25
2923,23,10,15,,25
2924,24,10,15,,25
2925,25,10,15,,25
2926,26,10,15,,25
2927,27,10,15,,25
2928,28,10,15,,25
2929,29,10,15,,25
2930,30,10,15,,25
2931,31,10,15,,25
2932,32,10,15,,25
2933,33,10,15,,25
2934,34,10,15,,25
2935,35,10,15,,25
2936,36,10,15,,25
2937,37,10,15,,25
2938,38,10,15,,25
2939,39,10,15,,25
2940,40,10,15,,25
2941,41,10,15,,25
2942,42,10,15,,25
2943,43,10,15,,25
2944,44,10,15,,25
2945,45,10,15,,25
2946,46,10,15,,25
2947,47,10,15,,25
2948,48,10,15,,25
2949,49,10,15,,25
2950,50,10,15,,25
2951,51,10,15,,25
2952,52,10,15,,25
2953,53,10,15,,25
2954,54,10,15,,25
2955,55,10,15,,25
2956,56,10,15,,25
2957,57,10,15,,25
2958,58,10,15,,25
2959,59,10,15,,25
2960,60,10,15,,25
2961,61,10,15,,25
2962,62,10,15,,25
2963,63,10,15,,25
2964,64,10,15,,25
2965,65,10,15,,25
2966,66,10,15,,25
2967,67,10,15,,25
2968,68,10,15,,25
2969,69,10,15,,25
2970,70,10,15,,25
2971,71,10,15,,25
2972,72,10,15,,25
2973,73,10,15,,25
2974,74,10,15,,25
2975,75,10,15,,25
2976,76,10,15,,25
2977,77,10,15,,25
2978,78,10,15,,25
2979,79,10,15,,25
2980,80,10,15,,25
2981,81,10,15,,25
2982,82,10,15,,25
2983,83,10,15,,25
2984,84,10,15,,25
2985,85,10,15,,25
2986,86,10,15,,25
2987,87,10,15,,25
2988,88,10,15,,25
2989,89,10,15,,25
2990,90,10,15,,25
2991,91,10,15,,25
2992,92,10,15,,25
2993,93,10,15,,25
2994,94,10,15,,25
2995,95,10,15,,25
2996,96,10,15,,25
2997,97,10,15,,25
2998,98,10,15,,25
2999,99,10,15,,25
3000,0,15,1,0.7288381196520196,17
3001,1,15,1,0.8227894916579954,17
3002,2,15,1,0.7702651980457286,17
3003,3,15,1,0.6373742560499416,17
3004,4,15,1,0.9612430640086593,17
3005,5,15,1,0.9220989412763656,17
3006,6,15,1,0.8324888164884776,17
3007,7,15,1,0.9590655621947863,17
3008,8,15,1,0.9460916561906246,17
3009,9,15,1,0.9594613680676012,17
3010,10,15,1,0.9580868269724943,17
3011,11,15,1,0.9765243353825243,17
3012,12,15,1,0.7305060970100083,17
3013,13,15,1,0.8938716359830928,17
3014,14,15,1,0.8155391850713022,17
3015,15,15,1,0.8306458515126928,17
3016,16,15,1,0.9290288629558001,17
3017,17,15,1,0.9069674210969002,17
3018,18,15,1,0.9721666725528905,17
3019,19,15,1,0.9746213529372445,17
3020,20,15,1,0.9649957442375146,17
3021,21,15,1,0.751031118870963,17
3022,22,15,1,0.9322830368251498,17
3023,23,15,1,0.9021239641034845,17
3024,24,15,1,0.7571685266854988,17
3025,25,15,1,0.8976273414736841,17
3026,26,15,1,0.6050447763017186,17
3027,27,15,1,0.8455835391953528,17
3028,28,15,1,0.9590266162782933,17
3029,29,15,1,0.8851707181939976,17
3030,30,15,1,0.7452709084567274,17
3031,31,15,1,0.9212298033203298,17
3032,32,15,1,0.7024549466579775,17
3033,33,15,1,0.9668919450350778,17
3034,34,15,1,0.9004015572554889,17
3035,35,15,1,0.708910149827742,17
3036,36,15,1,0.9673916147005561,17
3037,37,15,1,0.7408624841402277,17
3038,38,15,1,0.9243438257408662,17
3039,39,15,1,0.8968152841645974,17
3040,40,15,1,0.9002979437537768,17
3041,41,15,1,0.949213371130853,17
3042,42,15,1,0.9623646383755511,17
3043,43,15,1,0.967618116621327,17
3044,44,15,1,0.9189718701412286,17
3045,45,15,1,0.7596117355124636,17
3046,46,15,1,0.9698128620829031,17
3047,47,15,1,0.9397080753726476,17
3048,48,15,1,0.7820872569447491,17
3049,49,15,1,0.7122621594019583,17
3050,50,15,1,0.854066247481256,17
3051,51,15,1,0.984682941379719,17
3052,52,15,1,0.9427636206706733,17
3053,53,15,1,0.8886052933573696,17
3054,54,15,1,0.7414670708386968,17
3055,55,15,1,0.7012232412223045,17
3056,56,15,1,0.9405458439760193,17
3057,57,15,1,0.6724381988369341,17
3058,58,15,1,0.9365374690948923,17
3059,59,15,1,0.753786494822298,17
3060,60,15,1,0.9169269275196693,17
3061,61,15,1,0.9823688096423868,17
3062,62,15,1,0.6788012598116923,17
3063,63,15,1,0.9191013651551567,17
3064,64,15,1,0.9409963798158031,17
3065,65,15,1,0.8204764227552054,17
3066,66,15,1,0.9327215098909412,17
3067,67,15,1,0.9464338104776505,17
3068,68,15,1,0.9699336699432152,17
3069,69,15,1,0.7821807741493495,17
3070,70,15,1,0.9593457012946461,17
3071,71,15,1,0.8417143779813128,17
3072,72,15,1,0.5353091927087635,17
3073,73,15,1,0.7042041225076949,17
3074,74,15,1,0.9594806414932704,17
3075,75,15,1,0.9205018519594667,17
3076,76,15,1,0.858624024973707,17
3077,77,15,1,0.8703543092730471,17
3078,78,15,1,0.9339483773235556,17
3079,79,15,1,0.9132533609472666,17
3080,80,15,1,0.9722975555576269,17
3081,81,15,1,0.9430204546845553,17
3082,82,15,1,0.8721301284555802,17
3083,83,15,1,0.9505379574095695,17
3084,84,15,1,0.8702485710277467,17
3085,85,15,1,0.9428015796886117,17
3086,86,15,1,0.8909147580195468,17
3087,87,15,1,0.8976311769582466,17
3088,88,15,1,0.7907858224786777,17
3089,89,15,1,0.7776649845730481,17
3090,90,15,1,0.9670640940673609,17
3091,91,15,1,0.8329403849018366,17
3092,92,15,1,0.9311178670405232,17
3093,93,15,1,0.7947623662145787,17
3094,94,15,1,0.7717688007545562,17
3095,95,15,1,0.9712676330897503,17
3096,96,15,1,0.7801180345708589,17
3097,97,15,1,0.5650710578293942,17
3098,98,15,1,0.9507303600535721,17
3099,99,15,1,0.6202257526746194,17
3100,0,15,2,0.9187455822210169,17
3101,1,15,2,0.9588986566025712,17
3102,2,15,2,0.8971733281804415,17
3103,3,15,2,0.9547381745082777,17
3104,4,15,2,0.9334268480245156,17
3105,5,15,2,0.964751395804266,17
3106,6,15,2,0.9317954108591003,17
3107,7,15,2,0.9368869619923799,17
3108,8,15,2,0.9675512661421874,17
3109,9,15,2,0.9012283897691978,17
3110,10,15,2,0.9549424742243625,17
3111,11,15,2,0.896304832298526,17
3112,12,15,2,0.9382244097031638,17
3113,13,15,2,0.9756306063697238,17
3114,14,15,2,0.9747893042670389,17
3115,15,15,2,0.9447036088635098,17
3116,16,15,2,0.9289303553781129,17
3117,17,15,2,0.9545201028553546,17
3118,18,15,2,0.9669906312606275,17
3119,19,15,2,0.9397395888957196,17
3120,20,15,2,0.9795973391446243,17
3121,21,15,2,0.9735934731493542,17
3122,22,15,2,0.8916149868351954,17
3123,23,15,2,0.9365739859802119,17
3124,24,15,2,0.9763829081910003,17
3125,25,15,2,0.9842270402046822,17
3126,26,15,2,0.9480314380173038,17
3127,27,15,2,0.9404792929847422,17
3128,28,15,2,0.9276951488335482,17
3129,29,15,2,0.970050465458522,17
3130,30,15,2,0.8343353114998779,17
3131,31,15,2,0.939351431641806,17
3132,32,15,2,0.9226470591756828,17
3133,33,15,2,0.9790185415754109,17
3134,34,15,2,0.9292258598256518,17
3135,35,15,2,0.9666234816811702,17
3136,36,15,2,0.9528774370451888,17
3137,37,15,2,0.9863699906067568,17
3138,38,15,2,0.983548866460929,17
3139,39,15,2,0.9717575952968727,17
3140,40,15,2,0.9328591054024921,17
3141,41,15,2,0.9648782120843047,17
3142,42,15,2,0.9446169608523829,17
3143,43,15,2,0.9696080611348193,17
3144,44,15,2,0.9495095246976044,17
3145,45,15,2,0.9624598855999319,17
3146,46,15,2,0.9107223784584494,17
3147,47,15,2,0.9018302842840403,17
3148,48,15,2,0.8671688052164674,17
3149,49,15,2,0.9590174380070362,17
3150,50,15,2,0.964996944547853,17
3151,51,15,2,0.9193193069886266,17
3152,52,15,2,0.9323158474687264,17
3153,53,15,2,0.8957177453767887,17
3154,54,15,2,0.8721384349837775,17
3155,55,15,2,0.8858728128520578,17
3156,56,15,2,0.976833027056407,17
3157,57,15,2,0.8891742468334555,17
3158,58,15,2,0.8918974330889194,17
3159,59,15,2,0.9495520221086267,17
3160,60,15,2,0.9587131773376232,17
3161,61,15,2,0.97164131457723,17
3162,62,15,2,0.9047405571172293,17
3163,63,15,2,0.8679408840936695,17
3164,64,15,2,0.900219475667601,17
3165,65,15,2,0.9443242478175666,17
3166,66,15,2,0.9575630598802539,17
3167,67,15,2,0.9804555050353887,17
3168,68,15,2,0.7767365937335419,17
3169,69,15,2,0.9338240091734015,17
3170,70,15,2,0.9770342600399882,17
3171,71,15,2,0.9255182253513906,17
3172,72,15,2,0.9475703136950228,17
3173,73,15,2,0.96444373112858,17
3174,74,15,2,0.9689195971137465,17
3175,75,15,2,0.9399391328157607,17
3176,76,15,2,0.9309616992804884,17
3177,77,15,2,0.9620435769103339,17
3178,78,15,2,0.9466305490953485,17
3179,79,15,2,0.9154447967474421,17
3180,80,15,2,0.9149384431946489,17
3181,81,15,2,0.9443705000028634,17
3182,82,15,2,0.9617467268643674,17
3183,83,15,2,0.9483524889530847,17
3184,84,15,2,0.81421839103806,17
3185,85,15,2,0.9498309872094528,17
3186,86,15,2,0.9866069152057105,17
3187,87,15,2,0.8788355336919348,17
3188,88,15,2,0.9131903055805323,17
3189,89,15,2,0.8963044196795817,17
3190,90,15,2,0.9461335088337921,17
3191,91,15,2,0.9251984398197658,17
3192,92,15,2,0.9771788569490975,17
3193,93,15,2,0.9438959888887981,17
3194,94,15,2,0.9447774606973149,17
3195,95,15,2,0.9854115703053513,17
3196,96,15,2,0.9787877501001343,17
3197,97,15,2,0.9012246172337963,17
3198,98,15,2,0.939702865362464,17
3199,99,15,2,0.9523540653447077,17
3200,0,15,3,0.9790884476869302,17
3201,1,15,3,0.9664511812706752,17
3202,2,15,3,0.9835518947956965,17
3203,3,15,3,0.9705762465840136,17
3204,4,15,3,0.9806406404403989,17
3205,5,15,3,0.945026780454443,17
3206,6,15,3,0.9848727448415798,17
3207,7,15,3,0.9459590348610327,17
3208,8,15,3,0.9914904358226435,17
3209,9,15,3,0.9749389982378933,17
3210,10,15,3,0.9801034639125077,17
3211,11,15,3,0.9843378736089755,17
3212,12,15,3,0.9527936157586372,17
3213,13,15,3,0.9783564331660423,17
3214,14,15,3,0.9777621556641896,17
3215,15,15,3,0.9884980258233239,17
3216,16,15,3,0.9852648094967655,17
3217,17,15,3,0.9816835305059528,17
3218,18,15,3,0.9775938644169572,17
3219,19,15,3,0.9649938826446075,17
3220,20,15,3,0.9866448506382036,17
3221,21,15,3,0.98158661779801,17
3222,22,15,3,0.9886533885079429,17
3223,23,15,3,0.9744407797160145,17
3224,24,15,3,0.9795819115210302,17
3225,25,15,3,0.9922146901866872,17
3226,26,15,3,0.9768130327622153,17
3227,27,15,3,0.9908735884934228,17
3228,28,15,3,0.92892735120254,17
3229,29,15,3,0.9895588589814436,17
3230,30,15,3,0.812791031364721,17
3231,31,15,3,0.9915049251986179,17
3232,32,15,3,0.9815225998238696,17
3233,33,15,3,0.9808273116116515,17
3234,34,15,3,0.9708628917205521,17
3235,35,15,3,0.9808355319865482,17
3236,36,15,3,0.9722255725892253,17
3237,37,15,3,0.9634193185164374,17
3238,38,15,3,0.9823090914484383,17
3239,39,15,3,0.9774543208917432,17
3240,40,15,3,0.9831421110603645,17
3241,41,15,3,0.976728036379503,17
3242,42,15,3,0.9851548438482572,17
3243,43,15,3,0.9821794023241082,17
3244,44,15,3,0.9572629794453915,17
3245,45,15,3,0.9828628383639065,17
3246,46,15,3,0.9632582373351528,17
3247,47,15,3,0.9804159986433753,17
3248,48,15,3,0.9784755136408768,17
3249,49,15,3,0.989452105063998,17
3250,50,15,3,0.9741398496194839,17
3251,51,15,3,0.9699478912060974,17
3252,52,15,3,0.9423788066271187,17
3253,53,15,3,0.8416844114988489,17
3254,54,15,3,0.9693457614776009,17
3255,55,15,3,0.9672982237216325,17
3256,56,15,3,0.9830113876935296,17
3257,57,15,3,0.9417831931629105,17
3258,58,15,3,0.9524422533967374,17
3259,59,15,3,0.9670670780434216,17
3260,60,15,3,0.9856042090368125,17
3261,61,15,3,0.9616608847832832,17
3262,62,15,3,0.9951003191010431,17
3263,63,15,3,0.9890118103814348,17
3264,64,15,3,0.9893310748352867,17
3265,65,15,3,0.9848643898018542,17
3266,66,15,3,0.9901059653435434,17
3267,67,15,3,0.9644883887501163,17
3268,68,15,3,0.9463522207120222,17
3269,69,15,3,0.9677592235278281,17
3270,70,15,3,0.9690427164919171,17
3271,71,15,3,0.9761479541365452,17
3272,72,15,3,0.9758220345384084,17
3273,73,15,3,0.982409595769058,17
3274,74,15,3,0.9749911680040522,17
3275,75,15,3,0.98427306307477,17
3276,76,15,3,0.9841058206376397,17
3277,77,15,3,0.9770472824997497,17
3278,78,15,3,0.9460559934642311,17
3279,79,15,3,0.966995709601575,17
3280,80,15,3,0.9845669554624934,17
3281,81,15,3,0.978716565449972,17
3282,82,15,3,0.9705738097897,17
3283,83,15,3,0.9900534148971991,17
3284,84,15,3,0.9940443480564025,17
3285,85,15,3,0.968970207255987,17
3286,86,15,3,0.9727107446139311,17
3287,87,15,3,0.9811445914972903,17
3288,88,15,3,0.9659375305935086,17
3289,89,15,3,0.9879566149425225,17
3290,90,15,3,0.9731108802911799,17
3291,91,15,3,0.9768934031337146,17
3292,92,15,3,0.96911862665833,17
3293,93,15,3,0.9793890204752751,17
3294,94,15,3,0.9505980331776673,17
3295,95,15,3,0.9844211610960696,17
3296,96,15,3,0.9768087958036847,17
3297,97,15,3,0.9844702875187153,17
3298,98,15,3,0.9843691239344403,17
3299,99,15,3,0.9404712982690782,17
3300,0,15,4,0.9817779894810553,17
3301,1,15,4,0.9778242623218923,17
3302,2,15,4,0.9763012763922861,17
3303,3,15,4,0.9835152256397502,17
3304,4,15,4,0.9863653017414826,17
3305,5,15,4,0.9864924627621486,17
3306,6,15,4,0.9782949029953711,17
3307,7,15,4,0.986369929577335,17
3308,8,15,4,0.9693225369666558,17
3309,9,15,4,0.9860679695542546,17
3310,10,15,4,0.9831826336413009,17
3311,11,15,4,0.9896634762981427,17
3312,12,15,4,0.9933726816005334,17
3313,13,15,4,0.9882352537500501,17
3314,14,15,4,0.9822623259654216,17
3315,15,15,4,0.9571094007293084,17
3316,16,15,4,0.9855286284587154,17
3317,17,15,4,0.9823864376071522,17
3318,18,15,4,0.9730274400802637,17
3319,19,15,4,0.9344938597565414,17
3320,20,15,4,0.9843268625182936,17
3321,21,15,4,0.9882510186690118,17
3322,22,15,4,0.9848153908643772,17
3323,23,15,4,0.9897878637629661,17
3324,24,15,4,0.9897909298057965,17
3325,25,15,4,0.9814048047985225,17
3326,26,15,4,0.99195145526372,17
3327,27,15,4,0.9425458446280454,17
3328,28,15,4,0.9724695143489327,17
3329,29,15,4,0.982271856009882,17
3330,30,15,4,0.9852879388121584,17
3331,31,15,4,0.9730390849253452,17
3332,32,15,4,0.9882397094552866,17
3333,33,15,4,0.982861078834495,17
3334,34,15,4,0.9714218332872162,17
3335,35,15,4,0.9801283889952632,17
3336,36,15,4,0.9908351069312271,17
3337,37,15,4,0.9864762770045967,17
3338,38,15,4,0.9889622315121208,17
3339,39,15,4,0.9906431940454461,17
3340,40,15,4,0.9815063877816845,17
3341,41,15,4,0.9759763568261967,17
3342,42,15,4,0.938694063480576,17
3343,43,15,4,0.9808598364584987,17
3344,44,15,4,0.9840074024421834,17
3345,45,15,4,0.9570748626036878,17
3346,46,15,4,0.9892222026055254,17
3347,47,15,4,0.9903104130539836,17
3348,48,15,4,0.9811557527492025,17
3349,49,15,4,0.9824714244956052,17
3350,50,15,4,0.9905988781032975,17
3351,51,15,4,0.9878170806731307,17
3352,52,15,4,0.9738540071088375,17
3353,53,15,4,0.9378217722437222,17
3354,54,15,4,0.9914993370798432,17
3355,55,15,4,0.9220569565615586,17
3356,56,15,4,0.9905511347122496,17
3357,57,15,4,0.9914542614860604,17
3358,58,15,4,0.9904255423426155,17
3359,59,15,4,0.9917197728856914,17
3360,60,15,4,0.9939453638553722,17
3361,61,15,4,0.9883909101268997,17
3362,62,15,4,0.9828427509909292,17
3363,63,15,4,0.9917201754209839,17
3364,64,15,4,0.9902486728169947,17
3365,65,15,4,0.9787857829310299,17
3366,66,15,4,0.9467719432744585,17
3367,67,15,4,0.9886309533835871,17
3368,68,15,4,0.9827920656627832,17
3369,69,15,4,0.9846454349880661,17
3370,70,15,4,0.9868059753556334,17
3371,71,15,4,0.9874999367950281,17
3372,72,15,4,0.9891890284962342,17
3373,73,15,4,0.9963520930021083,17
3374,74,15,4,0.9724976837636787,17
3375,75,15,4,0.9863665405925026,17
3376,76,15,4,0.9867201882412658,17
3377,77,15,4,0.9795949378847738,17
3378,78,15,4,0.9688906659350329,17
3379,79,15,4,0.992530367644099,17
3380,80,15,4,0.9698778407150135,17
3381,81,15,4,0.9791435279475607,17
3382,82,15,4,0.9767140095137615,17
3383,83,15,4,0.9634368987347748,17
3384,84,15,4,0.9691240369637931,17
3385,85,15,4,0.9867540393429048,17
3386,86,15,4,0.96478435012473,17
3387,87,15,4,0.9718383540191653,17
3388,88,15,4,0.985252206088011,17
3389,89,15,4,0.987305666530988,17
3390,90,15,4,0.9801467135929964,17
3391,91,15,4,0.9908093940422208,17
3392,92,15,4,0.9806804484312233,17
3393,93,15,4,0.9882150003137885,17
3394,94,15,4,0.9865956210066521,17
3395,95,15,4,0.9873246369699126,17
3396,96,15,4,0.9857722692641435,17
3397,97,15,4,0.9567860419547851,17
3398,98,15,4,0.9887899473807694,17
3399,99,15,4,0.9674846525368821,17
3400,0,15,5,0.9877179149967965,17
3401,1,15,5,0.9431192697867026,17
3402,2,15,5,0.9794094175460588,17
3403,3,15,5,0.9855353899397623,17
3404,4,15,5,0.9898855883599896,17
3405,5,15,5,0.9912999698996822,17
3406,6,15,5,0.9923487384790461,17
3407,7,15,5,0.9886025114056977,17
3408,8,15,5,0.9842468969525099,17
3409,9,15,5,0.9948236229370845,17
3410,10,15,5,0.9926343757348207,17
3411,11,15,5,0.9862935164303133,17
3412,12,15,5,0.9901520561914462,17
3413,13,15,5,0.9737097541552534,17
3414,14,15,5,0.9859412571494652,17
3415,15,15,5,0.9904354669463865,17
3416,16,15,5,0.9832202266316973,17
3417,17,15,5,0.9868616016977815,17
3418,18,15,5,0.9857628082743822,17
3419,19,15,5,0.9843486075045931,17
3420,20,15,5,0.981533328003458,17
3421,21,15,5,0.9870594085380006,17
3422,22,15,5,0.9902037608047792,17
3423,23,15,5,0.986942221430033,17
3424,24,15,5,0.9868227139493061,17
3425,25,15,5,0.9883570052568382,17
3426,26,15,5,0.977342749105974,17
3427,27,15,5,0.9905618210416265,17
3428,28,15,5,0.9861364884396812,17
3429,29,15,5,0.9886340065193433,17
3430,30,15,5,0.9940008965808687,17
3431,31,15,5,0.9897916412968389,17
3432,32,15,5,0.9925537126751003,17
3433,33,15,5,0.9847754422566802,17
3434,34,15,5,0.9874691572789097,17
3435,35,15,5,0.988502367483824,17
3436,36,15,5,0.9907174509527026,17
3437,37,15,5,0.9887101389710431,17
3438,38,15,5,0.9722166753822398,17
3439,39,15,5,0.9899291932217662,17
3440,40,15,5,0.9827911944988476,17
3441,41,15,5,0.9932419854618092,17
3442,42,15,5,0.9675275691424398,17
3443,43,15,5,0.9902516647700367,17
3444,44,15,5,0.9721182126310752,17
3445,45,15,5,0.9757006481046556,17
3446,46,15,5,0.9890143248706711,17
3447,47,15,5,0.9882254763574706,17
3448,48,15,5,0.9879498862602313,17
3449,49,15,5,0.9871655199575379,17
3450,50,15,5,0.9851899537591404,17
3451,51,15,5,0.9901426077485792,17
3452,52,15,5,0.9463956574596275,17
3453,53,15,5,0.9845051938607449,17
3454,54,15,5,0.9673964057028895,17
3455,55,15,5,0.9890989528821815,17
3456,56,15,5,0.9794535590933839,17
3457,57,15,5,0.9828857246587528,17
3458,58,15,5,0.991007229963408,17
3459,59,15,5,0.9929785765663708,17
3460,60,15,5,0.9885301350805439,17
3461,61,15,5,0.9847624482638748,17
3462,62,15,5,0.9880266168043856,17
3463,63,15,5,0.9855057563202232,17
3464,64,15,5,0.9900223488203478,17
3465,65,15,5,0.9882155451882122,17
3466,66,15,5,0.9895019617561814,17
3467,67,15,5,0.9884123825209425,17
3468,68,15,5,0.9813774969597394,17
3469,69,15,5,0.9622577150587119,17
3470,70,15,5,0.9818394758826681,17
3471,71,15,5,0.9900438530882821,17
3472,72,15,5,0.9794331225964115,17
3473,73,15,5,0.9715744045269377,17
3474,74,15,5,0.9811091841157829,17
3475,75,15,5,0.9816076675941408,17
3476,76,15,5,0.9881303278740782,17
3477,77,15,5,0.9903616730124732,17
3478,78,15,5,0.9942539467545258,17
3479,79,15,5,0.9908865129749347,17
3480,80,15,5,0.9848779201481466,17
3481,81,15,5,0.9675730216815862,17
3482,82,15,5,0.9895217740796223,17
3483,83,15,5,0.9854945466652795,17
3484,84,15,5,0.9932656599762588,17
3485,85,15,5,0.9660853479743235,17
3486,86,15,5,0.9880951642076203,17
3487,87,15,5,0.9802922536662266,17
3488,88,15,5,0.9882224598638059,17
3489,89,15,5,0.979855939853888,17
3490,90,15,5,0.989794205354418,17
3491,91,15,5,0.9778365911951419,17
3492,92,15,5,0.9866821685175646,17
3493,93,15,5,0.9898486487454946,17
3494,94,15,5,0.9965333443043407,17
3495,95,15,5,0.9735604171800389,17
3496,96,15,5,0.9930642365800577,17
3497,97,15,5,0.9916352957609667,17
3498,98,15,5,0.9888386130429371,17
3499,99,15,5,0.9925234029975377,17
3500,0,15,6,0.9849893168942351,17
3501,1,15,6,0.9887228176004034,17
3502,2,15,6,0.9870839301685317,17
3503,3,15,6,0.9884290497304846,17
3504,4,15,6,0.9808344223994361,17
3505,5,15,6,0.9920115122738214,17
3506,6,15,6,0.9929548388401678,17
3507,7,15,6,0.9855968073890654,17
3508,8,15,6,0.990303901593236,17
3509,9,15,6,0.9931812937856224,17
3510,10,15,6,0.9952028908344812,17
3511,11,15,6,0.9914940707457041,17
3512,12,15,6,0.9874706949234902,17
3513,13,15,6,0.9915029146170077,17
3514,14,15,6,0.9868533122821072,17
3515,15,15,6,0.9926960956835231,17
3516,16,15,6,0.9939597434966254,17
3517,17,15,6,0.9937705422710298,17
3518,18,15,6,0.9861916095887796,17
3519,19,15,6,0.9748659751190254,17
3520,20,15,6,0.9868585018548132,17
3521,21,15,6,0.9879907628823704,17
3522,22,15,6,0.9858327543105347,17
3523,23,15,6,0.9869062836378508,17
3524,24,15,6,0.9894257072739079,17
3525,25,15,6,0.9893740363863807,17
3526,26,15,6,0.9932909100089103,17
3527,27,15,6,0.986988854332539,17
3528,28,15,6,0.9903572751233878,17
3529,29,15,6,0.9881270883025277,17
3530,30,15,6,0.9883763561353401,17
3531,31,15,6,0.9894015864894162,17
3532,32,15,6,0.9867906128138894,17
3533,33,15,6,0.9815389806473954,17
3534,34,15,6,0.9877178034907674,17
3535,35,15,6,0.972527014896159,17
3536,36,15,6,0.992638328967301,17
3537,37,15,6,0.9945163469925673,17
3538,38,15,6,0.9859586855062373,17
3539,39,15,6,0.988922764952802,17
3540,40,15,6,0.9933705131778181,17
3541,41,15,6,0.9879143862174455,17
3542,42,15,6,0.9891221783276554,17
3543,43,15,6,0.9836540499436762,17
3544,44,15,6,0.9780270934530473,17
3545,45,15,6,0.9932224322385108,17
3546,46,15,6,0.982597363864327,17
3547,47,15,6,0.9840747707372011,17
3548,48,15,6,0.9949613793830705,17
3549,49,15,6,0.9895984902777976,17
3550,50,15,6,0.9911162299071066,17
3551,51,15,6,0.9873475745286447,17
3552,52,15,6,0.9952283946451482,17
3553,53,15,6,0.979838102639676,17
3554,54,15,6,0.9943300436556524,17
3555,55,15,6,0.9878979505610211,17
3556,56,15,6,0.9807128959002679,17
3557,57,15,6,0.9859453119444973,17
3558,58,15,6,0.9828502194370963,17
3559,59,15,6,0.995292182923059,17
3560,60,15,6,0.9812459752966881,17
3561,61,15,6,0.9964075065883854,17
3562,62,15,6,0.9943283514539472,17
3563,63,15,6,0.9900996096933632,17
3564,64,15,6,0.9892396092178503,17
3565,65,15,6,0.9867141576694801,17
3566,66,15,6,0.9868173610429251,17
3567,67,15,6,0.992810381974093,17
3568,68,15,6,0.9892228098333421,17
3569,69,15,6,0.995228449734268,17
3570,70,15,6,0.9891355282382762,17
3571,71,15,6,0.9930330052978963,17
3572,72,15,6,0.990048395801083,17
3573,73,15,6,0.9902109605784627,17
3574,74,15,6,0.991328776816971,17
3575,75,15,6,0.9871387133035783,17
3576,76,15,6,0.9872326136756622,17
3577,77,15,6,0.9906933536655157,17
3578,78,15,6,0.9776492843326678,17
3579,79,15,6,0.9853467636065503,17
3580,80,15,6,0.989193890357869,17
3581,81,15,6,0.9904671567640017,17
3582,82,15,6,0.9947777793240378,17
3583,83,15,6,0.9920181975719384,17
3584,84,15,6,0.9935426544427717,17
3585,85,15,6,0.9950646375994316,17
3586,86,15,6,0.993227699437329,17
3587,87,15,6,0.9933118753517339,17
3588,88,15,6,0.9842050119413444,17
3589,89,15,6,0.9955604711647509,17
3590,90,15,6,0.9897551486886255,17
3591,91,15,6,0.9784529482686337,17
3592,92,15,6,0.9876599346403364,17
3593,93,15,6,0.9855550238054921,17
3594,94,15,6,0.9945668189330792,17
3595,95,15,6,0.9792447079785535,17
3596,96,15,6,0.9896619900964589,17
3597,97,15,6,0.9921542800849726,17
3598,98,15,6,0.9917014789401083,17
3599,99,15,6,0.9939452156889282,17
3600,0,15,7,0.9895676576711984,17
3601,1,15,7,0.9815376026939108,17
3602,2,15,7,0.9891496903908095,17
3603,3,15,7,0.9938802102228285,17
3604,4,15,7,0.9937591557087467,17
3605,5,15,7,0.9925036511086717,17
3606,6,15,7,0.99003696176662,17
3607,7,15,7,0.9898609724516032,17
3608,8,15,7,0.9881681839097416,17
3609,9,15,7,0.988309258269542,17
3610,10,15,7,0.9922998394593008,17
3611,11,15,7,0.9921733141597892,17
3612,12,15,7,0.9920347118242238,17
3613,13,15,7,0.9881168987149918,17
3614,14,15,7,0.991037802474606,17
3615,15,15,7,0.9947937489352839,17
3616,16,15,7,0.9908959136123936,17
3617,17,15,7,0.995405184249525,17
3618,18,15,7,0.9900460755040721,17
3619,19,15,7,0.9909190116277271,17
3620,20,15,7,0.9908469603720962,17
3621,21,15,7,0.987775975641382,17
3622,22,15,7,0.9900086320515319,17
3623,23,15,7,0.9925752448656251,17
3624,24,15,7,0.9928543838054229,17
3625,25,15,7,0.9923107537154273,17
3626,26,15,7,0.9891425546657443,17
3627,27,15,7,0.9940106348268776,17
3628,28,15,7,0.9917875572262889,17
3629,29,15,7,0.9866949413300107,17
3630,30,15,7,0.9904515362299444,17
3631,31,15,7,0.9894914022343317,17
3632,32,15,7,0.9949603058462643,17
3633,33,15,7,0.9900154059230617,17
3634,34,15,7,0.9709376737558869,17
3635,35,15,7,0.992878547615673,17
3636,36,15,7,0.9908486108756813,17
3637,37,15,7,0.9948122958609852,17
3638,38,15,7,0.9926929476008792,17
3639,39,15,7,0.9867193723591565,17
3640,40,15,7,0.9930346178132817,17
3641,41,15,7,0.9833372511333209,17
3642,42,15,7,0.990172655549354,17
3643,43,15,7,0.9860830235727666,17
3644,44,15,7,0.9877851897738528,17
3645,45,15,7,0.9943192375078151,17
3646,46,15,7,0.989474264472747,17
3647,47,15,7,0.9924698929983554,17
3648,48,15,7,0.9930396408057114,17
3649,49,15,7,0.9954072394064447,17
3650,50,15,7,0.9896490390236682,17
3651,51,15,7,0.9921875924795913,17
3652,52,15,7,0.9868651752141655,17
3653,53,15,7,0.9889610258638019,17
3654,54,15,7,0.987901962600771,17
3655,55,15,7,0.9933161536767283,17
3656,56,15,7,0.9878963232379152,17
3657,57,15,7,0.9889452620091302,17
3658,58,15,7,0.9906285369196972,17
3659,59,15,7,0.96569498514617,17
3660,60,15,7,0.9860450884199184,17
3661,61,15,7,0.989348104679343,17
3662,62,15,7,0.9916017548594352,17
3663,63,15,7,0.9881082030925598,17
3664,64,15,7,0.9909412629900599,17
3665,65,15,7,0.9959762477705291,17
3666,66,15,7,0.9917433053900505,17
3667,67,15,7,0.9811619359381157,17
3668,68,15,7,0.9816433968893449,17
3669,69,15,7,0.9840988209505795,17
3670,70,15,7,0.9928085758664901,17
3671,71,15,7,0.9884009424047964,17
3672,72,15,7,0.9924984589946894,17
3673,73,15,7,0.9888157658491409,17
3674,74,15,7,0.9920143877278175,17
3675,75,15,7,0.9846728465573357,17
3676,76,15,7,0.9955116619484181,17
3677,77,15,7,0.9946266068265252,17
3678,78,15,7,0.991332007768231,17
3679,79,15,7,0.9942808432249846,17
3680,80,15,7,0.9862026861159128,17
3681,81,15,7,0.9957791828680166,17
3682,82,15,7,0.9904533362600771,17
3683,83,15,7,0.9888847644734794,17
3684,84,15,7,0.988523962564334,17
3685,85,15,7,0.9887727778517583,17
3686,86,15,7,0.9940713815937193,17
3687,87,15,7,0.9919781215054169,17
3688,88,15,7,0.9901305117957113,17
3689,89,15,7,0.986530868521266,17
3690,90,15,7,0.9897460874488787,17
3691,91,15,7,0.9847490270129923,17
3692,92,15,7,0.9922174409460658,17
3693,93,15,7,0.9937392781419996,17
3694,94,15,7,0.9860873989472899,17
3695,95,15,7,0.9902504124742919,17
3696,96,15,7,0.9937992459562501,17
3697,97,15,7,0.9911938608295083,17
3698,98,15,7,0.9876233504826356,17
3699,99,15,7,0.9875424185944048,17
3700,0,15,8,0.9942600830347833,17
3701,1,15,8,0.9936577747163714,17
3702,2,15,8,0.9878262903325498,17
3703,3,15,8,0.9952783617083707,17
3704,4,15,8,0.9938115185675769,17
3705,5,15,8,0.9920810337478546,17
3706,6,15,8,0.9948689959308507,17
3707,7,15,8,0.9845796295537314,17
3708,8,15,8,0.9924449946076547,17
3709,9,15,8,0.9950606671976419,17
3710,10,15,8,0.9950594716792488,17
3711,11,15,8,0.9967017525174667,17
3712,12,15,8,0.9893331985002494,17
3713,13,15,8,0.9934339844915333,17
3714,14,15,8,0.9910807169169444,17
3715,15,15,8,0.9857480599743859,17
3716,16,15,8,0.98916709071446,17
3717,17,15,8,0.9889926931689978,17
3718,18,15,8,0.9922362507340383,17
3719,19,15,8,0.9856007675115112,17
3720,20,15,8,0.9954324235080091,17
3721,21,15,8,0.9900728882388379,17
3722,22,15,8,0.9934014962586242,17
3723,23,15,8,0.9898116422272029,17
3724,24,15,8,0.9926839163805438,17
3725,25,15,8,0.983093530834879,17
3726,26,15,8,0.9907156761461291,17
3727,27,15,8,0.9945230652035726,17
3728,28,15,8,0.9942110219536457,17
3729,29,15,8,0.9900309890781347,17
3730,30,15,8,0.990775720506258,17
3731,31,15,8,0.9941459469072143,17
3732,32,15,8,0.9907730669574111,17
3733,33,15,8,0.9905263664071344,17
3734,34,15,8,0.9881596661996521,17
3735,35,15,8,0.9917252616947012,17
3736,36,15,8,0.9892409221940612,17
3737,37,15,8,0.9950558761493157,17
3738,38,15,8,0.9916149413858653,17
3739,39,15,8,0.9945902819003917,17
3740,40,15,8,0.9938738747675934,17
3741,41,15,8,0.9831554234271781,17
3742,42,15,8,0.9892164430860542,17
3743,43,15,8,0.9951232371197873,17
3744,44,15,8,0.9925186280946482,17
3745,45,15,8,0.9888144640090388,17
3746,46,15,8,0.9905159102934025,17
3747,47,15,8,0.9860924899840127,17
3748,48,15,8,0.9930250415740272,17
3749,49,15,8,0.9938769430537486,17
3750,50,15,8,0.9947809265496305,17
3751,51,15,8,0.9936223138636947,17
3752,52,15,8,0.994911045777748,17
3753,53,15,8,0.9943281045987091,17
3754,54,15,8,0.9849546558463839,17
3755,55,15,8,0.9912438878412658,17
3756,56,15,8,0.9928604501136573,17
3757,57,15,8,0.9900814380399261,17
3758,58,15,8,0.9926112985439877,17
3759,59,15,8,0.9871968548717471,17
3760,60,15,8,0.9884510014473722,17
3761,61,15,8,0.9933016851740168,17
3762,62,15,8,0.9931005958045909,17
3763,63,15,8,0.9923666366638436,17
3764,64,15,8,0.9937850678099884,17
3765,65,15,8,0.9902143226089255,17
3766,66,15,8,0.9940804442383935,17
3767,67,15,8,0.9940505371300742,17
3768,68,15,8,0.9910746567394296,17
3769,69,15,8,0.991181168989661,17
3770,70,15,8,0.9916457144522368,17
3771,71,15,8,0.9947721636810334,17
3772,72,15,8,0.9932252728836121,17
3773,73,15,8,0.9886256405500166,17
3774,74,15,8,0.9912279373578822,17
3775,75,15,8,0.9906918272172017,17
3776,76,15,8,0.9872914622217637,17
3777,77,15,8,0.9945842653173764,17
3778,78,15,8,0.9928692451589772,17
3779,79,15,8,0.9936566689685868,17
3780,80,15,8,0.9882458042867587,17
3781,81,15,8,0.9862038001939081,17
3782,82,15,8,0.9946452522774257,17
3783,83,15,8,0.9906030268623243,17
3784,84,15,8,0.9933054376576839,17
3785,85,15,8,0.9910760679309368,17
3786,86,15,8,0.9943457127415279,17
3787,87,15,8,0.9940159021199383,17
3788,88,15,8,0.9946890301525665,17
3789,89,15,8,0.9926349424664653,17
3790,90,15,8,0.992642811941812,17
3791,91,15,8,0.9916076224403012,17
3792,92,15,8,0.9927997178876997,17
3793,93,15,8,0.9933145021653091,17
3794,94,15,8,0.9945019252113527,17
3795,95,15,8,0.9906270404989042,17
3796,96,15,8,0.9932159858544244,17
3797,97,15,8,0.989177257280229,17
3798,98,15,8,0.9903087495378756,17
3799,99,15,8,0.9888856081242503,17
3800,0,15,9,0.9906490112258174,17
3801,1,15,9,0.9944183742595116,17
3802,2,15,9,0.9954841257338003,17
3803,3,15,9,0.9927491324852897,17
3804,4,15,9,0.9937782609399561,17
3805,5,15,9,0.9936865461859486,17
3806,6,15,9,0.9947783771662893,17
3807,7,15,9,0.9958053542170066,17
3808,8,15,9,0.9943099430088039,17
3809,9,15,9,0.9907048281396607,17
3810,10,15,9,0.992174759607208,17
3811,11,15,9,0.9951616111046373,17
3812,12,15,9,0.9924490754853674,17
3813,13,15,9,0.9932349357591798,17
3814,14,15,9,0.9939688340763444,17
3815,15,15,9,0.9942920101346289,17
3816,16,15,9,0.9952932512620907,17
3817,17,15,9,0.996393750967153,17
3818,18,15,9,0.9911624473502063,17
3819,19,15,9,0.988324632330674,17
3820,20,15,9,0.9946062739461108,17
3821,21,15,9,0.992775802285266,17
3822,22,15,9,0.9936751243121146,17
3823,23,15,9,0.991092663618674,17
3824,24,15,9,0.9910234719515677,17
3825,25,15,9,0.9922597826391796,17
3826,26,15,9,0.989217659992332,17
3827,27,15,9,0.9948286785646853,17
3828,28,15,9,0.9928566641522437,17
3829,29,15,9,0.9914711233327799,17
3830,30,15,9,0.9954825317362647,17
3831,31,15,9,0.9914299576175718,17
3832,32,15,9,0.9917896257559669,17
3833,33,15,9,0.9920774750376102,17
3834,34,15,9,0.9887848106217562,17
3835,35,15,9,0.9936175579235307,17
3836,36,15,9,0.9869128856259058,17
3837,37,15,9,0.9880675435720124,17
3838,38,15,9,0.993175733711981,17
3839,39,15,9,0.9953312330797948,17
3840,40,15,9,0.9882802040187855,17
3841,41,15,9,0.9914567327302255,17
3842,42,15,9,0.9864221441743524,17
3843,43,15,9,0.9938943996142725,17
3844,44,15,9,0.9923216421107857,17
3845,45,15,9,0.991410235317424,17
3846,46,15,9,0.9941525209034483,17
3847,47,15,9,0.9900157272485339,17
3848,48,15,9,0.9908695947430188,17
3849,49,15,9,0.9943318044620981,17
3850,50,15,9,0.9890817034133655,17
3851,51,15,9,0.9934289721576958,17
3852,52,15,9,0.9946517969357478,17
3853,53,15,9,0.9940758517939887,17
3854,54,15,9,0.9937950784741184,17
3855,55,15,9,0.9927658103415342,17
3856,56,15,9,0.9934657185551833,17
3857,57,15,9,0.9947345024443438,17
3858,58,15,9,0.9939886605508123,17
3859,59,15,9,0.9964721406150637,17
3860,60,15,9,0.9937832220218267,17
3861,61,15,9,0.9920807482359972,17
3862,62,15,9,0.9950750887514408,17
3863,63,15,9,0.9957509123196212,17
3864,64,15,9,0.9949508781610498,17
3865,65,15,9,0.9908565757827362,17
3866,66,15,9,0.9950878477315503,17
3867,67,15,9,0.9883044679708002,17
3868,68,15,9,0.9939240791628166,17
3869,69,15,9,0.9881273756862918,17
3870,70,15,9,0.9919954031310627,17
3871,71,15,9,0.9876372975711247,17
3872,72,15,9,0.9930065831513624,17
3873,73,15,9,0.9886186559007737,17
3874,74,15,9,0.9918416146143315,17
3875,75,15,9,0.9942362877313432,17
3876,76,15,9,0.9917184977555717,17
3877,77,15,9,0.9894341664463623,17
3878,78,15,9,0.99334651715522,17
3879,79,15,9,0.9916835922711619,17
3880,80,15,9,0.9921704748296207,17
3881,81,15,9,0.9904131588814487,17
3882,82,15,9,0.9913157902095457,17
3883,83,15,9,0.9947462624249817,17
3884,84,15,9,0.9907951712019611,17
3885,85,15,9,0.9924044509975193,17
3886,86,15,9,0.9893652784452853,17
3887,87,15,9,0.9944980802384278,17
3888,88,15,9,0.9876532929831144,17
3889,89,15,9,0.9915145130571854,17
3890,90,15,9,0.9929928624342119,17
3891,91,15,9,0.9862245830048328,17
3892,92,15,9,0.9943350913353428,17
3893,93,15,9,0.993625576324963,17
3894,94,15,9,0.993401173786637,17
3895,95,15,9,0.9955857998478448,17
3896,96,15,9,0.992058408743231,17
3897,97,15,9,0.993930177740415,17
3898,98,15,9,0.9952068743301611,17
3899,99,15,9,0.9964078809471185,17
3900,0,15,10,0.9925674887310222,17
3901,1,15,10,0.9927930342379299,17
3902,2,15,10,0.9936776459119674,17
3903,3,15,10,0.9895005415457312,17
3904,4,15,10,0.9929954946683924,17
3905,5,15,10,0.9956951268632058,17
3906,6,15,10,0.9950606341122821,17
3907,7,15,10,0.9927163584011902,17
3908,8,15,10,0.9947714514541769,17
3909,9,15,10,0.9963380220211802,17
3910,10,15,10,0.9960476079247625,17
3911,11,15,10,0.9920845272277803,17
3912,12,15,10,0.9959471036061965,17
3913,13,15,10,0.9945350031937522,17
3914,14,15,10,0.9936292616414093,17
3915,15,15,10,0.9927862540913728,17
3916,16,15,10,0.9920809046088014,17
3917,17,15,10,0.9940700808072569,17
3918,18,15,10,0.9894873880313835,17
3919,19,15,10,0.9925650105107915,17
3920,20,15,10,0.9925330367441494,17
3921,21,15,10,0.9937588359958531,17
3922,22,15,10,0.9920165102829399,17
3923,23,15,10,0.9958796933373315,17
3924,24,15,10,0.994916606015036,17
3925,25,15,10,0.9921017121803807,17
3926,26,15,10,0.991565550302109,17
3927,27,15,10,0.9915691812587403,17
3928,28,15,10,0.9956567291028697,17
3929,29,15,10,0.991457192462202,17
3930,30,15,10,0.9967703027608719,17
3931,31,15,10,0.9945871095138165,17
3932,32,15,10,0.9933098848730226,17
3933,33,15,10,0.9945117397465376,17
3934,34,15,10,0.9946299243497441,17
3935,35,15,10,0.9942084649527664,17
3936,36,15,10,0.9958232437777198,17
3937,37,15,10,0.9944755474479996,17
3938,38,15,10,0.9918352100177279,17
3939,39,15,10,0.9930204897641697,17
3940,40,15,10,0.9923718512229831,17
3941,41,15,10,0.9924419535513113,17
3942,42,15,10,0.9912242872816143,17
3943,43,15,10,0.9938537267160535,17
3944,44,15,10,0.9939987591204601,17
3945,45,15,10,0.9953427417516473,17
3946,46,15,10,0.9948258621321104,17
3947,47,15,10,0.990835990324751,17
3948,48,15,10,0.9962525653787128,17
3949,49,15,10,0.9954555593585873,17
3950,50,15,10,0.9926130278931067,17
3951,51,15,10,0.9928283733233454,17
3952,52,15,10,0.9943337740577178,17
3953,53,15,10,0.9946680097469646,17
3954,54,15,10,0.9933163101465878,17
3955,55,15,10,0.9918433706888635,17
3956,56,15,10,0.990430154791245,17
3957,57,15,10,0.9928830657101831,17
3958,58,15,10,0.9955389495190183,17
3959,59,15,10,0.9937214986970092,17
3960,60,15,10,0.9933588249518407,17
3961,61,15,10,0.9936447685162318,17
3962,62,15,10,0.9937952385682619,17
3963,63,15,10,0.991274645642697,17
3964,64,15,10,0.9953022630955584,17
3965,65,15,10,0.9948480704847572,17
3966,66,15,10,0.9950944757551357,17
3967,67,15,10,0.9935913434833209,17
3968,68,15,10,0.9943522077310794,17
3969,69,15,10,0.9938486889578396,17
3970,70,15,10,0.9953439538467858,17
3971,71,15,10,0.9910211304755766,17
3972,72,15,10,0.9907466061484728,17
3973,73,15,10,0.9956457028821998,17
3974,74,15,10,0.9949762906411721,17
3975,75,15,10,0.9946384971120524,17
3976,76,15,10,0.9918185612822211,17
3977,77,15,10,0.9912907454782667,17
3978,78,15,10,0.9940443225924305,17
3979,79,15,10,0.9926157275252689,17
3980,80,15,10,0.9953592138945457,17
3981,81,15,10,0.9948800070930591,17
3982,82,15,10,0.9905502027129195,17
3983,83,15,10,0.995124825917431,17
3984,84,15,10,0.9922686621342871,17
3985,85,15,10,0.9921845919951775,17
3986,86,15,10,0.9926766838928284,17
3987,87,15,10,0.991650879021365,17
3988,88,15,10,0.9917317726805486,17
3989,89,15,10,0.9912967874025235,17
3990,90,15,10,0.9939521753635614,17
3991,91,15,10,0.9957371137857604,17
3992,92,15,10,0.9947050115722702,17
3993,93,15,10,0.9947670992665913,17
3994,94,15,10,0.9940324557550556,17
3995,95,15,10,0.9954294153729484,17
3996,96,15,10,0.9924544387184316,17
3997,97,15,10,0.997717866228504,17
3998,98,15,10,0.9948927872367505,17
3999,99,15,10,0.9952311289863605,17
4000,0,15,11,0.9943589237883034,17
4001,1,15,11,0.9938793328066079,17
4002,2,15,11,0.996431467888323,17
4003,3,15,11,0.9931665894383034,17
4004,4,15,11,0.9941662433448284,17
4005,5,15,11,0.9934000082842501,17
4006,6,15,11,0.9942261529969386,17
4007,7,15,11,0.993020009401632,17
4008,8,15,11,0.9927608652665506,17
4009,9,15,11,0.9932538684524989,17
4010,10,15,11,0.9937479899193201,17
4011,11,15,11,0.9961060284724952,17
4012,12,15,11,0.994423581543826,17
4013,13,15,11,0.9925044473546178,17
4014,14,15,11,0.9942172679410853,17
4015,15,15,11,0.9937048208992418,17
4016,16,15,11,0.9941817141924724,17
4017,17,15,11,0.9919739322699116,17
4018,18,15,11,0.9954018156175501,17
4019,19,15,11,0.9954974535741421,17
4020,20,15,11,0.9921831573757263,17
4021,21,15,11,0.9965345009803764,17
4022,22,15,11,0.9930309950656141,17
4023,23,15,11,0.9928951412673391,17
4024,24,15,11,0.9936311324138434,17
4025,25,15,11,0.9946768983075928,17
4026,26,15,11,0.9916534127408847,17
4027,27,15,11,0.993795356715105,17
4028,28,15,11,0.9958700560482573,17
4029,29,15,11,0.9959047283080115,17
4030,30,15,11,0.9946806593370344,17
4031,31,15,11,0.9950109329131956,17
4032,32,15,11,0.9958803430186766,17
4033,33,15,11,0.994350578916373,17
4034,34,15,11,0.9930717610765343,17
4035,35,15,11,0.9918440096268524,17
4036,36,15,11,0.9933216047814831,17
4037,37,15,11,0.9963184574438467,17
4038,38,15,11,0.9942548814844715,17
4039,39,15,11,0.9949331082240989,17
4040,40,15,11,0.9928715049476645,17
4041,41,15,11,0.9951370158290682,17
4042,42,15,11,0.993594831075648,17
4043,43,15,11,0.9939709439822805,17
4044,44,15,11,0.994272038856511,17
4045,45,15,11,0.9951960848358289,17
4046,46,15,11,0.9908555166300498,17
4047,47,15,11,0.995088350490565,17
4048,48,15,11,0.9963307525926005,17
4049,49,15,11,0.9930338830023386,17
4050,50,15,11,0.9968063588644656,17
4051,51,15,11,0.9942158652109917,17
4052,52,15,11,0.9932320373878242,17
4053,53,15,11,0.9948122189739463,17
4054,54,15,11,0.9941695931576315,17
4055,55,15,11,0.9948289549573626,17
4056,56,15,11,0.9966048749615934,17
4057,57,15,11,0.992079123877927,17
4058,58,15,11,0.9954522932719949,17
4059,59,15,11,0.9935613881347986,17
4060,60,15,11,0.9926965742415581,17
4061,61,15,11,0.9922924986019522,17
4062,62,15,11,0.9930069725639447,17
4063,63,15,11,0.9936109406686691,17
4064,64,15,11,0.9933994193492572,17
4065,65,15,11,0.9936760041626974,17
4066,66,15,11,0.9904708593479645,17
4067,67,15,11,0.9935626229178313,17
4068,68,15,11,0.9935013154974727,17
4069,69,15,11,0.9970247775137914,17
4070,70,15,11,0.9922975441625832,17
4071,71,15,11,0.9945300713426451,17
4072,72,15,11,0.9946217355766935,17
4073,73,15,11,0.9912237101082406,17
4074,74,15,11,0.9956219050807164,17
4075,75,15,11,0.9932518113942975,17
4076,76,15,11,0.9934292749940421,17
4077,77,15,11,0.9948979651330687,17
4078,78,15,11,0.9937051325477526,17
4079,79,15,11,0.9907537139698162,17
4080,80,15,11,0.9925391229193267,17
4081,81,15,11,0.9944947258086725,17
4082,82,15,11,0.9961973249479714,17
4083,83,15,11,0.9944771798270419,17
4084,84,15,11,0.9932413030944408,17
4085,85,15,11,0.9925183438174827,17
4086,86,15,11,0.9949722350103306,17
4087,87,15,11,0.9928099838693717,17
4088,88,15,11,0.9956889498748667,17
4089,89,15,11,0.9948720534630185,17
4090,90,15,11,0.993373303628213,17
4091,91,15,11,0.9942206814684318,17
4092,92,15,11,0.9920095692861781,17
4093,93,15,11,0.9954646253325476,17
4094,94,15,11,0.9943163888008891,17
4095,95,15,11,0.9931272120111598,17
4096,96,15,11,0.9929062814040339,17
4097,97,15,11,0.993765154339021,17
4098,98,15,11,0.9951901621110415,17
4099,99,15,11,0.9948719274390537,17
4100,0,15,12,0.9964983836219948,17
4101,1,15,12,0.9956457742295106,17
4102,2,15,12,0.9944896839933199,17
4103,3,15,12,0.9931718376234224,17
4104,4,15,12,0.9956355389594937,17
4105,5,15,12,0.9959788769990684,17
4106,6,15,12,0.9933300995193095,17
4107,7,15,12,0.9949419685701222,17
4108,8,15,12,0.995026476232656,17
4109,9,15,12,0.9957158210903794,17
4110,10,15,12,0.9957344177961455,17
4111,11,15,12,0.9934175728445839,17
4112,12,15,12,0.9957960772226293,17
4113,13,15,12,0.9944438413369487,17
4114,14,15,12,0.9947169134929261,17
4115,15,15,12,0.9939189129770302,17
4116,16,15,12,0.9956854589972675,17
4117,17,15,12,0.995313197655962,17
4118,18,15,12,0.9925576108902653,17
4119,19,15,12,0.994031514081805,17
4120,20,15,12,0.9940243720676933,17
4121,21,15,12,0.9929757392276257,17
4122,22,15,12,0.9938804144854438,17
4123,23,15,12,0.994705114335879,17
4124,24,15,12,0.9939398609146809,17
4125,25,15,12,0.9956618689355728,17
4126,26,15,12,0.9945427965137063,17
4127,27,15,12,0.9938570940720683,17
4128,28,15,12,0.9950406414888631,17
4129,29,15,12,0.9939208593021809,17
4130,30,15,12,0.9957926380074142,17
4131,31,15,12,0.9935422566981079,17
4132,32,15,12,0.9948110784658036,17
4133,33,15,12,0.99710235552322,17
4134,34,15,12,0.9971295551941717,17
4135,35,15,12,0.9937199938046419,17
4136,36,15,12,0.9944600876800183,17
4137,37,15,12,0.9947006044639989,17
4138,38,15,12,0.993626840960585,17
4139,39,15,12,0.9965857348780937,17
4140,40,15,12,0.9938797461859611,17
4141,41,15,12,0.9956186108208905,17
4142,42,15,12,0.994252575424823,17
4143,43,15,12,0.994104673582988,17
4144,44,15,12,0.9938334317476663,17
4145,45,15,12,0.9925588452168725,17
4146,46,15,12,0.995434956386235,17
4147,47,15,12,0.993905384359524,17
4148,48,15,12,0.9927650604810638,17
4149,49,15,12,0.9940028473935553,17
4150,50,15,12,0.995323839110643,17
4151,51,15,12,0.9952051134918247,17
4152,52,15,12,0.9972565873740744,17
4153,53,15,12,0.9945569526251148,17
4154,54,15,12,0.9942924240325602,17
4155,55,15,12,0.9950771734296779,17
4156,56,15,12,0.993647785024513,17
4157,57,15,12,0.9929672786890406,17
4158,58,15,12,0.9939210025161656,17
4159,59,15,12,0.9940527993570855,17
4160,60,15,12,0.9923335155632002,17
4161,61,15,12,0.9919057691464478,17
4162,62,15,12,0.9931461638949645,17
4163,63,15,12,0.9948999306399635,17
4164,64,15,12,0.9968316458520476,17
4165,65,15,12,0.9931067290822384,17
4166,66,15,12,0.9940921377938494,17
4167,67,15,12,0.9931472867297273,17
4168,68,15,12,0.9933302901410748,17
4169,69,15,12,0.9964325424452677,17
4170,70,15,12,0.9943412029073802,17
4171,71,15,12,0.9961818153612049,17
4172,72,15,12,0.9934052557573593,17
4173,73,15,12,0.9954256395720297,17
4174,74,15,12,0.9956031090360773,17
4175,75,15,12,0.9940289005083717,17
4176,76,15,12,0.9941205481607972,17
4177,77,15,12,0.9962110070320723,17
4178,78,15,12,0.9960576304663238,17
4179,79,15,12,0.99282251131667,17
4180,80,15,12,0.996887745686647,17
4181,81,15,12,0.9942491016166491,17
4182,82,15,12,0.992903234520173,17
4183,83,15,12,0.993451352006857,17
4184,84,15,12,0.9919697929957408,17
4185,85,15,12,0.9953293945399099,17
4186,86,15,12,0.9925236475714401,17
4187,87,15,12,0.9932823652250513,17
4188,88,15,12,0.9953768350226941,17
4189,89,15,12,0.9951127096017283,17
4190,90,15,12,0.9952347205793658,17
4191,91,15,12,0.9931892604025279,17
4192,92,15,12,0.9943099785282331,17
4193,93,15,12,0.9948049340826685,17
4194,94,15,12,0.9937110476318076,17
4195,95,15,12,0.9953543307815673,17
4196,96,15,12,0.9941345397838376,17
4197,97,15,12,0.9942317953840043,17
4198,98,15,12,0.9935128310785956,17
4199,99,15,12,0.994870534990962,17
4200,0,15,13,0.9940445623234623,17
4201,1,15,13,0.9947335973903835,17
4202,2,15,13,0.994358400831732,17
4203,3,15,13,0.9952245928780479,17
4204,4,15,13,0.9947661851879003,17
4205,5,15,13,0.9943676466957819,17
4206,6,15,13,0.9953213122564817,17
4207,7,15,13,0.9956536104640398,17
4208,8,15,13,0.995525158506794,17
4209,9,15,13,0.9957940506150024,17
4210,10,15,13,0.9951233195295521,17
4211,11,15,13,0.9960859312186751,17
4212,12,15,13,0.9959450090160394,17
4213,13,15,13,0.9956011036333937,17
4214,14,15,13,0.9947054040597578,17
4215,15,15,13,0.9957216251070169,17
4216,16,15,13,0.9950368367078214,17
4217,17,15,13,0.9938305047353062,17
4218,18,15,13,0.9947378743058507,17
4219,19,15,13,0.9945690692688004,17
4220,20,15,13,0.9963906951832048,17
4221,21,15,13,0.9952222436435415,17
4222,22,15,13,0.9957884470987362,17
4223,23,15,13,0.9950170767461278,17
4224,24,15,13,0.9946674172684564,17
4225,25,15,13,0.9953030759554624,17
4226,26,15,13,0.9930674062054581,17
4227,27,15,13,0.9959438246576006,17
4228,28,15,13,0.9933168421334815,17
4229,29,15,13,0.9947807196878595,17
4230,30,15,13,0.9956630063042125,17
4231,31,15,13,0.9938753201241175,17
4232,32,15,13,0.9964530601883628,17
4233,33,15,13,0.9945395754868508,17
4234,34,15,13,0.9940378665388946,17
4235,35,15,13,0.9941746097145506,17
4236,36,15,13,0.9946162116106718,17
4237,37,15,13,0.9952976940803535,17
4238,38,15,13,0.9943779195027401,17
4239,39,15,13,0.995896016511876,17
4240,40,15,13,0.995427117437319,17
4241,41,15,13,0.9943902115378214,17
4242,42,15,13,0.9958450728471712,17
4243,43,15,13,0.9944423991100522,17
4244,44,15,13,0.995436940946646,17
4245,45,15,13,0.9953381844315553,17
4246,46,15,13,0.9950853200605023,17
4247,47,15,13,0.9947052397467403,17
4248,48,15,13,0.9956829605207774,17
4249,49,15,13,0.9956203266693612,17
4250,50,15,13,0.9950367477831078,17
4251,51,15,13,0.9944906761680025,17
4252,52,15,13,0.9949630450058888,17
4253,53,15,13,0.9952200561791696,17
4254,54,15,13,0.9961798553594675,17
4255,55,15,13,0.9928617742784208,17
4256,56,15,13,0.9957243503663279,17
4257,57,15,13,0.9950698313276454,17
4258,58,15,13,0.9950061877964067,17
4259,59,15,13,0.9948612887563807,17
4260,60,15,13,0.9955629628856826,17
4261,61,15,13,0.9945597120965384,17
4262,62,15,13,0.9962548265479817,17
4263,63,15,13,0.9943072427613681,17
4264,64,15,13,0.994506632159365,17
4265,65,15,13,0.9941958420895178,17
4266,66,15,13,0.9960957392034313,17
4267,67,15,13,0.9939546389942089,17
4268,68,15,13,0.9966619189242504,17
4269,69,15,13,0.9939196506526925,17
4270,70,15,13,0.9938683116741429,17
4271,71,15,13,0.994853326640243,17
4272,72,15,13,0.9947440227496694,17
4273,73,15,13,0.99587238708199,17
4274,74,15,13,0.9940759080044181,17
4275,75,15,13,0.993518496444091,17
4276,76,15,13,0.995377262138509,17
4277,77,15,13,0.99506823569105,17
4278,78,15,13,0.9940673806228083,17
4279,79,15,13,0.9940752090552536,17
4280,80,15,13,0.9952296564451901,17
4281,81,15,13,0.9935293732850312,17
4282,82,15,13,0.9960886340463838,17
4283,83,15,13,0.9934923826666407,17
4284,84,15,13,0.9954152290559571,17
4285,85,15,13,0.9961177084977065,17
4286,86,15,13,0.9932590544555716,17
4287,87,15,13,0.995714290910202,17
4288,88,15,13,0.9949285929342725,17
4289,89,15,13,0.9932487704422561,17
4290,90,15,13,0.9932826425291733,17
4291,91,15,13,0.9938844241627872,17
4292,92,15,13,0.9949027161642298,17
4293,93,15,13,0.9933856037519407,17
4294,94,15,13,0.994095978424978,17
4295,95,15,13,0.995224061433027,17
4296,96,15,13,0.9947034006809395,17
4297,97,15,13,0.9956793943012129,17
4298,98,15,13,0.9956933786499711,17
4299,99,15,13,0.9936354069669489,17
4300,0,15,14,0.9953350112813045,17
4301,1,15,14,0.9950449594097572,17
4302,2,15,14,0.9951891594800331,17
4303,3,15,14,0.9943388565127953,17
4304,4,15,14,0.9952339224241709,17
4305,5,15,14,0.9958362709382785,17
4306,6,15,14,0.994639791422978,17
4307,7,15,14,0.9944873183346521,17
4308,8,15,14,0.9953676511384854,17
4309,9,15,14,0.9944716563800552,17
4310,10,15,14,0.9950603211532336,17
4311,11,15,14,0.9950977357293553,17
4312,12,15,14,0.9955888287570642,17
4313,13,15,14,0.995812696879206,17
4314,14,15,14,0.9953422182665072,17
4315,15,15,14,0.9949998828417953,17
4316,16,15,14,0.9944748429256003,17
4317,17,15,14,0.9960646273012209,17
4318,18,15,14,0.9954081801161861,17
4319,19,15,14,0.9945314534558601,17
4320,20,15,14,0.9947928078918131,17
4321,21,15,14,0.9953576541004552,17
4322,22,15,14,0.9953996431403009,17
4323,23,15,14,0.9951901430894778,17
4324,24,15,14,0.994529619349175,17
4325,25,15,14,0.9950788652661461,17
4326,26,15,14,0.993935995222077,17
4327,27,15,14,0.995311792771717,17
4328,28,15,14,0.9949751174351054,17
4329,29,15,14,0.9953056582027875,17
4330,30,15,14,0.9952518748419126,17
4331,31,15,14,0.9950136581395099,17
4332,32,15,14,0.994863245338875,17
4333,33,15,14,0.9955620311520947,17
4334,34,15,14,0.9955441187331112,17
4335,35,15,14,0.9959732508583038,17
4336,36,15,14,0.9945913234135981,17
4337,37,15,14,0.995620397908221,17
4338,38,15,14,0.9952322307353568,17
4339,39,15,14,0.9956617270726416,17
4340,40,15,14,0.9950522521038816,17
4341,41,15,14,0.9947835688778095,17
4342,42,15,14,0.9953746419467475,17
4343,43,15,14,0.9958443150838817,17
4344,44,15,14,0.9947835069002665,17
4345,45,15,14,0.9950740367705434,17
4346,46,15,14,0.9952371894788112,17
4347,47,15,14,0.995509962018682,17
4348,48,15,14,0.9942431193791633,17
4349,49,15,14,0.9961734589686346,17
4350,50,15,14,0.9955558811445723,17
4351,51,15,14,0.9952694969986202,17
4352,52,15,14,0.9954030963788497,17
4353,53,15,14,0.9948819267460212,17
4354,54,15,14,0.9952550579429835,17
4355,55,15,14,0.9952450304284924,17
4356,56,15,14,0.9961170867560182,17
4357,57,15,14,0.9944895887179787,17
4358,58,15,14,0.9947805053685272,17
4359,59,15,14,0.9946162398273599,17
4360,60,15,14,0.9952777858674391,17
4361,61,15,14,0.994455926862383,17
4362,62,15,14,0.99456646265561,17
4363,63,15,14,0.9947355708592884,17
4364,64,15,14,0.995756475686415,17
4365,65,15,14,0.9962804868064281,17
4366,66,15,14,0.9952908164205875,17
4367,67,15,14,0.9956870141422032,17
4368,68,15,14,0.99553968843761,17
4369,69,15,14,0.9955905243758734,17
4370,70,15,14,0.9952196780908251,17
4371,71,15,14,0.9948151914147444,17
4372,72,15,14,0.9951399001189893,17
4373,73,15,14,0.995457016282396,17
4374,74,15,14,0.9943437123636086,17
4375,75,15,14,0.9950366729503597,17
4376,76,15,14,0.9951738080986152,17
4377,77,15,14,0.9946035054703938,17
4378,78,15,14,0.9952439268879286,17
4379,79,15,14,0.9952239228288192,17
4380,80,15,14,0.9947423520755063,17
4381,81,15,14,0.9958025231250589,17
4382,82,15,14,0.9950200115130845,17
4383,83,15,14,0.9953936252073114,17
4384,84,15,14,0.9944771566269348,17
4385,85,15,14,0.9945290513317682,17
4386,86,15,14,0.9950210354794066,17
4387,87,15,14,0.9958173990627568,17
4388,88,15,14,0.994422395822359,17
4389,89,15,14,0.9954885506071534,17
4390,90,15,14,0.9950435419121397,17
4391,91,15,14,0.9952825923821578,17
4392,92,15,14,0.9954788558744885,17
4393,93,15,14,0.995646216531635,17
4394,94,15,14,0.99518552663481,17
4395,95,15,14,0.995417271184012,17
4396,96,15,14,0.9947347689035576,17
4397,97,15,14,0.9947874675554409,17
4398,98,15,14,0.995699793402269,17
4399,99,15,14,0.9946355207825802,17
4400,0,15,15,0.9954125626010077,17
4401,1,15,15,0.9954125626010077,17
4402,2,15,15,0.9954125626010077,17
4403,3,15,15,0.9954125626010077,17
4404,4,15,15,0.9954125626010077,17
4405,5,15,15,0.9954125626010077,17
4406,6,15,15,0.9954125626010077,17
4407,7,15,15,0.9954125626010077,17
4408,8,15,15,0.9954125626010077,17
4409,9,15,15,0.9954125626010077,17
4410,10,15,15,0.9954125626010077,17
4411,11,15,15,0.9954125626010077,17
4412,12,15,15,0.9954125626010077,17
4413,13,15,15,0.9954125626010077,17
4414,14,15,15,0.9954125626010077,17
4415,15,15,15,0.9954125626010077,17
4416,16,15,15,0.9954125626010077,17
4417,17,15,15,0.9954125626010077,17
4418,18,15,15,0.9954125626010077,17
4419,19,15,15,0.9954125626010077,17
4420,20,15,15,0.9954125626010077,17
4421,21,15,15,0.9954125626010077,17
4422,22,15,15,0.9954125626010077,17
4423,23,15,15,0.9954125626010077,17
4424,24,15,15,0.9954125626010077,17
4425,25,15,15,0.9954125626010077,17
4426,26,15,15,0.9954125626010077,17
4427,27,15,15,0.9954125626010077,17
4428,28,15,15,0.9954125626010077,17
4429,29,15,15,0.9954125626010077,17
4430,30,15,15,0.9954125626010077,17
4431,31,15,15,0.9954125626010077,17
4432,32,15,15,0.9954125626010077,17
4433,33,15,15,0.9954125626010077,17
4434,34,15,15,0.9954125626010077,17
4435,35,15,15,0.9954125626010077,17
4436,36,15,15,0.9954125626010077,17
4437,37,15,15,0.9954125626010077,17
4438,38,15,15,0.9954125626010077,17
4439,39,15,15,0.9954125626010077,17
4440,40,15,15,0.9954125626010077,17
4441,41,15,15,0.9954125626010077,17
4442,42,15,15,0.9954125626010077,17
4443,43,15,15,0.9954125626010077,17
4444,44,15,15,0.9954125626010077,17
4445,45,15,15,0.9954125626010077,17
4446,46,15,15,0.9954125626010077,17
4447,47,15,15,0.9954125626010077,17
4448,48,15,15,0.9954125626010077,17
4449,49,15,15,0.9954125626010077,17
4450,50,15,15,0.9954125626010077,17
4451,51,15,15,0.9954125626010077,17
4452,52,15,15,0.9954125626010077,17
4453,53,15,15,0.9954125626010077,17
4454,54,15,15,0.9954125626010077,17
4455,55,15,15,0.9954125626010077,17
4456,56,15,15,0.9954125626010077,17
4457,57,15,15,0.9954125626010077,17
4458,58,15,15,0.9954125626010077,17
4459,59,15,15,0.9954125626010077,17
4460,60,15,15,0.9954125626010077,17
4461,61,15,15,0.9954125626010077,17
4462,62,15,15,0.9954125626010077,17
4463,63,15,15,0.9954125626010077,17
4464,64,15,15,0.9954125626010077,17
4465,65,15,15,0.9954125626010077,17
4466,66,15,15,0.9954125626010077,17
4467,67,15,15,0.9954125626010077,17
4468,68,15,15,0.9954125626010077,17
4469,69,15,15,0.9954125626010077,17
4470,70,15,15,0.9954125626010077,17
4471,71,15,15,0.9954125626010077,17
4472,72,15,15,0.9954125626010077,17
4473,73,15,15,0.9954125626010077,17
4474,74,15,15,0.9954125626010077,17
4475,75,15,15,0.9954125626010077,17
4476,76,15,15,0.9954125626010077,17
4477,77,15,15,0.9954125626010077,17
4478,78,15,15,0.9954125626010077,17
4479,79,15,15,0.9954125626010077,17
4480,80,15,15,0.9954125626010077,17
4481,81,15,15,0.9954125626010077,17
4482,82,15,15,0.9954125626010077,17
4483,83,15,15,0.9954125626010077,17
4484,84,15,15,0.9954125626010077,17
4485,85,15,15,0.9954125626010077,17
4486,86,15,15,0.9954125626010077,17
4487,87,15,15,0.9954125626010077,17
4488,88,15,15,0.9954125626010077,17
4489,89,15,15,0.9954125626010077,17
4490,90,15,15,0.9954125626010077,17
4491,91,15,15,0.9954125626010077,17
4492,92,15,15,0.9954125626010077,17
4493,93,15,15,0.9954125626010077,17
4494,94,15,15,0.9954125626010077,17
4495,95,15,15,0.9954125626010077,17
4496,96,15,15,0.9954125626010077,17
4497,97,15,15,0.9954125626010077,17
4498,98,15,15,0.9954125626010077,17
4499,99,15,15,0.9954125626010077,17
