iter,barcode_tot,n_barcodes,correlation,n_variants
0,5,1,0.9189661002901222,40
1,5,1,0.9262854245978313,40
2,5,1,0.9073414112739157,40
3,5,1,0.9029050422972812,40
4,5,1,0.8609884851076293,40
5,5,1,0.9024095987758716,40
6,5,1,0.9218797328080152,40
7,5,1,0.8820715657212006,40
8,5,1,0.9282350182876568,40
9,5,1,0.8766813657267647,40
10,5,1,0.8659605249430339,40
11,5,1,0.829295254012624,40
12,5,1,0.951945767044754,40
13,5,1,0.9064492046322244,40
14,5,1,0.9142368611653076,40
15,5,1,0.9493753521966048,40
16,5,1,0.8811282693762619,40
17,5,1,0.9381166087381574,40
18,5,1,0.8471500670812404,40
19,5,1,0.945816646112545,40
20,5,1,0.924733966105329,40
21,5,1,0.9070560022132944,40
22,5,1,0.9047446484084934,40
23,5,1,0.8352492818597589,40
24,5,1,0.951997018800227,40
25,5,1,0.8986338981752783,40
26,5,1,0.9119852015185488,40
27,5,1,0.8847637043672267,40
28,5,1,0.9351520023651814,40
29,5,1,0.870873346819185,40
30,5,1,0.9382945725108784,40
31,5,1,0.829650190716914,40
32,5,1,0.9412525885280404,40
33,5,1,0.9162545654303886,40
34,5,1,0.872690733156976,40
35,5,1,0.8828198047121535,40
36,5,1,0.8959758127867457,40
37,5,1,0.8786404439923404,40
38,5,1,0.8773741832931674,40
39,5,1,0.8133512768932446,40
40,5,1,0.9268861244081698,40
41,5,1,0.8870669954253504,40
42,5,1,0.8611173548986842,40
43,5,1,0.8854269824618441,40
44,5,1,0.8301188787234335,40
45,5,1,0.7578085978911123,40
46,5,1,0.8724804433369865,40
47,5,1,0.8879562161512538,40
48,5,1,0.91221627100062,40
49,5,1,0.917861580138635,40
50,5,1,0.8929960144843325,40
51,5,1,0.9303018364890688,40
52,5,1,0.89573913497175,40
53,5,1,0.8661152845837192,40
54,5,1,0.9411070873173212,40
55,5,1,0.7457081583729377,40
56,5,1,0.8644923377812004,40
57,5,1,0.9418808976564106,40
58,5,1,0.8277681800132681,40
59,5,1,0.8735098155811902,40
60,5,1,0.884870448941035,40
61,5,1,0.8166937173234812,40
62,5,1,0.9021851180063454,40
63,5,1,0.8978482018504786,40
64,5,1,0.936942692618152,40
65,5,1,0.9144994541276404,40
66,5,1,0.9382614987392726,40
67,5,1,0.9186638951006943,40
68,5,1,0.7412036089673673,40
69,5,1,0.8777508575147729,40
70,5,1,0.891953455512119,40
71,5,1,0.903068456058989,40
72,5,1,0.8602129076571412,40
73,5,1,0.9182962594078689,40
74,5,1,0.8540821735106562,40
75,5,1,0.8655061962066812,40
76,5,1,0.8054562596623492,40
77,5,1,0.9022471176232058,40
78,5,1,0.9128605140812834,40
79,5,1,0.9037170400369614,40
80,5,1,0.877916260301358,40
81,5,1,0.8654662646464832,40
82,5,1,0.9387898620379316,40
83,5,1,0.7763277356521034,40
84,5,1,0.9280648307350332,40
85,5,1,0.8176140143176022,40
86,5,1,0.8589058203323745,40
87,5,1,0.8480973633768569,40
88,5,1,0.811142332091491,40
89,5,1,0.8223790475425938,40
90,5,1,0.9203006368866083,40
91,5,1,0.8296317131807152,40
92,5,1,0.9204095572170308,40
93,5,1,0.9084915762052286,40
94,5,1,0.8976025710128515,40
95,5,1,0.8671148134843023,40
96,5,1,0.8944788008492786,40
97,5,1,0.9090776651740642,40
98,5,1,0.9081020993618776,40
99,5,1,0.9172574412465642,40
0,5,2,0.9431589038016244,40
1,5,2,0.9496625545037876,40
2,5,2,0.919509022075319,40
3,5,2,0.9119296850666416,40
4,5,2,0.941890207360903,40
5,5,2,0.9115424710380996,40
6,5,2,0.9497417221089864,40
7,5,2,0.9030124621616912,40
8,5,2,0.9438524117561282,40
9,5,2,0.9173961910149748,40
10,5,2,0.932414442823541,40
11,5,2,0.918417271156865,40
12,5,2,0.9304756562926272,40
13,5,2,0.9113981502597476,40
14,5,2,0.9503337590778372,40
15,5,2,0.939001086974238,40
16,5,2,0.9305501560227358,40
17,5,2,0.9304261092226288,40
18,5,2,0.9458307581006452,40
19,5,2,0.934254838303374,40
20,5,2,0.9494536735922856,40
21,5,2,0.9230147024427338,40
22,5,2,0.9215230445426158,40
23,5,2,0.924075334460109,40
24,5,2,0.9256255828922272,40
25,5,2,0.8990648183389027,40
26,5,2,0.9186590599690332,40
27,5,2,0.9378967107333068,40
28,5,2,0.932861363629538,40
29,5,2,0.9224922547677368,40
30,5,2,0.9002530476310268,40
31,5,2,0.9170220405376672,40
32,5,2,0.9351180131436172,40
33,5,2,0.9373652976162804,40
34,5,2,0.9074623100023907,40
35,5,2,0.8980657167837632,40
36,5,2,0.919773935283162,40
37,5,2,0.946606239782838,40
38,5,2,0.9143688925871328,40
39,5,2,0.9232172391016028,40
40,5,2,0.93617540664792,40
41,5,2,0.9326637233694268,40
42,5,2,0.9172299112019148,40
43,5,2,0.9245486821976144,40
44,5,2,0.9169848335555024,40
45,5,2,0.952814810699108,40
46,5,2,0.9336410309750772,40
47,5,2,0.9098709210418492,40
48,5,2,0.905004879080668,40
49,5,2,0.9347175464590154,40
50,5,2,0.88775205910094,40
51,5,2,0.9294245217385458,40
52,5,2,0.901748661400939,40
53,5,2,0.9272681380969328,40
54,5,2,0.9563014804550478,40
55,5,2,0.8888353430906387,40
56,5,2,0.9069159998428978,40
57,5,2,0.9554666173747955,40
58,5,2,0.9105907884419748,40
59,5,2,0.9151101533860644,40
60,5,2,0.9346253786180924,40
61,5,2,0.9277762639238304,40
62,5,2,0.9429084938586216,40
63,5,2,0.9241384251537113,40
64,5,2,0.8941125257405773,40
65,5,2,0.9125090917218506,40
66,5,2,0.9469768940378568,40
67,5,2,0.9230881402749964,40
68,5,2,0.9275204599383464,40
69,5,2,0.9015458327287974,40
70,5,2,0.9472660186790192,40
71,5,2,0.9521554375295562,40
72,5,2,0.9154006120256212,40
73,5,2,0.9091563183074568,40
74,5,2,0.9157731626003676,40
75,5,2,0.90833674591359,40
76,5,2,0.9134142042992476,40
77,5,2,0.9379369354971429,40
78,5,2,0.9026142614025046,40
79,5,2,0.930375205758423,40
80,5,2,0.9364570597809774,40
81,5,2,0.9350753750000448,40
82,5,2,0.922985749645182,40
83,5,2,0.9003278915070039,40
84,5,2,0.9175718484248756,40
85,5,2,0.921290090939758,40
86,5,2,0.9223889582602706,40
87,5,2,0.9172713251364404,40
88,5,2,0.9232820854570294,40
89,5,2,0.9471381437710588,40
90,5,2,0.9105555733970456,40
91,5,2,0.9113734691459676,40
92,5,2,0.9441455472314432,40
93,5,2,0.9241967496793756,40
94,5,2,0.9071426923971292,40
95,5,2,0.9111186514921112,40
96,5,2,0.932793721777976,40
97,5,2,0.916371379337439,40
98,5,2,0.9181670696073686,40
99,5,2,0.9369103197139028,40
0,5,3,0.9538752124022942,40
1,5,3,0.9379598492525444,40
2,5,3,0.9535497596108096,40
3,5,3,0.9188882565953098,40
4,5,3,0.9550481390258522,40
5,5,3,0.9528381787594292,40
6,5,3,0.9330088385975346,40
7,5,3,0.9487840728716996,40
8,5,3,0.9144238835918872,40
9,5,3,0.9292012965553972,40
10,5,3,0.9550609259020416,40
11,5,3,0.9179563905312677,40
12,5,3,0.9572993084676428,40
13,5,3,0.9158470470253622,40
14,5,3,0.9476276774494644,40
15,5,3,0.9479830582197984,40
16,5,3,0.9319067898951862,40
17,5,3,0.9257174671588114,40
18,5,3,0.936859560600406,40
19,5,3,0.9593251695017112,40
20,5,3,0.9413936437517748,40
21,5,3,0.9356100194032528,40
22,5,3,0.9247326692919844,40
23,5,3,0.9330238998727026,40
24,5,3,0.9322929447593458,40
25,5,3,0.9518922300026696,40
26,5,3,0.9382547323330244,40
27,5,3,0.9493080559440232,40
28,5,3,0.9417028739679012,40
29,5,3,0.959100307666893,40
30,5,3,0.9339790654531716,40
31,5,3,0.9160609847129316,40
32,5,3,0.9384584308970472,40
33,5,3,0.9599015854168566,40
34,5,3,0.9441887367553546,40
35,5,3,0.93411996513893,40
36,5,3,0.9331431574295316,40
37,5,3,0.9620553433987684,40
38,5,3,0.9256210987232112,40
39,5,3,0.9540612641572154,40
40,5,3,0.9544910242749988,40
41,5,3,0.9240771819245256,40
42,5,3,0.9466103414761232,40
43,5,3,0.961036626012445,40
44,5,3,0.9246542732935076,40
45,5,3,0.9398945470851908,40
46,5,3,0.932348215224272,40
47,5,3,0.9428225372080714,40
48,5,3,0.957942688482294,40
49,5,3,0.9436701282591282,40
50,5,3,0.9341559454715967,40
51,5,3,0.9577554748111076,40
52,5,3,0.9230332000652276,40
53,5,3,0.9504925585044384,40
54,5,3,0.9636042792616326,40
55,5,3,0.933624659512196,40
56,5,3,0.9309918677054688,40
57,5,3,0.939631217309807,40
58,5,3,0.9264975713672589,40
59,5,3,0.9248037777192066,40
60,5,3,0.9551543038106948,40
61,5,3,0.9657824620443444,40
62,5,3,0.9432772346122468,40
63,5,3,0.9218847331815144,40
64,5,3,0.9391166470652256,40
65,5,3,0.93843280027141,40
66,5,3,0.966859011688878,40
67,5,3,0.9508788894398508,40
68,5,3,0.9643579853050256,40
69,5,3,0.9526001875390684,40
70,5,3,0.9453488035507492,40
71,5,3,0.9200289913410572,40
72,5,3,0.942158811367651,40
73,5,3,0.9513193388996484,40
74,5,3,0.9421336521150814,40
75,5,3,0.9272973928792714,40
76,5,3,0.949541355993302,40
77,5,3,0.9270715314892016,40
78,5,3,0.9527829743421526,40
79,5,3,0.9416952790842588,40
80,5,3,0.9625077091790424,40
81,5,3,0.9377009245628032,40
82,5,3,0.9211458968491116,40
83,5,3,0.9207188597787964,40
84,5,3,0.9358469582687924,40
85,5,3,0.9544193209529768,40
86,5,3,0.942547400845209,40
87,5,3,0.9373427971679816,40
88,5,3,0.9518050529086286,40
89,5,3,0.9542877739290268,40
90,5,3,0.9515437767178396,40
91,5,3,0.9244544222721456,40
92,5,3,0.9348013750920158,40
93,5,3,0.9206924945737424,40
94,5,3,0.9543009536173558,40
95,5,3,0.9171461312292544,40
96,5,3,0.9302129047572528,40
97,5,3,0.9304323262104096,40
98,5,3,0.9506637466234416,40
99,5,3,0.9476239156546896,40
0,5,4,0.9393713254065575,40
1,5,4,0.9518389603897726,40
2,5,4,0.9369197712390852,40
3,5,4,0.9654691407536506,40
4,5,4,0.9446013568757784,40
5,5,4,0.9319289109949694,40
6,5,4,0.9594108600127692,40
7,5,4,0.950989228509,40
8,5,4,0.9488663195853974,40
9,5,4,0.9377932001746148,40
10,5,4,0.9574693963576364,40
11,5,4,0.945959096882027,40
12,5,4,0.9610649678071228,40
13,5,4,0.9500867043829216,40
14,5,4,0.958014786191428,40
15,5,4,0.933637220139548,40
16,5,4,0.9462797339728748,40
17,5,4,0.9561433151889784,40
18,5,4,0.964932494256101,40
19,5,4,0.9356856590317864,40
20,5,4,0.9486550853652976,40
21,5,4,0.9345607756060328,40
22,5,4,0.93906133354361,40
23,5,4,0.960023553245032,40
24,5,4,0.9391035489701876,40
25,5,4,0.9385591585333,40
26,5,4,0.9460238200437526,40
27,5,4,0.9367460617645466,40
28,5,4,0.9524568683007356,40
29,5,4,0.9509173405674668,40
30,5,4,0.9573777038841084,40
31,5,4,0.9474282852017314,40
32,5,4,0.9622963142355996,40
33,5,4,0.9489900064626352,40
34,5,4,0.939393714581414,40
35,5,4,0.9560402086908696,40
36,5,4,0.9539692817996372,40
37,5,4,0.9527245815504576,40
38,5,4,0.9428888540811118,40
39,5,4,0.9422312484322618,40
40,5,4,0.9444984675319618,40
41,5,4,0.9430062654751687,40
42,5,4,0.9415460559816662,40
43,5,4,0.9352259918068356,40
44,5,4,0.9407410576603048,40
45,5,4,0.955127057935348,40
46,5,4,0.9538938188710836,40
47,5,4,0.9546514022749027,40
48,5,4,0.9590026723405036,40
49,5,4,0.9557546921533092,40
50,5,4,0.9570075986391464,40
51,5,4,0.9345319939974268,40
52,5,4,0.95121811785303,40
53,5,4,0.9574394274473746,40
54,5,4,0.9466172954755072,40
55,5,4,0.947567513817078,40
56,5,4,0.9531788475515774,40
57,5,4,0.9431239057357792,40
58,5,4,0.9395040099096104,40
59,5,4,0.9434446086189464,40
60,5,4,0.948593231602348,40
61,5,4,0.940299316655308,40
62,5,4,0.9514605977787528,40
63,5,4,0.9440715382306916,40
64,5,4,0.9370950000863276,40
65,5,4,0.961205389820232,40
66,5,4,0.9482527976256104,40
67,5,4,0.9504032688666404,40
68,5,4,0.954007366116256,40
69,5,4,0.9355119888433716,40
70,5,4,0.9524378320224,40
71,5,4,0.9472602128753272,40
72,5,4,0.9564440809906,40
73,5,4,0.9474787380769758,40
74,5,4,0.947986988620622,40
75,5,4,0.9473234750523704,40
76,5,4,0.9397914644417654,40
77,5,4,0.9452437890950912,40
78,5,4,0.9511360867250208,40
79,5,4,0.9432310005047784,40
80,5,4,0.9482175756906942,40
81,5,4,0.9554862158126745,40
82,5,4,0.9472480461642118,40
83,5,4,0.9534305705360204,40
84,5,4,0.9543684715452792,40
85,5,4,0.9537298784581588,40
86,5,4,0.9357787586612276,40
87,5,4,0.9462062782889124,40
88,5,4,0.9559059414600898,40
89,5,4,0.9440015427312188,40
90,5,4,0.9527047028277736,40
91,5,4,0.953468606722314,40
92,5,4,0.961847061347752,40
93,5,4,0.944058366700634,40
94,5,4,0.9440512049339692,40
95,5,4,0.9362927868540016,40
96,5,4,0.9367699682883688,40
97,5,4,0.936889280279692,40
98,5,4,0.95888884873052,40
99,5,4,0.9615082768846128,40
0,5,5,0.9488297600664828,40
1,5,5,0.9488297600664828,40
2,5,5,0.9488297600664828,40
3,5,5,0.9488297600664828,40
4,5,5,0.9488297600664828,40
5,5,5,0.9488297600664828,40
6,5,5,0.9488297600664828,40
7,5,5,0.9488297600664828,40
8,5,5,0.9488297600664828,40
9,5,5,0.9488297600664828,40
10,5,5,0.9488297600664828,40
11,5,5,0.9488297600664828,40
12,5,5,0.9488297600664828,40
13,5,5,0.9488297600664828,40
14,5,5,0.9488297600664828,40
15,5,5,0.9488297600664828,40
16,5,5,0.9488297600664828,40
17,5,5,0.9488297600664828,40
18,5,5,0.9488297600664828,40
19,5,5,0.9488297600664828,40
20,5,5,0.9488297600664828,40
21,5,5,0.9488297600664828,40
22,5,5,0.9488297600664828,40
23,5,5,0.9488297600664828,40
24,5,5,0.9488297600664828,40
25,5,5,0.9488297600664828,40
26,5,5,0.9488297600664828,40
27,5,5,0.9488297600664828,40
28,5,5,0.9488297600664828,40
29,5,5,0.9488297600664828,40
30,5,5,0.9488297600664828,40
31,5,5,0.9488297600664828,40
32,5,5,0.9488297600664828,40
33,5,5,0.9488297600664828,40
34,5,5,0.9488297600664828,40
35,5,5,0.9488297600664828,40
36,5,5,0.9488297600664828,40
37,5,5,0.9488297600664828,40
38,5,5,0.9488297600664828,40
39,5,5,0.9488297600664828,40
40,5,5,0.9488297600664828,40
41,5,5,0.9488297600664828,40
42,5,5,0.9488297600664828,40
43,5,5,0.9488297600664828,40
44,5,5,0.9488297600664828,40
45,5,5,0.9488297600664828,40
46,5,5,0.9488297600664828,40
47,5,5,0.9488297600664828,40
48,5,5,0.9488297600664828,40
49,5,5,0.9488297600664828,40
50,5,5,0.9488297600664828,40
51,5,5,0.9488297600664828,40
52,5,5,0.9488297600664828,40
53,5,5,0.9488297600664828,40
54,5,5,0.9488297600664828,40
55,5,5,0.9488297600664828,40
56,5,5,0.9488297600664828,40
57,5,5,0.9488297600664828,40
58,5,5,0.9488297600664828,40
59,5,5,0.9488297600664828,40
60,5,5,0.9488297600664828,40
61,5,5,0.9488297600664828,40
62,5,5,0.9488297600664828,40
63,5,5,0.9488297600664828,40
64,5,5,0.9488297600664828,40
65,5,5,0.9488297600664828,40
66,5,5,0.9488297600664828,40
67,5,5,0.9488297600664828,40
68,5,5,0.9488297600664828,40
69,5,5,0.9488297600664828,40
70,5,5,0.9488297600664828,40
71,5,5,0.9488297600664828,40
72,5,5,0.9488297600664828,40
73,5,5,0.9488297600664828,40
74,5,5,0.9488297600664828,40
75,5,5,0.9488297600664828,40
76,5,5,0.9488297600664828,40
77,5,5,0.9488297600664828,40
78,5,5,0.9488297600664828,40
79,5,5,0.9488297600664828,40
80,5,5,0.9488297600664828,40
81,5,5,0.9488297600664828,40
82,5,5,0.9488297600664828,40
83,5,5,0.9488297600664828,40
84,5,5,0.9488297600664828,40
85,5,5,0.9488297600664828,40
86,5,5,0.9488297600664828,40
87,5,5,0.9488297600664828,40
88,5,5,0.9488297600664828,40
89,5,5,0.9488297600664828,40
90,5,5,0.9488297600664828,40
91,5,5,0.9488297600664828,40
92,5,5,0.9488297600664828,40
93,5,5,0.9488297600664828,40
94,5,5,0.9488297600664828,40
95,5,5,0.9488297600664828,40
96,5,5,0.9488297600664828,40
97,5,5,0.9488297600664828,40
98,5,5,0.9488297600664828,40
99,5,5,0.9488297600664828,40
0,5,6,,40
1,5,6,,40
2,5,6,,40
3,5,6,,40
4,5,6,,40
5,5,6,,40
6,5,6,,40
7,5,6,,40
8,5,6,,40
9,5,6,,40
10,5,6,,40
11,5,6,,40
12,5,6,,40
13,5,6,,40
14,5,6,,40
15,5,6,,40
16,5,6,,40
17,5,6,,40
18,5,6,,40
19,5,6,,40
20,5,6,,40
21,5,6,,40
22,5,6,,40
23,5,6,,40
24,5,6,,40
25,5,6,,40
26,5,6,,40
27,5,6,,40
28,5,6,,40
29,5,6,,40
30,5,6,,40
31,5,6,,40
32,5,6,,40
33,5,6,,40
34,5,6,,40
35,5,6,,40
36,5,6,,40
37,5,6,,40
38,5,6,,40
39,5,6,,40
40,5,6,,40
41,5,6,,40
42,5,6,,40
43,5,6,,40
44,5,6,,40
45,5,6,,40
46,5,6,,40
47,5,6,,40
48,5,6,,40
49,5,6,,40
50,5,6,,40
51,5,6,,40
52,5,6,,40
53,5,6,,40
54,5,6,,40
55,5,6,,40
56,5,6,,40
57,5,6,,40
58,5,6,,40
59,5,6,,40
60,5,6,,40
61,5,6,,40
62,5,6,,40
63,5,6,,40
64,5,6,,40
65,5,6,,40
66,5,6,,40
67,5,6,,40
68,5,6,,40
69,5,6,,40
70,5,6,,40
71,5,6,,40
72,5,6,,40
73,5,6,,40
74,5,6,,40
75,5,6,,40
76,5,6,,40
77,5,6,,40
78,5,6,,40
79,5,6,,40
80,5,6,,40
81,5,6,,40
82,5,6,,40
83,5,6,,40
84,5,6,,40
85,5,6,,40
86,5,6,,40
87,5,6,,40
88,5,6,,40
89,5,6,,40
90,5,6,,40
91,5,6,,40
92,5,6,,40
93,5,6,,40
94,5,6,,40
95,5,6,,40
96,5,6,,40
97,5,6,,40
98,5,6,,40
99,5,6,,40
0,5,7,,40
1,5,7,,40
2,5,7,,40
3,5,7,,40
4,5,7,,40
5,5,7,,40
6,5,7,,40
7,5,7,,40
8,5,7,,40
9,5,7,,40
10,5,7,,40
11,5,7,,40
12,5,7,,40
13,5,7,,40
14,5,7,,40
15,5,7,,40
16,5,7,,40
17,5,7,,40
18,5,7,,40
19,5,7,,40
20,5,7,,40
21,5,7,,40
22,5,7,,40
23,5,7,,40
24,5,7,,40
25,5,7,,40
26,5,7,,40
27,5,7,,40
28,5,7,,40
29,5,7,,40
30,5,7,,40
31,5,7,,40
32,5,7,,40
33,5,7,,40
34,5,7,,40
35,5,7,,40
36,5,7,,40
37,5,7,,40
38,5,7,,40
39,5,7,,40
40,5,7,,40
41,5,7,,40
42,5,7,,40
43,5,7,,40
44,5,7,,40
45,5,7,,40
46,5,7,,40
47,5,7,,40
48,5,7,,40
49,5,7,,40
50,5,7,,40
51,5,7,,40
52,5,7,,40
53,5,7,,40
54,5,7,,40
55,5,7,,40
56,5,7,,40
57,5,7,,40
58,5,7,,40
59,5,7,,40
60,5,7,,40
61,5,7,,40
62,5,7,,40
63,5,7,,40
64,5,7,,40
65,5,7,,40
66,5,7,,40
67,5,7,,40
68,5,7,,40
69,5,7,,40
70,5,7,,40
71,5,7,,40
72,5,7,,40
73,5,7,,40
74,5,7,,40
75,5,7,,40
76,5,7,,40
77,5,7,,40
78,5,7,,40
79,5,7,,40
80,5,7,,40
81,5,7,,40
82,5,7,,40
83,5,7,,40
84,5,7,,40
85,5,7,,40
86,5,7,,40
87,5,7,,40
88,5,7,,40
89,5,7,,40
90,5,7,,40
91,5,7,,40
92,5,7,,40
93,5,7,,40
94,5,7,,40
95,5,7,,40
96,5,7,,40
97,5,7,,40
98,5,7,,40
99,5,7,,40
0,5,8,,40
1,5,8,,40
2,5,8,,40
3,5,8,,40
4,5,8,,40
5,5,8,,40
6,5,8,,40
7,5,8,,40
8,5,8,,40
9,5,8,,40
10,5,8,,40
11,5,8,,40
12,5,8,,40
13,5,8,,40
14,5,8,,40
15,5,8,,40
16,5,8,,40
17,5,8,,40
18,5,8,,40
19,5,8,,40
20,5,8,,40
21,5,8,,40
22,5,8,,40
23,5,8,,40
24,5,8,,40
25,5,8,,40
26,5,8,,40
27,5,8,,40
28,5,8,,40
29,5,8,,40
30,5,8,,40
31,5,8,,40
32,5,8,,40
33,5,8,,40
34,5,8,,40
35,5,8,,40
36,5,8,,40
37,5,8,,40
38,5,8,,40
39,5,8,,40
40,5,8,,40
41,5,8,,40
42,5,8,,40
43,5,8,,40
44,5,8,,40
45,5,8,,40
46,5,8,,40
47,5,8,,40
48,5,8,,40
49,5,8,,40
50,5,8,,40
51,5,8,,40
52,5,8,,40
53,5,8,,40
54,5,8,,40
55,5,8,,40
56,5,8,,40
57,5,8,,40
58,5,8,,40
59,5,8,,40
60,5,8,,40
61,5,8,,40
62,5,8,,40
63,5,8,,40
64,5,8,,40
65,5,8,,40
66,5,8,,40
67,5,8,,40
68,5,8,,40
69,5,8,,40
70,5,8,,40
71,5,8,,40
72,5,8,,40
73,5,8,,40
74,5,8,,40
75,5,8,,40
76,5,8,,40
77,5,8,,40
78,5,8,,40
79,5,8,,40
80,5,8,,40
81,5,8,,40
82,5,8,,40
83,5,8,,40
84,5,8,,40
85,5,8,,40
86,5,8,,40
87,5,8,,40
88,5,8,,40
89,5,8,,40
90,5,8,,40
91,5,8,,40
92,5,8,,40
93,5,8,,40
94,5,8,,40
95,5,8,,40
96,5,8,,40
97,5,8,,40
98,5,8,,40
99,5,8,,40
0,5,9,,40
1,5,9,,40
2,5,9,,40
3,5,9,,40
4,5,9,,40
5,5,9,,40
6,5,9,,40
7,5,9,,40
8,5,9,,40
9,5,9,,40
10,5,9,,40
11,5,9,,40
12,5,9,,40
13,5,9,,40
14,5,9,,40
15,5,9,,40
16,5,9,,40
17,5,9,,40
18,5,9,,40
19,5,9,,40
20,5,9,,40
21,5,9,,40
22,5,9,,40
23,5,9,,40
24,5,9,,40
25,5,9,,40
26,5,9,,40
27,5,9,,40
28,5,9,,40
29,5,9,,40
30,5,9,,40
31,5,9,,40
32,5,9,,40
33,5,9,,40
34,5,9,,40
35,5,9,,40
36,5,9,,40
37,5,9,,40
38,5,9,,40
39,5,9,,40
40,5,9,,40
41,5,9,,40
42,5,9,,40
43,5,9,,40
44,5,9,,40
45,5,9,,40
46,5,9,,40
47,5,9,,40
48,5,9,,40
49,5,9,,40
50,5,9,,40
51,5,9,,40
52,5,9,,40
53,5,9,,40
54,5,9,,40
55,5,9,,40
56,5,9,,40
57,5,9,,40
58,5,9,,40
59,5,9,,40
60,5,9,,40
61,5,9,,40
62,5,9,,40
63,5,9,,40
64,5,9,,40
65,5,9,,40
66,5,9,,40
67,5,9,,40
68,5,9,,40
69,5,9,,40
70,5,9,,40
71,5,9,,40
72,5,9,,40
73,5,9,,40
74,5,9,,40
75,5,9,,40
76,5,9,,40
77,5,9,,40
78,5,9,,40
79,5,9,,40
80,5,9,,40
81,5,9,,40
82,5,9,,40
83,5,9,,40
84,5,9,,40
85,5,9,,40
86,5,9,,40
87,5,9,,40
88,5,9,,40
89,5,9,,40
90,5,9,,40
91,5,9,,40
92,5,9,,40
93,5,9,,40
94,5,9,,40
95,5,9,,40
96,5,9,,40
97,5,9,,40
98,5,9,,40
99,5,9,,40
0,5,10,,40
1,5,10,,40
2,5,10,,40
3,5,10,,40
4,5,10,,40
5,5,10,,40
6,5,10,,40
7,5,10,,40
8,5,10,,40
9,5,10,,40
10,5,10,,40
11,5,10,,40
12,5,10,,40
13,5,10,,40
14,5,10,,40
15,5,10,,40
16,5,10,,40
17,5,10,,40
18,5,10,,40
19,5,10,,40
20,5,10,,40
21,5,10,,40
22,5,10,,40
23,5,10,,40
24,5,10,,40
25,5,10,,40
26,5,10,,40
27,5,10,,40
28,5,10,,40
29,5,10,,40
30,5,10,,40
31,5,10,,40
32,5,10,,40
33,5,10,,40
34,5,10,,40
35,5,10,,40
36,5,10,,40
37,5,10,,40
38,5,10,,40
39,5,10,,40
40,5,10,,40
41,5,10,,40
42,5,10,,40
43,5,10,,40
44,5,10,,40
45,5,10,,40
46,5,10,,40
47,5,10,,40
48,5,10,,40
49,5,10,,40
50,5,10,,40
51,5,10,,40
52,5,10,,40
53,5,10,,40
54,5,10,,40
55,5,10,,40
56,5,10,,40
57,5,10,,40
58,5,10,,40
59,5,10,,40
60,5,10,,40
61,5,10,,40
62,5,10,,40
63,5,10,,40
64,5,10,,40
65,5,10,,40
66,5,10,,40
67,5,10,,40
68,5,10,,40
69,5,10,,40
70,5,10,,40
71,5,10,,40
72,5,10,,40
73,5,10,,40
74,5,10,,40
75,5,10,,40
76,5,10,,40
77,5,10,,40
78,5,10,,40
79,5,10,,40
80,5,10,,40
81,5,10,,40
82,5,10,,40
83,5,10,,40
84,5,10,,40
85,5,10,,40
86,5,10,,40
87,5,10,,40
88,5,10,,40
89,5,10,,40
90,5,10,,40
91,5,10,,40
92,5,10,,40
93,5,10,,40
94,5,10,,40
95,5,10,,40
96,5,10,,40
97,5,10,,40
98,5,10,,40
99,5,10,,40
0,5,11,,40
1,5,11,,40
2,5,11,,40
3,5,11,,40
4,5,11,,40
5,5,11,,40
6,5,11,,40
7,5,11,,40
8,5,11,,40
9,5,11,,40
10,5,11,,40
11,5,11,,40
12,5,11,,40
13,5,11,,40
14,5,11,,40
15,5,11,,40
16,5,11,,40
17,5,11,,40
18,5,11,,40
19,5,11,,40
20,5,11,,40
21,5,11,,40
22,5,11,,40
23,5,11,,40
24,5,11,,40
25,5,11,,40
26,5,11,,40
27,5,11,,40
28,5,11,,40
29,5,11,,40
30,5,11,,40
31,5,11,,40
32,5,11,,40
33,5,11,,40
34,5,11,,40
35,5,11,,40
36,5,11,,40
37,5,11,,40
38,5,11,,40
39,5,11,,40
40,5,11,,40
41,5,11,,40
42,5,11,,40
43,5,11,,40
44,5,11,,40
45,5,11,,40
46,5,11,,40
47,5,11,,40
48,5,11,,40
49,5,11,,40
50,5,11,,40
51,5,11,,40
52,5,11,,40
53,5,11,,40
54,5,11,,40
55,5,11,,40
56,5,11,,40
57,5,11,,40
58,5,11,,40
59,5,11,,40
60,5,11,,40
61,5,11,,40
62,5,11,,40
63,5,11,,40
64,5,11,,40
65,5,11,,40
66,5,11,,40
67,5,11,,40
68,5,11,,40
69,5,11,,40
70,5,11,,40
71,5,11,,40
72,5,11,,40
73,5,11,,40
74,5,11,,40
75,5,11,,40
76,5,11,,40
77,5,11,,40
78,5,11,,40
79,5,11,,40
80,5,11,,40
81,5,11,,40
82,5,11,,40
83,5,11,,40
84,5,11,,40
85,5,11,,40
86,5,11,,40
87,5,11,,40
88,5,11,,40
89,5,11,,40
90,5,11,,40
91,5,11,,40
92,5,11,,40
93,5,11,,40
94,5,11,,40
95,5,11,,40
96,5,11,,40
97,5,11,,40
98,5,11,,40
99,5,11,,40
0,5,12,,40
1,5,12,,40
2,5,12,,40
3,5,12,,40
4,5,12,,40
5,5,12,,40
6,5,12,,40
7,5,12,,40
8,5,12,,40
9,5,12,,40
10,5,12,,40
11,5,12,,40
12,5,12,,40
13,5,12,,40
14,5,12,,40
15,5,12,,40
16,5,12,,40
17,5,12,,40
18,5,12,,40
19,5,12,,40
20,5,12,,40
21,5,12,,40
22,5,12,,40
23,5,12,,40
24,5,12,,40
25,5,12,,40
26,5,12,,40
27,5,12,,40
28,5,12,,40
29,5,12,,40
30,5,12,,40
31,5,12,,40
32,5,12,,40
33,5,12,,40
34,5,12,,40
35,5,12,,40
36,5,12,,40
37,5,12,,40
38,5,12,,40
39,5,12,,40
40,5,12,,40
41,5,12,,40
42,5,12,,40
43,5,12,,40
44,5,12,,40
45,5,12,,40
46,5,12,,40
47,5,12,,40
48,5,12,,40
49,5,12,,40
50,5,12,,40
51,5,12,,40
52,5,12,,40
53,5,12,,40
54,5,12,,40
55,5,12,,40
56,5,12,,40
57,5,12,,40
58,5,12,,40
59,5,12,,40
60,5,12,,40
61,5,12,,40
62,5,12,,40
63,5,12,,40
64,5,12,,40
65,5,12,,40
66,5,12,,40
67,5,12,,40
68,5,12,,40
69,5,12,,40
70,5,12,,40
71,5,12,,40
72,5,12,,40
73,5,12,,40
74,5,12,,40
75,5,12,,40
76,5,12,,40
77,5,12,,40
78,5,12,,40
79,5,12,,40
80,5,12,,40
81,5,12,,40
82,5,12,,40
83,5,12,,40
84,5,12,,40
85,5,12,,40
86,5,12,,40
87,5,12,,40
88,5,12,,40
89,5,12,,40
90,5,12,,40
91,5,12,,40
92,5,12,,40
93,5,12,,40
94,5,12,,40
95,5,12,,40
96,5,12,,40
97,5,12,,40
98,5,12,,40
99,5,12,,40
0,5,13,,40
1,5,13,,40
2,5,13,,40
3,5,13,,40
4,5,13,,40
5,5,13,,40
6,5,13,,40
7,5,13,,40
8,5,13,,40
9,5,13,,40
10,5,13,,40
11,5,13,,40
12,5,13,,40
13,5,13,,40
14,5,13,,40
15,5,13,,40
16,5,13,,40
17,5,13,,40
18,5,13,,40
19,5,13,,40
20,5,13,,40
21,5,13,,40
22,5,13,,40
23,5,13,,40
24,5,13,,40
25,5,13,,40
26,5,13,,40
27,5,13,,40
28,5,13,,40
29,5,13,,40
30,5,13,,40
31,5,13,,40
32,5,13,,40
33,5,13,,40
34,5,13,,40
35,5,13,,40
36,5,13,,40
37,5,13,,40
38,5,13,,40
39,5,13,,40
40,5,13,,40
41,5,13,,40
42,5,13,,40
43,5,13,,40
44,5,13,,40
45,5,13,,40
46,5,13,,40
47,5,13,,40
48,5,13,,40
49,5,13,,40
50,5,13,,40
51,5,13,,40
52,5,13,,40
53,5,13,,40
54,5,13,,40
55,5,13,,40
56,5,13,,40
57,5,13,,40
58,5,13,,40
59,5,13,,40
60,5,13,,40
61,5,13,,40
62,5,13,,40
63,5,13,,40
64,5,13,,40
65,5,13,,40
66,5,13,,40
67,5,13,,40
68,5,13,,40
69,5,13,,40
70,5,13,,40
71,5,13,,40
72,5,13,,40
73,5,13,,40
74,5,13,,40
75,5,13,,40
76,5,13,,40
77,5,13,,40
78,5,13,,40
79,5,13,,40
80,5,13,,40
81,5,13,,40
82,5,13,,40
83,5,13,,40
84,5,13,,40
85,5,13,,40
86,5,13,,40
87,5,13,,40
88,5,13,,40
89,5,13,,40
90,5,13,,40
91,5,13,,40
92,5,13,,40
93,5,13,,40
94,5,13,,40
95,5,13,,40
96,5,13,,40
97,5,13,,40
98,5,13,,40
99,5,13,,40
0,5,14,,40
1,5,14,,40
2,5,14,,40
3,5,14,,40
4,5,14,,40
5,5,14,,40
6,5,14,,40
7,5,14,,40
8,5,14,,40
9,5,14,,40
10,5,14,,40
11,5,14,,40
12,5,14,,40
13,5,14,,40
14,5,14,,40
15,5,14,,40
16,5,14,,40
17,5,14,,40
18,5,14,,40
19,5,14,,40
20,5,14,,40
21,5,14,,40
22,5,14,,40
23,5,14,,40
24,5,14,,40
25,5,14,,40
26,5,14,,40
27,5,14,,40
28,5,14,,40
29,5,14,,40
30,5,14,,40
31,5,14,,40
32,5,14,,40
33,5,14,,40
34,5,14,,40
35,5,14,,40
36,5,14,,40
37,5,14,,40
38,5,14,,40
39,5,14,,40
40,5,14,,40
41,5,14,,40
42,5,14,,40
43,5,14,,40
44,5,14,,40
45,5,14,,40
46,5,14,,40
47,5,14,,40
48,5,14,,40
49,5,14,,40
50,5,14,,40
51,5,14,,40
52,5,14,,40
53,5,14,,40
54,5,14,,40
55,5,14,,40
56,5,14,,40
57,5,14,,40
58,5,14,,40
59,5,14,,40
60,5,14,,40
61,5,14,,40
62,5,14,,40
63,5,14,,40
64,5,14,,40
65,5,14,,40
66,5,14,,40
67,5,14,,40
68,5,14,,40
69,5,14,,40
70,5,14,,40
71,5,14,,40
72,5,14,,40
73,5,14,,40
74,5,14,,40
75,5,14,,40
76,5,14,,40
77,5,14,,40
78,5,14,,40
79,5,14,,40
80,5,14,,40
81,5,14,,40
82,5,14,,40
83,5,14,,40
84,5,14,,40
85,5,14,,40
86,5,14,,40
87,5,14,,40
88,5,14,,40
89,5,14,,40
90,5,14,,40
91,5,14,,40
92,5,14,,40
93,5,14,,40
94,5,14,,40
95,5,14,,40
96,5,14,,40
97,5,14,,40
98,5,14,,40
99,5,14,,40
0,5,15,,40
1,5,15,,40
2,5,15,,40
3,5,15,,40
4,5,15,,40
5,5,15,,40
6,5,15,,40
7,5,15,,40
8,5,15,,40
9,5,15,,40
10,5,15,,40
11,5,15,,40
12,5,15,,40
13,5,15,,40
14,5,15,,40
15,5,15,,40
16,5,15,,40
17,5,15,,40
18,5,15,,40
19,5,15,,40
20,5,15,,40
21,5,15,,40
22,5,15,,40
23,5,15,,40
24,5,15,,40
25,5,15,,40
26,5,15,,40
27,5,15,,40
28,5,15,,40
29,5,15,,40
30,5,15,,40
31,5,15,,40
32,5,15,,40
33,5,15,,40
34,5,15,,40
35,5,15,,40
36,5,15,,40
37,5,15,,40
38,5,15,,40
39,5,15,,40
40,5,15,,40
41,5,15,,40
42,5,15,,40
43,5,15,,40
44,5,15,,40
45,5,15,,40
46,5,15,,40
47,5,15,,40
48,5,15,,40
49,5,15,,40
50,5,15,,40
51,5,15,,40
52,5,15,,40
53,5,15,,40
54,5,15,,40
55,5,15,,40
56,5,15,,40
57,5,15,,40
58,5,15,,40
59,5,15,,40
60,5,15,,40
61,5,15,,40
62,5,15,,40
63,5,15,,40
64,5,15,,40
65,5,15,,40
66,5,15,,40
67,5,15,,40
68,5,15,,40
69,5,15,,40
70,5,15,,40
71,5,15,,40
72,5,15,,40
73,5,15,,40
74,5,15,,40
75,5,15,,40
76,5,15,,40
77,5,15,,40
78,5,15,,40
79,5,15,,40
80,5,15,,40
81,5,15,,40
82,5,15,,40
83,5,15,,40
84,5,15,,40
85,5,15,,40
86,5,15,,40
87,5,15,,40
88,5,15,,40
89,5,15,,40
90,5,15,,40
91,5,15,,40
92,5,15,,40
93,5,15,,40
94,5,15,,40
95,5,15,,40
96,5,15,,40
97,5,15,,40
98,5,15,,40
99,5,15,,40
0,10,1,0.7200156368549153,25
1,10,1,0.8624177697574592,25
2,10,1,0.5915648024089074,25
3,10,1,0.8984397716590591,25
4,10,1,0.94185026523331,25
5,10,1,0.6685997341397636,25
6,10,1,0.7863254172548015,25
7,10,1,0.7497202773739134,25
8,10,1,0.8186886014403446,25
9,10,1,0.6983763835227923,25
10,10,1,0.7574682570677967,25
11,10,1,0.6910961033000709,25
12,10,1,0.9556788212984744,25
13,10,1,0.838824001882966,25
14,10,1,0.8114335325463181,25
15,10,1,0.7026809113885982,25
16,10,1,0.8726764519854853,25
17,10,1,0.8494528579485836,25
18,10,1,0.6865581472352457,25
19,10,1,0.8116436014630855,25
20,10,1,0.8242028526595607,25
21,10,1,0.8013734317363588,25
22,10,1,0.7660691002015039,25
23,10,1,0.7635988845288931,25
24,10,1,0.8203096731482871,25
25,10,1,0.8062276732295253,25
26,10,1,0.8870521828267652,25
27,10,1,0.6169664323772056,25
28,10,1,0.8839329868776634,25
29,10,1,0.89706971408378,25
30,10,1,0.833599900162511,25
31,10,1,0.917003292335637,25
32,10,1,0.847870096884011,25
33,10,1,0.7603835585019599,25
34,10,1,0.7903121258364898,25
35,10,1,0.8270175390932214,25
36,10,1,0.8256242116874044,25
37,10,1,0.66977274069286,25
38,10,1,0.7330086292224467,25
39,10,1,0.857655956209356,25
40,10,1,0.8101932456644122,25
41,10,1,0.8091651984023003,25
42,10,1,0.905527651344818,25
43,10,1,0.9418150487276292,25
44,10,1,0.6670505989561721,25
45,10,1,0.7273646876214772,25
46,10,1,0.8574730926984804,25
47,10,1,0.8687516306121548,25
48,10,1,0.8867885061188672,25
49,10,1,0.8306577377534304,25
50,10,1,0.9227911864956192,25
51,10,1,0.8372715170907311,25
52,10,1,0.8915689496812372,25
53,10,1,0.9456774065136884,25
54,10,1,0.6376618260368058,25
55,10,1,0.6741686138315939,25
56,10,1,0.8524481124900898,25
57,10,1,0.8067254407495708,25
58,10,1,0.8813712429439556,25
59,10,1,0.902331132211358,25
60,10,1,0.9402548875955216,25
61,10,1,0.929209865419643,25
62,10,1,0.8820593782143893,25
63,10,1,0.7092816474471325,25
64,10,1,0.7298950273291529,25
65,10,1,0.6071155202401278,25
66,10,1,0.8646047388810456,25
67,10,1,0.7653836054887143,25
68,10,1,0.8446581103745422,25
69,10,1,0.8871458105002917,25
70,10,1,0.92049847269659,25
71,10,1,0.9586065437266648,25
72,10,1,0.9338664181338786,25
73,10,1,0.7985369836305647,25
74,10,1,0.6979421431614226,25
75,10,1,0.9532934578600708,25
76,10,1,0.917311593975013,25
77,10,1,0.9246792500962628,25
78,10,1,0.8315735953883374,25
79,10,1,0.8276605460569654,25
80,10,1,0.8460652057981883,25
81,10,1,0.8675615195991335,25
82,10,1,0.8830780673549515,25
83,10,1,0.9497459865420916,25
84,10,1,0.8478336811461461,25
85,10,1,0.9036426469298954,25
86,10,1,0.8073620922126129,25
87,10,1,0.8468746111234535,25
88,10,1,0.8602117343730439,25
89,10,1,0.7863507433925572,25
90,10,1,0.7822071103717889,25
91,10,1,0.8454304483894375,25
92,10,1,0.8937867342164478,25
93,10,1,0.5757511263495996,25
94,10,1,0.8511458460356512,25
95,10,1,0.6169206576502795,25
96,10,1,0.9356503154920924,25
97,10,1,0.7860217672138112,25
98,10,1,0.9523999036016528,25
99,10,1,0.6041167981430554,25
0,10,2,0.8974166172656968,25
1,10,2,0.8676913007862259,25
2,10,2,0.949447734673341,25
3,10,2,0.8487019586714554,25
4,10,2,0.8596582675698996,25
5,10,2,0.9228868674663364,25
6,10,2,0.8852484777665296,25
7,10,2,0.8719370336570132,25
8,10,2,0.9182402020306888,25
9,10,2,0.9088820970862276,25
10,10,2,0.9690202711585654,25
11,10,2,0.8361157398361256,25
12,10,2,0.8578175631145772,25
13,10,2,0.9486196989437224,25
14,10,2,0.9668795841090844,25
15,10,2,0.9146651961403236,25
16,10,2,0.8547184968707705,25
17,10,2,0.9116607468985192,25
18,10,2,0.8905143364731843,25
19,10,2,0.9438832875901696,25
20,10,2,0.9087070521054724,25
21,10,2,0.8089001523717329,25
22,10,2,0.90862591399841,25
23,10,2,0.8732231763863878,25
24,10,2,0.9569361578705584,25
25,10,2,0.8603283000013123,25
26,10,2,0.8599780703554802,25
27,10,2,0.9004271604901427,25
28,10,2,0.8681779766383309,25
29,10,2,0.9441430856278192,25
30,10,2,0.8132856414402785,25
31,10,2,0.9056366595216988,25
32,10,2,0.8641938854065715,25
33,10,2,0.8814976814227571,25
34,10,2,0.8320660271675409,25
35,10,2,0.904852244324996,25
36,10,2,0.8891766450419045,25
37,10,2,0.8869095149574222,25
38,10,2,0.9579608131585544,25
39,10,2,0.9324894934598708,25
40,10,2,0.9017879934551022,25
41,10,2,0.9516256039402424,25
42,10,2,0.8852052491054623,25
43,10,2,0.8658277573122523,25
44,10,2,0.9099925224983182,25
45,10,2,0.9467141927156052,25
46,10,2,0.8989708142004313,25
47,10,2,0.8921862391481927,25
48,10,2,0.9414968535447304,25
49,10,2,0.8590485583527033,25
50,10,2,0.9154476402954486,25
51,10,2,0.8759339292495583,25
52,10,2,0.861152580101249,25
53,10,2,0.9343939598291172,25
54,10,2,0.9198161624990464,25
55,10,2,0.9267950928796684,25
56,10,2,0.8633594833809067,25
57,10,2,0.9393793047528152,25
58,10,2,0.9364529205546426,25
59,10,2,0.9302157186088214,25
60,10,2,0.9430430289692188,25
61,10,2,0.9269960494718412,25
62,10,2,0.8624416452833652,25
63,10,2,0.8821117197333491,25
64,10,2,0.8470131690400892,25
65,10,2,0.8633432893659793,25
66,10,2,0.9064669178110272,25
67,10,2,0.9176442162697912,25
68,10,2,0.92697071908808,25
69,10,2,0.903134604366802,25
70,10,2,0.9249750615579972,25
71,10,2,0.9142015709331932,25
72,10,2,0.9598332331677576,25
73,10,2,0.9014365044153184,25
74,10,2,0.948170995161394,25
75,10,2,0.9023046947391788,25
76,10,2,0.8413273334322436,25
77,10,2,0.9426026749417356,25
78,10,2,0.9447432195556348,25
79,10,2,0.8915027116151787,25
80,10,2,0.9172600166805872,25
81,10,2,0.870296853330337,25
82,10,2,0.8957348767506524,25
83,10,2,0.8814167222837181,25
84,10,2,0.8643251497944694,25
85,10,2,0.8837124788513991,25
86,10,2,0.9458544153456164,25
87,10,2,0.8807058164297844,25
88,10,2,0.9020020911280808,25
89,10,2,0.8949391922981171,25
90,10,2,0.8407150766389818,25
91,10,2,0.918947140518056,25
92,10,2,0.9226217736086056,25
93,10,2,0.9445576542211712,25
94,10,2,0.873931292017484,25
95,10,2,0.939274652447108,25
96,10,2,0.8654675451524556,25
97,10,2,0.9249234909164636,25
98,10,2,0.9189713415150358,25
99,10,2,0.8633908109632785,25
0,10,3,0.94791187328148,25
1,10,3,0.9532239836947428,25
2,10,3,0.9506345757220102,25
3,10,3,0.9578018329206271,25
4,10,3,0.9722314463180776,25
5,10,3,0.8996578593013065,25
6,10,3,0.9787985498298504,25
7,10,3,0.9826324620644492,25
8,10,3,0.9722667594064832,25
9,10,3,0.972110897005048,25
10,10,3,0.959940407198698,25
11,10,3,0.979523336846625,25
12,10,3,0.9669301087127944,25
13,10,3,0.98163042347386,25
14,10,3,0.9806882773778116,25
15,10,3,0.929945943334408,25
16,10,3,0.9731438927047164,25
17,10,3,0.9579261924115686,25
18,10,3,0.9708049892933828,25
19,10,3,0.9084937971406662,25
20,10,3,0.9662937748370308,25
21,10,3,0.9825174496197692,25
22,10,3,0.9543053835994496,25
23,10,3,0.968911295024522,25
24,10,3,0.9456785723477972,25
25,10,3,0.9805240424874742,25
26,10,3,0.9276630398311616,25
27,10,3,0.9254764284576804,25
28,10,3,0.948182614752074,25
29,10,3,0.9654140116843952,25
30,10,3,0.9826497841058242,25
31,10,3,0.9794728575390216,25
32,10,3,0.9477437340279754,25
33,10,3,0.915999830153256,25
34,10,3,0.9784398901532496,25
35,10,3,0.9621016199128468,25
36,10,3,0.9683675975595816,25
37,10,3,0.9561677828838926,25
38,10,3,0.9729895674978708,25
39,10,3,0.9311418841707874,25
40,10,3,0.9720393411995636,25
41,10,3,0.9676534687590368,25
42,10,3,0.968033116114434,25
43,10,3,0.9748398251036318,25
44,10,3,0.8953387135502264,25
45,10,3,0.9698057940006922,25
46,10,3,0.9705425749259766,25
47,10,3,0.9601451621833132,25
48,10,3,0.9447040708039492,25
49,10,3,0.9735764869012712,25
50,10,3,0.9274832554665976,25
51,10,3,0.978037634867613,25
52,10,3,0.9731603343234848,25
53,10,3,0.971649700271312,25
54,10,3,0.937679410519346,25
55,10,3,0.9606644020204792,25
56,10,3,0.9701879872598542,25
57,10,3,0.9466374461492344,25
58,10,3,0.9674782893934848,25
59,10,3,0.9311808026290518,25
60,10,3,0.9439396381848396,25
61,10,3,0.969995114052764,25
62,10,3,0.9587087990280468,25
63,10,3,0.9712287957758672,25
64,10,3,0.9666609541097656,25
65,10,3,0.9492867321471344,25
66,10,3,0.9751163227083652,25
67,10,3,0.9185385197391466,25
68,10,3,0.919124968861172,25
69,10,3,0.9797079273218048,25
70,10,3,0.941081969622853,25
71,10,3,0.970204896942988,25
72,10,3,0.9639433873083983,25
73,10,3,0.9509456438124628,25
74,10,3,0.9534139123761196,25
75,10,3,0.9534880898420324,25
76,10,3,0.9821500412319426,25
77,10,3,0.930534107698703,25
78,10,3,0.980154137255224,25
79,10,3,0.9074982302877224,25
80,10,3,0.9650724281071618,25
81,10,3,0.9855386323125018,25
82,10,3,0.9616497671022536,25
83,10,3,0.9575642511844156,25
84,10,3,0.9737768564442488,25
85,10,3,0.9305691577313464,25
86,10,3,0.9562686486326312,25
87,10,3,0.9835160481877112,25
88,10,3,0.9679622721971948,25
89,10,3,0.9778819209604148,25
90,10,3,0.9458067721199812,25
91,10,3,0.9823822185397708,25
92,10,3,0.949086157886218,25
93,10,3,0.954593743148526,25
94,10,3,0.8884129908233888,25
95,10,3,0.9798266474809776,25
96,10,3,0.964446871189483,25
97,10,3,0.9805440551523428,25
98,10,3,0.9591177288562228,25
99,10,3,0.9680028388559948,25
0,10,4,0.9609643043910135,25
1,10,4,0.9431529294222072,25
2,10,4,0.9638069305952756,25
3,10,4,0.9787561988893232,25
4,10,4,0.9773821664309492,25
5,10,4,0.9607552335705716,25
6,10,4,0.9631521256296732,25
7,10,4,0.9842803804846244,25
8,10,4,0.9662714666558946,25
9,10,4,0.922279120472,25
10,10,4,0.9626086547128788,25
11,10,4,0.9827403472027378,25
12,10,4,0.9816088913189228,25
13,10,4,0.940864202938028,25
14,10,4,0.9732598642937048,25
15,10,4,0.9594871204004848,25
16,10,4,0.9611814687642488,25
17,10,4,0.9641766215989992,25
18,10,4,0.9870513582589296,25
19,10,4,0.9584108751523298,25
20,10,4,0.967949625363166,25
21,10,4,0.920142780562943,25
22,10,4,0.9754495721079062,25
23,10,4,0.9699666691259012,25
24,10,4,0.9865000416422434,25
25,10,4,0.9652962958507414,25
26,10,4,0.961331350635278,25
27,10,4,0.9681653707502178,25
28,10,4,0.9695084556751804,25
29,10,4,0.9658056847546374,25
30,10,4,0.9790711321927992,25
31,10,4,0.9759772375287912,25
32,10,4,0.9643373357552024,25
33,10,4,0.9710977773125704,25
34,10,4,0.9811465346386228,25
35,10,4,0.9792340207775634,25
36,10,4,0.9757683082778804,25
37,10,4,0.9579804668329234,25
38,10,4,0.9773679266823502,25
39,10,4,0.975173121613803,25
40,10,4,0.9434254212442352,25
41,10,4,0.9808473400717004,25
42,10,4,0.9555755771953004,25
43,10,4,0.984797769926506,25
44,10,4,0.9709184099835833,25
45,10,4,0.9789360034835444,25
46,10,4,0.9679448947993308,25
47,10,4,0.979681837489868,25
48,10,4,0.9716329732474788,25
49,10,4,0.9773749566905928,25
50,10,4,0.9767170166019168,25
51,10,4,0.9706003343166963,25
52,10,4,0.9607395272267484,25
53,10,4,0.9714150013716388,25
54,10,4,0.9730308083057168,25
55,10,4,0.9767475552316424,25
56,10,4,0.9626547911624244,25
57,10,4,0.9813750870987816,25
58,10,4,0.9574016033771522,25
59,10,4,0.9780101017854445,25
60,10,4,0.9821016657236804,25
61,10,4,0.9661904077682784,25
62,10,4,0.977279977638712,25
63,10,4,0.9767095114054656,25
64,10,4,0.9714037934503902,25
65,10,4,0.9770218978903904,25
66,10,4,0.9580323842030216,25
67,10,4,0.9347910143040464,25
68,10,4,0.9711728667545348,25
69,10,4,0.9753785018616944,25
70,10,4,0.9662013138208384,25
71,10,4,0.955885011942344,25
72,10,4,0.9679282425496184,25
73,10,4,0.9773461826020622,25
74,10,4,0.9775864176062656,25
75,10,4,0.980922818837206,25
76,10,4,0.9732825849637806,25
77,10,4,0.9570263374918088,25
78,10,4,0.9608412980207744,25
79,10,4,0.9856842155514284,25
80,10,4,0.9747311187013148,25
81,10,4,0.9792602799697784,25
82,10,4,0.9731562167168308,25
83,10,4,0.975406968952142,25
84,10,4,0.9678542804870436,25
85,10,4,0.975525701346396,25
86,10,4,0.9719576747601956,25
87,10,4,0.97236103147256,25
88,10,4,0.9668377728473394,25
89,10,4,0.9595460088550462,25
90,10,4,0.9733173042153346,25
91,10,4,0.974585922286106,25
92,10,4,0.9337877682292378,25
93,10,4,0.966873771422166,25
94,10,4,0.9832457115049502,25
95,10,4,0.9346422868409644,25
96,10,4,0.9702923782872326,25
97,10,4,0.9684380644452268,25
98,10,4,0.9630257467252704,25
99,10,4,0.974420867410821,25
0,10,5,0.9742426205598892,25
1,10,5,0.9712476178125644,25
2,10,5,0.9833222724119104,25
3,10,5,0.9688522269262124,25
4,10,5,0.9836852814578316,25
5,10,5,0.9813697888703706,25
6,10,5,0.9739846953624806,25
7,10,5,0.9793799469592036,25
8,10,5,0.9726124618244713,25
9,10,5,0.98491605761365,25
10,10,5,0.9810515612046016,25
11,10,5,0.9826739773572332,25
12,10,5,0.972128012815325,25
13,10,5,0.9810073965940256,25
14,10,5,0.976242899211092,25
15,10,5,0.9744826398270916,25
16,10,5,0.9799569266923154,25
17,10,5,0.9499601592402054,25
18,10,5,0.9838812369322782,25
19,10,5,0.977060775807342,25
20,10,5,0.9805190550714388,25
21,10,5,0.9850950105914924,25
22,10,5,0.9857417884537416,25
23,10,5,0.9805767393723634,25
24,10,5,0.9800810325964328,25
25,10,5,0.9779753698640946,25
26,10,5,0.9774843148424628,25
27,10,5,0.9736570554594236,25
28,10,5,0.9761442680191192,25
29,10,5,0.9612638500376504,25
30,10,5,0.9821562437507372,25
31,10,5,0.9816967461002049,25
32,10,5,0.983719945466437,25
33,10,5,0.9877953131477664,25
34,10,5,0.9726715560659944,25
35,10,5,0.9676334525741376,25
36,10,5,0.9798513945272084,25
37,10,5,0.9785702344105844,25
38,10,5,0.9835749969268944,25
39,10,5,0.9846772729560248,25
40,10,5,0.968890854024377,25
41,10,5,0.9644656323608516,25
42,10,5,0.9839586489664346,25
43,10,5,0.9809020976227868,25
44,10,5,0.9760089263693972,25
45,10,5,0.9763214169869494,25
46,10,5,0.9774842340889596,25
47,10,5,0.952602403788935,25
48,10,5,0.969188051350976,25
49,10,5,0.9792213227423388,25
50,10,5,0.9662599505073138,25
51,10,5,0.9813180644113396,25
52,10,5,0.9574339324880184,25
53,10,5,0.9842917158079864,25
54,10,5,0.985194919744996,25
55,10,5,0.9825220550503032,25
56,10,5,0.97978755968428,25
57,10,5,0.980141310785931,25
58,10,5,0.980729163576444,25
59,10,5,0.9849722193548952,25
60,10,5,0.9764074771780848,25
61,10,5,0.9830273350639648,25
62,10,5,0.9793880750287008,25
63,10,5,0.9724649630424737,25
64,10,5,0.9825491400600502,25
65,10,5,0.9750642987559424,25
66,10,5,0.9737447443667256,25
67,10,5,0.9790525961775092,25
68,10,5,0.9871098547095162,25
69,10,5,0.974134274921265,25
70,10,5,0.9629912950540634,25
71,10,5,0.967110380034332,25
72,10,5,0.9897347903406568,25
73,10,5,0.981301935144406,25
74,10,5,0.9620153003130032,25
75,10,5,0.9737813097213844,25
76,10,5,0.9637247396876548,25
77,10,5,0.9742427793290548,25
78,10,5,0.9832861090723422,25
79,10,5,0.965176487358239,25
80,10,5,0.9737931178490968,25
81,10,5,0.9723186444682028,25
82,10,5,0.9759849710397264,25
83,10,5,0.9651838610728466,25
84,10,5,0.9801009835528404,25
85,10,5,0.9813046293109275,25
86,10,5,0.9860134053695092,25
87,10,5,0.9817767993193698,25
88,10,5,0.971114644074722,25
89,10,5,0.9660834736871768,25
90,10,5,0.9653536949291424,25
91,10,5,0.978979412187532,25
92,10,5,0.9789569778341068,25
93,10,5,0.982634143073614,25
94,10,5,0.9863607732799032,25
95,10,5,0.9832524108789884,25
96,10,5,0.9864561961867908,25
97,10,5,0.9496855762364264,25
98,10,5,0.9790783772590582,25
99,10,5,0.9694620493316132,25
0,10,6,0.9784985058484964,25
1,10,6,0.9887677297600564,25
2,10,6,0.9852797295019106,25
3,10,6,0.977214337387422,25
4,10,6,0.9812941065545032,25
5,10,6,0.9789864215432842,25
6,10,6,0.980416555670424,25
7,10,6,0.9855145557262468,25
8,10,6,0.9843990460640432,25
9,10,6,0.9799838215604711,25
10,10,6,0.9839071549993186,25
11,10,6,0.9750785951638562,25
12,10,6,0.9884195357513988,25
13,10,6,0.9797087121717322,25
14,10,6,0.9855737196335832,25
15,10,6,0.982717846511938,25
16,10,6,0.9790619894717704,25
17,10,6,0.9802056875056624,25
18,10,6,0.9881782126421416,25
19,10,6,0.97529897065726,25
20,10,6,0.9854944995110382,25
21,10,6,0.9776603750613948,25
22,10,6,0.9869864746519984,25
23,10,6,0.9773765761444017,25
24,10,6,0.985617857620452,25
25,10,6,0.9862705414102962,25
26,10,6,0.9798339625495474,25
27,10,6,0.9766285949524548,25
28,10,6,0.97307297667516,25
29,10,6,0.9774159897035992,25
30,10,6,0.9822071970536668,25
31,10,6,0.9825183586882164,25
32,10,6,0.981042955319852,25
33,10,6,0.9824419562297928,25
34,10,6,0.9905162973673144,25
35,10,6,0.9818622312677756,25
36,10,6,0.9754844657742954,25
37,10,6,0.981447820275439,25
38,10,6,0.9704743856926428,25
39,10,6,0.9803028084978028,25
40,10,6,0.9874080628423478,25
41,10,6,0.9753245915545306,25
42,10,6,0.9845812131418812,25
43,10,6,0.9776045919669668,25
44,10,6,0.9834237328493336,25
45,10,6,0.9848093150820731,25
46,10,6,0.9819416050718464,25
47,10,6,0.99039260112971,25
48,10,6,0.9865471505858718,25
49,10,6,0.9819771405842912,25
50,10,6,0.963796656861468,25
51,10,6,0.9843116069575532,25
52,10,6,0.981376013795024,25
53,10,6,0.9779241060776984,25
54,10,6,0.9804948962397986,25
55,10,6,0.9859677953377942,25
56,10,6,0.98673621471522,25
57,10,6,0.9773139148635888,25
58,10,6,0.9769266326493512,25
59,10,6,0.9811855954916,25
60,10,6,0.9812216588882716,25
61,10,6,0.9691321098037242,25
62,10,6,0.97766356289724,25
63,10,6,0.9765257817626006,25
64,10,6,0.9849418568178696,25
65,10,6,0.977842107343916,25
66,10,6,0.983909878622387,25
67,10,6,0.9846498162767312,25
68,10,6,0.978821116636276,25
69,10,6,0.9828270137049984,25
70,10,6,0.9780179857060411,25
71,10,6,0.9812011508193124,25
72,10,6,0.9764928527442231,25
73,10,6,0.9841569710683042,25
74,10,6,0.9800764998478326,25
75,10,6,0.9838308533008804,25
76,10,6,0.9835076815828632,25
77,10,6,0.9827970078652696,25
78,10,6,0.9758311051864826,25
79,10,6,0.98466127562161,25
80,10,6,0.977134961648387,25
81,10,6,0.9782306628055384,25
82,10,6,0.9794858900089344,25
83,10,6,0.9792456796996988,25
84,10,6,0.97834062718113,25
85,10,6,0.9729970546972544,25
86,10,6,0.9834528430799048,25
87,10,6,0.9801221209408566,25
88,10,6,0.9781594584518428,25
89,10,6,0.981007221730928,25
90,10,6,0.9802997201875768,25
91,10,6,0.9770929721967456,25
92,10,6,0.9843130237073336,25
93,10,6,0.9842578695323736,25
94,10,6,0.9831757707273348,25
95,10,6,0.9801268441969628,25
96,10,6,0.9725990860185476,25
97,10,6,0.9776915793751452,25
98,10,6,0.9795002668687534,25
99,10,6,0.982847620184226,25
0,10,7,0.9866103262351846,25
1,10,7,0.9782888096917772,25
2,10,7,0.9828183824083788,25
3,10,7,0.989159825708455,25
4,10,7,0.9877616442023512,25
5,10,7,0.9828055114360996,25
6,10,7,0.9875428494439146,25
7,10,7,0.981543656558227,25
8,10,7,0.9861338170348865,25
9,10,7,0.98466134243948,25
10,10,7,0.9833178803325404,25
11,10,7,0.9898196705451044,25
12,10,7,0.9808952823718206,25
13,10,7,0.9821956881396045,25
14,10,7,0.985664924232677,25
15,10,7,0.976551426283216,25
16,10,7,0.9813562425108856,25
17,10,7,0.9833028497163152,25
18,10,7,0.984253013800714,25
19,10,7,0.9852291683367592,25
20,10,7,0.9870635801598042,25
21,10,7,0.9829044124600964,25
22,10,7,0.981031391875998,25
23,10,7,0.9844000508709146,25
24,10,7,0.9825943157699004,25
25,10,7,0.9883890111095736,25
26,10,7,0.9763691585016078,25
27,10,7,0.9858750261874856,25
28,10,7,0.9808578524314622,25
29,10,7,0.983592186612527,25
30,10,7,0.9851070134931016,25
31,10,7,0.986705837710706,25
32,10,7,0.9862828183686508,25
33,10,7,0.9821273425641992,25
34,10,7,0.9782670140943156,25
35,10,7,0.9879092786349044,25
36,10,7,0.9851010068442476,25
37,10,7,0.986122610187493,25
38,10,7,0.9878351753278036,25
39,10,7,0.983040906964834,25
40,10,7,0.9823743928078228,25
41,10,7,0.9815451196424134,25
42,10,7,0.9823178289968236,25
43,10,7,0.9856665739938276,25
44,10,7,0.97947019818507,25
45,10,7,0.9810248656028392,25
46,10,7,0.9815316193671608,25
47,10,7,0.9771336888877368,25
48,10,7,0.9834029773807208,25
49,10,7,0.9875682837160148,25
50,10,7,0.9809009458755004,25
51,10,7,0.9874283981619238,25
52,10,7,0.9837615444442624,25
53,10,7,0.9857337930894432,25
54,10,7,0.9885643986267396,25
55,10,7,0.984359462290543,25
56,10,7,0.9787701154570816,25
57,10,7,0.9789943160833514,25
58,10,7,0.9833011614463218,25
59,10,7,0.9841491172511406,25
60,10,7,0.9831000434335254,25
61,10,7,0.978525414845862,25
62,10,7,0.9874189849183338,25
63,10,7,0.985446103411048,25
64,10,7,0.981712691946378,25
65,10,7,0.9842286560257572,25
66,10,7,0.9833245377043968,25
67,10,7,0.985932312466162,25
68,10,7,0.9876096828013669,25
69,10,7,0.9873954498623564,25
70,10,7,0.9777710577656712,25
71,10,7,0.985513777042476,25
72,10,7,0.983979349970836,25
73,10,7,0.9790350307552768,25
74,10,7,0.9825619700646236,25
75,10,7,0.981879005309016,25
76,10,7,0.9817409938579378,25
77,10,7,0.9828461796537048,25
78,10,7,0.9835476314687044,25
79,10,7,0.9795950885560232,25
80,10,7,0.986624360245166,25
81,10,7,0.9850999341013456,25
82,10,7,0.9838801641935688,25
83,10,7,0.9746675204941312,25
84,10,7,0.983238098550847,25
85,10,7,0.982453025230264,25
86,10,7,0.9818079220000872,25
87,10,7,0.982142419427263,25
88,10,7,0.9846485010044036,25
89,10,7,0.9883474038050076,25
90,10,7,0.9873671868572584,25
91,10,7,0.9752319562610962,25
92,10,7,0.984517767812226,25
93,10,7,0.9785691225979632,25
94,10,7,0.9878385976052998,25
95,10,7,0.9795160816881482,25
96,10,7,0.9810729093588412,25
97,10,7,0.9777803073473488,25
98,10,7,0.980588101387941,25
99,10,7,0.9828222463418288,25
0,10,8,0.9894107492539898,25
1,10,8,0.9893439322999832,25
2,10,8,0.9815034461526304,25
3,10,8,0.9850994459868304,25
4,10,8,0.9848957355394432,25
5,10,8,0.9845462228104672,25
6,10,8,0.9855579106280816,25
7,10,8,0.98233724617366,25
8,10,8,0.9855855579072358,25
9,10,8,0.9838351207928068,25
10,10,8,0.9813551118786974,25
11,10,8,0.9808950375214364,25
12,10,8,0.9819579267442652,25
13,10,8,0.9824081567611156,25
14,10,8,0.9878331546685396,25
15,10,8,0.9855566518093491,25
16,10,8,0.9843335388278924,25
17,10,8,0.9873410778400092,25
18,10,8,0.9856599822067869,25
19,10,8,0.9835751902568084,25
20,10,8,0.9836718198410744,25
21,10,8,0.9824045602547312,25
22,10,8,0.983179371515604,25
23,10,8,0.984465960940765,25
24,10,8,0.9859360492179112,25
25,10,8,0.986772933483494,25
26,10,8,0.9835302687092836,25
27,10,8,0.9863575677828512,25
28,10,8,0.9854186366957988,25
29,10,8,0.9871787115106468,25
30,10,8,0.9860615552725056,25
31,10,8,0.9863237488997462,25
32,10,8,0.982601207005185,25
33,10,8,0.9841439557766568,25
34,10,8,0.9874473373056843,25
35,10,8,0.9835100812474616,25
36,10,8,0.9834221614664548,25
37,10,8,0.9843068184013224,25
38,10,8,0.9846200167614992,25
39,10,8,0.98730275487263,25
40,10,8,0.9858762030501902,25
41,10,8,0.9859345991541298,25
42,10,8,0.9867358636257466,25
43,10,8,0.9879132584753884,25
44,10,8,0.9836117152686152,25
45,10,8,0.9871413012280428,25
46,10,8,0.9872396842578413,25
47,10,8,0.9852373391812088,25
48,10,8,0.9835037836469276,25
49,10,8,0.9875657225179238,25
50,10,8,0.9857613630823472,25
51,10,8,0.9865644781031432,25
52,10,8,0.9872059074251244,25
53,10,8,0.9863338415572576,25
54,10,8,0.9875449112964764,25
55,10,8,0.9858068926266136,25
56,10,8,0.9858923203633594,25
57,10,8,0.9872810841856826,25
58,10,8,0.9846818914317856,25
59,10,8,0.9863589838045668,25
60,10,8,0.9847378170336858,25
61,10,8,0.9863267195582476,25
62,10,8,0.984734893028944,25
63,10,8,0.9805364156170124,25
64,10,8,0.9867900545670948,25
65,10,8,0.9832464331660472,25
66,10,8,0.9857979614239516,25
67,10,8,0.9891216272801124,25
68,10,8,0.9856671458121464,25
69,10,8,0.9831365972489602,25
70,10,8,0.987384262270496,25
71,10,8,0.9822169694157163,25
72,10,8,0.9855456010051866,25
73,10,8,0.982727118264147,25
74,10,8,0.9828473033989844,25
75,10,8,0.9840908937286026,25
76,10,8,0.9875907825430128,25
77,10,8,0.987057084880778,25
78,10,8,0.9843552864058632,25
79,10,8,0.986195526097466,25
80,10,8,0.9815542285518444,25
81,10,8,0.9835571947395184,25
82,10,8,0.9893899118893036,25
83,10,8,0.984757993140056,25
84,10,8,0.9841901325023428,25
85,10,8,0.9858110775193006,25
86,10,8,0.9843094323829474,25
87,10,8,0.9869585018197508,25
88,10,8,0.9853677212241464,25
89,10,8,0.985007225744196,25
90,10,8,0.9819766874661032,25
91,10,8,0.9864235728931484,25
92,10,8,0.9889541836024686,25
93,10,8,0.9811014210521098,25
94,10,8,0.9848663867816142,25
95,10,8,0.9832047612677168,25
96,10,8,0.9852426548780616,25
97,10,8,0.9803262498058336,25
98,10,8,0.9891410376784736,25
99,10,8,0.9839319336637476,25
0,10,9,0.985504176623123,25
1,10,9,0.9872271203546712,25
2,10,9,0.9861369319542448,25
3,10,9,0.9872358691475004,25
4,10,9,0.9868508475123992,25
5,10,9,0.986279358617256,25
6,10,9,0.9868326519646894,25
7,10,9,0.9871122047096516,25
8,10,9,0.9859852217243704,25
9,10,9,0.986559309942206,25
10,10,9,0.9867298679263352,25
11,10,9,0.9858612853657632,25
12,10,9,0.9859257124333298,25
13,10,9,0.9864204319247696,25
14,10,9,0.9870037118965188,25
15,10,9,0.9863380377703436,25
16,10,9,0.9884083741674788,25
17,10,9,0.9880643213039904,25
18,10,9,0.986398979221047,25
19,10,9,0.9860894270998098,25
20,10,9,0.986674103324124,25
21,10,9,0.9874364516107184,25
22,10,9,0.9873827137989246,25
23,10,9,0.9854549558544912,25
24,10,9,0.9874443609503692,25
25,10,9,0.9870130929933256,25
26,10,9,0.9866642127134084,25
27,10,9,0.9871706702454084,25
28,10,9,0.9868382561277425,25
29,10,9,0.9868274712642998,25
30,10,9,0.9864799824362946,25
31,10,9,0.9870780556377392,25
32,10,9,0.9861596555946648,25
33,10,9,0.986379832587213,25
34,10,9,0.9870886485663872,25
35,10,9,0.9855444993793568,25
36,10,9,0.9875280542349968,25
37,10,9,0.9856762231293142,25
38,10,9,0.9855942584313052,25
39,10,9,0.9863388242418556,25
40,10,9,0.9874191841940108,25
41,10,9,0.9865657141218308,25
42,10,9,0.985943316501981,25
43,10,9,0.9866415992787712,25
44,10,9,0.9870026934954512,25
45,10,9,0.9868317826814768,25
46,10,9,0.9874154829552204,25
47,10,9,0.9859602076460529,25
48,10,9,0.9883052883133906,25
49,10,9,0.9884169572476827,25
50,10,9,0.9859086934207172,25
51,10,9,0.9873990290276116,25
52,10,9,0.9868100610342788,25
53,10,9,0.9858177538874476,25
54,10,9,0.9864735346441504,25
55,10,9,0.9855342070441548,25
56,10,9,0.9861277447088458,25
57,10,9,0.9864967756026812,25
58,10,9,0.9869195575079494,25
59,10,9,0.9872857676055388,25
60,10,9,0.9857403000721636,25
61,10,9,0.9857267331119172,25
62,10,9,0.9871480902203622,25
63,10,9,0.986515765917295,25
64,10,9,0.9857447651889588,25
65,10,9,0.9874723546931756,25
66,10,9,0.9868173815737076,25
67,10,9,0.9858799983173684,25
68,10,9,0.9868099350537624,25
69,10,9,0.9860175011406082,25
70,10,9,0.986072917862553,25
71,10,9,0.9868833012629744,25
72,10,9,0.9866643975982275,25
73,10,9,0.987577939015142,25
74,10,9,0.9866856139420886,25
75,10,9,0.9854537385259204,25
76,10,9,0.986265487474944,25
77,10,9,0.9862859749966756,25
78,10,9,0.9873274435034934,25
79,10,9,0.9872081388432752,25
80,10,9,0.9866057052163856,25
81,10,9,0.9862973335609154,25
82,10,9,0.9860429196678896,25
83,10,9,0.9866726742496224,25
84,10,9,0.9865425327597824,25
85,10,9,0.987269294165096,25
86,10,9,0.9863506400447856,25
87,10,9,0.985241434847459,25
88,10,9,0.986087848876502,25
89,10,9,0.9860031868680528,25
90,10,9,0.9856486849700212,25
91,10,9,0.9866102190302792,25
92,10,9,0.9871297351527484,25
93,10,9,0.9866335282248,25
94,10,9,0.9863742518590158,25
95,10,9,0.9878439784074304,25
96,10,9,0.9853823118657736,25
97,10,9,0.9871648223092911,25
98,10,9,0.9869985074699632,25
99,10,9,0.9865030869870002,25
0,10,10,0.987386950166936,25
1,10,10,0.987386950166936,25
2,10,10,0.987386950166936,25
3,10,10,0.987386950166936,25
4,10,10,0.987386950166936,25
5,10,10,0.987386950166936,25
6,10,10,0.987386950166936,25
7,10,10,0.987386950166936,25
8,10,10,0.987386950166936,25
9,10,10,0.987386950166936,25
10,10,10,0.987386950166936,25
11,10,10,0.987386950166936,25
12,10,10,0.987386950166936,25
13,10,10,0.987386950166936,25
14,10,10,0.987386950166936,25
15,10,10,0.987386950166936,25
16,10,10,0.987386950166936,25
17,10,10,0.987386950166936,25
18,10,10,0.987386950166936,25
19,10,10,0.987386950166936,25
20,10,10,0.987386950166936,25
21,10,10,0.987386950166936,25
22,10,10,0.987386950166936,25
23,10,10,0.987386950166936,25
24,10,10,0.987386950166936,25
25,10,10,0.987386950166936,25
26,10,10,0.987386950166936,25
27,10,10,0.987386950166936,25
28,10,10,0.987386950166936,25
29,10,10,0.987386950166936,25
30,10,10,0.987386950166936,25
31,10,10,0.987386950166936,25
32,10,10,0.987386950166936,25
33,10,10,0.987386950166936,25
34,10,10,0.987386950166936,25
35,10,10,0.987386950166936,25
36,10,10,0.987386950166936,25
37,10,10,0.987386950166936,25
38,10,10,0.987386950166936,25
39,10,10,0.987386950166936,25
40,10,10,0.987386950166936,25
41,10,10,0.987386950166936,25
42,10,10,0.987386950166936,25
43,10,10,0.987386950166936,25
44,10,10,0.987386950166936,25
45,10,10,0.987386950166936,25
46,10,10,0.987386950166936,25
47,10,10,0.987386950166936,25
48,10,10,0.987386950166936,25
49,10,10,0.987386950166936,25
50,10,10,0.987386950166936,25
51,10,10,0.987386950166936,25
52,10,10,0.987386950166936,25
53,10,10,0.987386950166936,25
54,10,10,0.987386950166936,25
55,10,10,0.987386950166936,25
56,10,10,0.987386950166936,25
57,10,10,0.987386950166936,25
58,10,10,0.987386950166936,25
59,10,10,0.987386950166936,25
60,10,10,0.987386950166936,25
61,10,10,0.987386950166936,25
62,10,10,0.987386950166936,25
63,10,10,0.987386950166936,25
64,10,10,0.987386950166936,25
65,10,10,0.987386950166936,25
66,10,10,0.987386950166936,25
67,10,10,0.987386950166936,25
68,10,10,0.987386950166936,25
69,10,10,0.987386950166936,25
70,10,10,0.987386950166936,25
71,10,10,0.987386950166936,25
72,10,10,0.987386950166936,25
73,10,10,0.987386950166936,25
74,10,10,0.987386950166936,25
75,10,10,0.987386950166936,25
76,10,10,0.987386950166936,25
77,10,10,0.987386950166936,25
78,10,10,0.987386950166936,25
79,10,10,0.987386950166936,25
80,10,10,0.987386950166936,25
81,10,10,0.987386950166936,25
82,10,10,0.987386950166936,25
83,10,10,0.987386950166936,25
84,10,10,0.987386950166936,25
85,10,10,0.987386950166936,25
86,10,10,0.987386950166936,25
87,10,10,0.987386950166936,25
88,10,10,0.987386950166936,25
89,10,10,0.987386950166936,25
90,10,10,0.987386950166936,25
91,10,10,0.987386950166936,25
92,10,10,0.987386950166936,25
93,10,10,0.987386950166936,25
94,10,10,0.987386950166936,25
95,10,10,0.987386950166936,25
96,10,10,0.987386950166936,25
97,10,10,0.987386950166936,25
98,10,10,0.987386950166936,25
99,10,10,0.987386950166936,25
0,10,11,,25
1,10,11,,25
2,10,11,,25
3,10,11,,25
4,10,11,,25
5,10,11,,25
6,10,11,,25
7,10,11,,25
8,10,11,,25
9,10,11,,25
10,10,11,,25
11,10,11,,25
12,10,11,,25
13,10,11,,25
14,10,11,,25
15,10,11,,25
16,10,11,,25
17,10,11,,25
18,10,11,,25
19,10,11,,25
20,10,11,,25
21,10,11,,25
22,10,11,,25
23,10,11,,25
24,10,11,,25
25,10,11,,25
26,10,11,,25
27,10,11,,25
28,10,11,,25
29,10,11,,25
30,10,11,,25
31,10,11,,25
32,10,11,,25
33,10,11,,25
34,10,11,,25
35,10,11,,25
36,10,11,,25
37,10,11,,25
38,10,11,,25
39,10,11,,25
40,10,11,,25
41,10,11,,25
42,10,11,,25
43,10,11,,25
44,10,11,,25
45,10,11,,25
46,10,11,,25
47,10,11,,25
48,10,11,,25
49,10,11,,25
50,10,11,,25
51,10,11,,25
52,10,11,,25
53,10,11,,25
54,10,11,,25
55,10,11,,25
56,10,11,,25
57,10,11,,25
58,10,11,,25
59,10,11,,25
60,10,11,,25
61,10,11,,25
62,10,11,,25
63,10,11,,25
64,10,11,,25
65,10,11,,25
66,10,11,,25
67,10,11,,25
68,10,11,,25
69,10,11,,25
70,10,11,,25
71,10,11,,25
72,10,11,,25
73,10,11,,25
74,10,11,,25
75,10,11,,25
76,10,11,,25
77,10,11,,25
78,10,11,,25
79,10,11,,25
80,10,11,,25
81,10,11,,25
82,10,11,,25
83,10,11,,25
84,10,11,,25
85,10,11,,25
86,10,11,,25
87,10,11,,25
88,10,11,,25
89,10,11,,25
90,10,11,,25
91,10,11,,25
92,10,11,,25
93,10,11,,25
94,10,11,,25
95,10,11,,25
96,10,11,,25
97,10,11,,25
98,10,11,,25
99,10,11,,25
0,10,12,,25
1,10,12,,25
2,10,12,,25
3,10,12,,25
4,10,12,,25
5,10,12,,25
6,10,12,,25
7,10,12,,25
8,10,12,,25
9,10,12,,25
10,10,12,,25
11,10,12,,25
12,10,12,,25
13,10,12,,25
14,10,12,,25
15,10,12,,25
16,10,12,,25
17,10,12,,25
18,10,12,,25
19,10,12,,25
20,10,12,,25
21,10,12,,25
22,10,12,,25
23,10,12,,25
24,10,12,,25
25,10,12,,25
26,10,12,,25
27,10,12,,25
28,10,12,,25
29,10,12,,25
30,10,12,,25
31,10,12,,25
32,10,12,,25
33,10,12,,25
34,10,12,,25
35,10,12,,25
36,10,12,,25
37,10,12,,25
38,10,12,,25
39,10,12,,25
40,10,12,,25
41,10,12,,25
42,10,12,,25
43,10,12,,25
44,10,12,,25
45,10,12,,25
46,10,12,,25
47,10,12,,25
48,10,12,,25
49,10,12,,25
50,10,12,,25
51,10,12,,25
52,10,12,,25
53,10,12,,25
54,10,12,,25
55,10,12,,25
56,10,12,,25
57,10,12,,25
58,10,12,,25
59,10,12,,25
60,10,12,,25
61,10,12,,25
62,10,12,,25
63,10,12,,25
64,10,12,,25
65,10,12,,25
66,10,12,,25
67,10,12,,25
68,10,12,,25
69,10,12,,25
70,10,12,,25
71,10,12,,25
72,10,12,,25
73,10,12,,25
74,10,12,,25
75,10,12,,25
76,10,12,,25
77,10,12,,25
78,10,12,,25
79,10,12,,25
80,10,12,,25
81,10,12,,25
82,10,12,,25
83,10,12,,25
84,10,12,,25
85,10,12,,25
86,10,12,,25
87,10,12,,25
88,10,12,,25
89,10,12,,25
90,10,12,,25
91,10,12,,25
92,10,12,,25
93,10,12,,25
94,10,12,,25
95,10,12,,25
96,10,12,,25
97,10,12,,25
98,10,12,,25
99,10,12,,25
0,10,13,,25
1,10,13,,25
2,10,13,,25
3,10,13,,25
4,10,13,,25
5,10,13,,25
6,10,13,,25
7,10,13,,25
8,10,13,,25
9,10,13,,25
10,10,13,,25
11,10,13,,25
12,10,13,,25
13,10,13,,25
14,10,13,,25
15,10,13,,25
16,10,13,,25
17,10,13,,25
18,10,13,,25
19,10,13,,25
20,10,13,,25
21,10,13,,25
22,10,13,,25
23,10,13,,25
24,10,13,,25
25,10,13,,25
26,10,13,,25
27,10,13,,25
28,10,13,,25
29,10,13,,25
30,10,13,,25
31,10,13,,25
32,10,13,,25
33,10,13,,25
34,10,13,,25
35,10,13,,25
36,10,13,,25
37,10,13,,25
38,10,13,,25
39,10,13,,25
40,10,13,,25
41,10,13,,25
42,10,13,,25
43,10,13,,25
44,10,13,,25
45,10,13,,25
46,10,13,,25
47,10,13,,25
48,10,13,,25
49,10,13,,25
50,10,13,,25
51,10,13,,25
52,10,13,,25
53,10,13,,25
54,10,13,,25
55,10,13,,25
56,10,13,,25
57,10,13,,25
58,10,13,,25
59,10,13,,25
60,10,13,,25
61,10,13,,25
62,10,13,,25
63,10,13,,25
64,10,13,,25
65,10,13,,25
66,10,13,,25
67,10,13,,25
68,10,13,,25
69,10,13,,25
70,10,13,,25
71,10,13,,25
72,10,13,,25
73,10,13,,25
74,10,13,,25
75,10,13,,25
76,10,13,,25
77,10,13,,25
78,10,13,,25
79,10,13,,25
80,10,13,,25
81,10,13,,25
82,10,13,,25
83,10,13,,25
84,10,13,,25
85,10,13,,25
86,10,13,,25
87,10,13,,25
88,10,13,,25
89,10,13,,25
90,10,13,,25
91,10,13,,25
92,10,13,,25
93,10,13,,25
94,10,13,,25
95,10,13,,25
96,10,13,,25
97,10,13,,25
98,10,13,,25
99,10,13,,25
0,10,14,,25
1,10,14,,25
2,10,14,,25
3,10,14,,25
4,10,14,,25
5,10,14,,25
6,10,14,,25
7,10,14,,25
8,10,14,,25
9,10,14,,25
10,10,14,,25
11,10,14,,25
12,10,14,,25
13,10,14,,25
14,10,14,,25
15,10,14,,25
16,10,14,,25
17,10,14,,25
18,10,14,,25
19,10,14,,25
20,10,14,,25
21,10,14,,25
22,10,14,,25
23,10,14,,25
24,10,14,,25
25,10,14,,25
26,10,14,,25
27,10,14,,25
28,10,14,,25
29,10,14,,25
30,10,14,,25
31,10,14,,25
32,10,14,,25
33,10,14,,25
34,10,14,,25
35,10,14,,25
36,10,14,,25
37,10,14,,25
38,10,14,,25
39,10,14,,25
40,10,14,,25
41,10,14,,25
42,10,14,,25
43,10,14,,25
44,10,14,,25
45,10,14,,25
46,10,14,,25
47,10,14,,25
48,10,14,,25
49,10,14,,25
50,10,14,,25
51,10,14,,25
52,10,14,,25
53,10,14,,25
54,10,14,,25
55,10,14,,25
56,10,14,,25
57,10,14,,25
58,10,14,,25
59,10,14,,25
60,10,14,,25
61,10,14,,25
62,10,14,,25
63,10,14,,25
64,10,14,,25
65,10,14,,25
66,10,14,,25
67,10,14,,25
68,10,14,,25
69,10,14,,25
70,10,14,,25
71,10,14,,25
72,10,14,,25
73,10,14,,25
74,10,14,,25
75,10,14,,25
76,10,14,,25
77,10,14,,25
78,10,14,,25
79,10,14,,25
80,10,14,,25
81,10,14,,25
82,10,14,,25
83,10,14,,25
84,10,14,,25
85,10,14,,25
86,10,14,,25
87,10,14,,25
88,10,14,,25
89,10,14,,25
90,10,14,,25
91,10,14,,25
92,10,14,,25
93,10,14,,25
94,10,14,,25
95,10,14,,25
96,10,14,,25
97,10,14,,25
98,10,14,,25
99,10,14,,25
0,10,15,,25
1,10,15,,25
2,10,15,,25
3,10,15,,25
4,10,15,,25
5,10,15,,25
6,10,15,,25
7,10,15,,25
8,10,15,,25
9,10,15,,25
10,10,15,,25
11,10,15,,25
12,10,15,,25
13,10,15,,25
14,10,15,,25
15,10,15,,25
16,10,15,,25
17,10,15,,25
18,10,15,,25
19,10,15,,25
20,10,15,,25
21,10,15,,25
22,10,15,,25
23,10,15,,25
24,10,15,,25
25,10,15,,25
26,10,15,,25
27,10,15,,25
28,10,15,,25
29,10,15,,25
30,10,15,,25
31,10,15,,25
32,10,15,,25
33,10,15,,25
34,10,15,,25
35,10,15,,25
36,10,15,,25
37,10,15,,25
38,10,15,,25
39,10,15,,25
40,10,15,,25
41,10,15,,25
42,10,15,,25
43,10,15,,25
44,10,15,,25
45,10,15,,25
46,10,15,,25
47,10,15,,25
48,10,15,,25
49,10,15,,25
50,10,15,,25
51,10,15,,25
52,10,15,,25
53,10,15,,25
54,10,15,,25
55,10,15,,25
56,10,15,,25
57,10,15,,25
58,10,15,,25
59,10,15,,25
60,10,15,,25
61,10,15,,25
62,10,15,,25
63,10,15,,25
64,10,15,,25
65,10,15,,25
66,10,15,,25
67,10,15,,25
68,10,15,,25
69,10,15,,25
70,10,15,,25
71,10,15,,25
72,10,15,,25
73,10,15,,25
74,10,15,,25
75,10,15,,25
76,10,15,,25
77,10,15,,25
78,10,15,,25
79,10,15,,25
80,10,15,,25
81,10,15,,25
82,10,15,,25
83,10,15,,25
84,10,15,,25
85,10,15,,25
86,10,15,,25
87,10,15,,25
88,10,15,,25
89,10,15,,25
90,10,15,,25
91,10,15,,25
92,10,15,,25
93,10,15,,25
94,10,15,,25
95,10,15,,25
96,10,15,,25
97,10,15,,25
98,10,15,,25
99,10,15,,25
0,15,1,0.7288381196520196,17
1,15,1,0.8227894916579954,17
2,15,1,0.7702651980457286,17
3,15,1,0.6373742560499416,17
4,15,1,0.9612430640086592,17
5,15,1,0.9220989412763656,17
6,15,1,0.8324888164884776,17
7,15,1,0.9590655621947864,17
8,15,1,0.9460916561906246,17
9,15,1,0.9594613680676012,17
10,15,1,0.9580868269724944,17
11,15,1,0.9765243353825244,17
12,15,1,0.7305060970100083,17
13,15,1,0.8938716359830928,17
14,15,1,0.8155391850713022,17
15,15,1,0.8306458515126928,17
16,15,1,0.9290288629558,17
17,15,1,0.9069674210969002,17
18,15,1,0.9721666725528904,17
19,15,1,0.9746213529372444,17
20,15,1,0.9649957442375146,17
21,15,1,0.751031118870963,17
22,15,1,0.9322830368251498,17
23,15,1,0.9021239641034844,17
24,15,1,0.7571685266854988,17
25,15,1,0.8976273414736841,17
26,15,1,0.6050447763017186,17
27,15,1,0.8455835391953528,17
28,15,1,0.9590266162782932,17
29,15,1,0.8851707181939976,17
30,15,1,0.7452709084567274,17
31,15,1,0.9212298033203298,17
32,15,1,0.7024549466579775,17
33,15,1,0.9668919450350778,17
34,15,1,0.9004015572554889,17
35,15,1,0.708910149827742,17
36,15,1,0.967391614700556,17
37,15,1,0.7408624841402277,17
38,15,1,0.9243438257408662,17
39,15,1,0.8968152841645974,17
40,15,1,0.9002979437537768,17
41,15,1,0.949213371130853,17
42,15,1,0.9623646383755512,17
43,15,1,0.967618116621327,17
44,15,1,0.9189718701412286,17
45,15,1,0.7596117355124636,17
46,15,1,0.9698128620829032,17
47,15,1,0.9397080753726476,17
48,15,1,0.7820872569447491,17
49,15,1,0.7122621594019583,17
50,15,1,0.854066247481256,17
51,15,1,0.984682941379719,17
52,15,1,0.9427636206706732,17
53,15,1,0.8886052933573696,17
54,15,1,0.7414670708386968,17
55,15,1,0.7012232412223045,17
56,15,1,0.9405458439760191,17
57,15,1,0.6724381988369341,17
58,15,1,0.9365374690948924,17
59,15,1,0.753786494822298,17
60,15,1,0.9169269275196692,17
61,15,1,0.9823688096423868,17
62,15,1,0.6788012598116923,17
63,15,1,0.9191013651551568,17
64,15,1,0.9409963798158032,17
65,15,1,0.8204764227552054,17
66,15,1,0.9327215098909412,17
67,15,1,0.9464338104776504,17
68,15,1,0.9699336699432152,17
69,15,1,0.7821807741493495,17
70,15,1,0.959345701294646,17
71,15,1,0.8417143779813128,17
72,15,1,0.5353091927087635,17
73,15,1,0.7042041225076949,17
74,15,1,0.9594806414932704,17
75,15,1,0.9205018519594668,17
76,15,1,0.858624024973707,17
77,15,1,0.8703543092730471,17
78,15,1,0.9339483773235556,17
79,15,1,0.9132533609472666,17
80,15,1,0.9722975555576268,17
81,15,1,0.9430204546845552,17
82,15,1,0.8721301284555802,17
83,15,1,0.9505379574095696,17
84,15,1,0.8702485710277467,17
85,15,1,0.9428015796886116,17
86,15,1,0.8909147580195468,17
87,15,1,0.8976311769582466,17
88,15,1,0.7907858224786777,17
89,15,1,0.7776649845730481,17
90,15,1,0.9670640940673608,17
91,15,1,0.8329403849018366,17
92,15,1,0.9311178670405232,17
93,15,1,0.7947623662145787,17
94,15,1,0.7717688007545562,17
95,15,1,0.9712676330897504,17
96,15,1,0.7801180345708589,17
97,15,1,0.5650710578293942,17
98,15,1,0.950730360053572,17
99,15,1,0.6202257526746194,17
0,15,2,0.9187455822210168,17
1,15,2,0.9588986566025712,17
2,15,2,0.8971733281804415,17
3,15,2,0.9547381745082776,17
4,15,2,0.9334268480245156,17
5,15,2,0.964751395804266,17
6,15,2,0.9317954108591004,17
7,15,2,0.93688696199238,17
8,15,2,0.9675512661421874,17
9,15,2,0.9012283897691978,17
10,15,2,0.9549424742243624,17
11,15,2,0.896304832298526,17
12,15,2,0.9382244097031638,17
13,15,2,0.9756306063697238,17
14,15,2,0.9747893042670388,17
15,15,2,0.9447036088635098,17
16,15,2,0.9289303553781127,17
17,15,2,0.9545201028553546,17
18,15,2,0.9669906312606276,17
19,15,2,0.9397395888957196,17
20,15,2,0.9795973391446244,17
21,15,2,0.9735934731493542,17
22,15,2,0.8916149868351954,17
23,15,2,0.936573985980212,17
24,15,2,0.9763829081910004,17
25,15,2,0.9842270402046822,17
26,15,2,0.9480314380173038,17
27,15,2,0.9404792929847422,17
28,15,2,0.9276951488335482,17
29,15,2,0.970050465458522,17
30,15,2,0.8343353114998779,17
31,15,2,0.939351431641806,17
32,15,2,0.9226470591756828,17
33,15,2,0.9790185415754108,17
34,15,2,0.9292258598256518,17
35,15,2,0.9666234816811702,17
36,15,2,0.9528774370451888,17
37,15,2,0.9863699906067568,17
38,15,2,0.983548866460929,17
39,15,2,0.9717575952968728,17
40,15,2,0.932859105402492,17
41,15,2,0.9648782120843048,17
42,15,2,0.9446169608523828,17
43,15,2,0.9696080611348192,17
44,15,2,0.9495095246976044,17
45,15,2,0.962459885599932,17
46,15,2,0.9107223784584494,17
47,15,2,0.9018302842840404,17
48,15,2,0.8671688052164674,17
49,15,2,0.9590174380070362,17
50,15,2,0.964996944547853,17
51,15,2,0.9193193069886266,17
52,15,2,0.9323158474687264,17
53,15,2,0.8957177453767887,17
54,15,2,0.8721384349837775,17
55,15,2,0.8858728128520578,17
56,15,2,0.976833027056407,17
57,15,2,0.8891742468334555,17
58,15,2,0.8918974330889194,17
59,15,2,0.9495520221086268,17
60,15,2,0.9587131773376232,17
61,15,2,0.97164131457723,17
62,15,2,0.9047405571172292,17
63,15,2,0.8679408840936695,17
64,15,2,0.900219475667601,17
65,15,2,0.9443242478175666,17
66,15,2,0.957563059880254,17
67,15,2,0.9804555050353888,17
68,15,2,0.7767365937335419,17
69,15,2,0.9338240091734016,17
70,15,2,0.9770342600399882,17
71,15,2,0.9255182253513906,17
72,15,2,0.9475703136950228,17
73,15,2,0.96444373112858,17
74,15,2,0.9689195971137464,17
75,15,2,0.9399391328157608,17
76,15,2,0.9309616992804884,17
77,15,2,0.962043576910334,17
78,15,2,0.9466305490953484,17
79,15,2,0.915444796747442,17
80,15,2,0.9149384431946488,17
81,15,2,0.9443705000028634,17
82,15,2,0.9617467268643674,17
83,15,2,0.9483524889530848,17
84,15,2,0.81421839103806,17
85,15,2,0.9498309872094528,17
86,15,2,0.9866069152057104,17
87,15,2,0.8788355336919348,17
88,15,2,0.9131903055805324,17
89,15,2,0.8963044196795817,17
90,15,2,0.946133508833792,17
91,15,2,0.9251984398197658,17
92,15,2,0.9771788569490976,17
93,15,2,0.943895988888798,17
94,15,2,0.9447774606973148,17
95,15,2,0.9854115703053512,17
96,15,2,0.9787877501001344,17
97,15,2,0.9012246172337964,17
98,15,2,0.939702865362464,17
99,15,2,0.9523540653447076,17
0,15,3,0.9790884476869302,17
1,15,3,0.9664511812706752,17
2,15,3,0.9835518947956964,17
3,15,3,0.9705762465840136,17
4,15,3,0.9806406404403988,17
5,15,3,0.945026780454443,17
6,15,3,0.9848727448415798,17
7,15,3,0.9459590348610328,17
8,15,3,0.9914904358226436,17
9,15,3,0.9749389982378932,17
10,15,3,0.9801034639125076,17
11,15,3,0.9843378736089756,17
12,15,3,0.9527936157586372,17
13,15,3,0.9783564331660424,17
14,15,3,0.9777621556641896,17
15,15,3,0.988498025823324,17
16,15,3,0.9852648094967656,17
17,15,3,0.9816835305059528,17
18,15,3,0.9775938644169572,17
19,15,3,0.9649938826446076,17
20,15,3,0.9866448506382036,17
21,15,3,0.98158661779801,17
22,15,3,0.9886533885079428,17
23,15,3,0.9744407797160144,17
24,15,3,0.9795819115210302,17
25,15,3,0.9922146901866872,17
26,15,3,0.9768130327622152,17
27,15,3,0.9908735884934228,17
28,15,3,0.92892735120254,17
29,15,3,0.9895588589814436,17
30,15,3,0.812791031364721,17
31,15,3,0.991504925198618,17
32,15,3,0.9815225998238696,17
33,15,3,0.9808273116116516,17
34,15,3,0.970862891720552,17
35,15,3,0.9808355319865482,17
36,15,3,0.9722255725892252,17
37,15,3,0.9634193185164374,17
38,15,3,0.9823090914484384,17
39,15,3,0.9774543208917432,17
40,15,3,0.9831421110603644,17
41,15,3,0.976728036379503,17
42,15,3,0.9851548438482572,17
43,15,3,0.9821794023241082,17
44,15,3,0.9572629794453916,17
45,15,3,0.9828628383639064,17
46,15,3,0.9632582373351528,17
47,15,3,0.9804159986433753,17
48,15,3,0.9784755136408768,17
49,15,3,0.989452105063998,17
50,15,3,0.974139849619484,17
51,15,3,0.9699478912060974,17
52,15,3,0.9423788066271188,17
53,15,3,0.8416844114988489,17
54,15,3,0.9693457614776008,17
55,15,3,0.9672982237216324,17
56,15,3,0.9830113876935296,17
57,15,3,0.9417831931629104,17
58,15,3,0.9524422533967374,17
59,15,3,0.9670670780434216,17
60,15,3,0.9856042090368125,17
61,15,3,0.9616608847832832,17
62,15,3,0.9951003191010432,17
63,15,3,0.9890118103814348,17
64,15,3,0.9893310748352868,17
65,15,3,0.9848643898018542,17
66,15,3,0.9901059653435434,17
67,15,3,0.9644883887501164,17
68,15,3,0.9463522207120222,17
69,15,3,0.967759223527828,17
70,15,3,0.9690427164919172,17
71,15,3,0.9761479541365452,17
72,15,3,0.9758220345384084,17
73,15,3,0.982409595769058,17
74,15,3,0.9749911680040522,17
75,15,3,0.98427306307477,17
76,15,3,0.9841058206376396,17
77,15,3,0.9770472824997496,17
78,15,3,0.9460559934642312,17
79,15,3,0.966995709601575,17
80,15,3,0.9845669554624934,17
81,15,3,0.978716565449972,17
82,15,3,0.9705738097897,17
83,15,3,0.9900534148971992,17
84,15,3,0.9940443480564024,17
85,15,3,0.968970207255987,17
86,15,3,0.9727107446139313,17
87,15,3,0.9811445914972904,17
88,15,3,0.9659375305935086,17
89,15,3,0.9879566149425224,17
90,15,3,0.97311088029118,17
91,15,3,0.9768934031337146,17
92,15,3,0.96911862665833,17
93,15,3,0.9793890204752752,17
94,15,3,0.9505980331776672,17
95,15,3,0.9844211610960696,17
96,15,3,0.9768087958036848,17
97,15,3,0.9844702875187152,17
98,15,3,0.9843691239344404,17
99,15,3,0.9404712982690782,17
0,15,4,0.9817779894810552,17
1,15,4,0.9778242623218923,17
2,15,4,0.976301276392286,17
3,15,4,0.9835152256397502,17
4,15,4,0.9863653017414826,17
5,15,4,0.9864924627621486,17
6,15,4,0.9782949029953713,17
7,15,4,0.986369929577335,17
8,15,4,0.9693225369666558,17
9,15,4,0.9860679695542546,17
10,15,4,0.9831826336413008,17
11,15,4,0.9896634762981428,17
12,15,4,0.9933726816005334,17
13,15,4,0.98823525375005,17
14,15,4,0.9822623259654216,17
15,15,4,0.9571094007293084,17
16,15,4,0.9855286284587154,17
17,15,4,0.9823864376071522,17
18,15,4,0.9730274400802637,17
19,15,4,0.9344938597565414,17
20,15,4,0.9843268625182936,17
21,15,4,0.9882510186690118,17
22,15,4,0.9848153908643772,17
23,15,4,0.989787863762966,17
24,15,4,0.9897909298057964,17
25,15,4,0.9814048047985224,17
26,15,4,0.99195145526372,17
27,15,4,0.9425458446280454,17
28,15,4,0.9724695143489328,17
29,15,4,0.982271856009882,17
30,15,4,0.9852879388121584,17
31,15,4,0.9730390849253452,17
32,15,4,0.9882397094552866,17
33,15,4,0.982861078834495,17
34,15,4,0.9714218332872162,17
35,15,4,0.9801283889952632,17
36,15,4,0.9908351069312272,17
37,15,4,0.9864762770045968,17
38,15,4,0.9889622315121208,17
39,15,4,0.990643194045446,17
40,15,4,0.9815063877816844,17
41,15,4,0.9759763568261968,17
42,15,4,0.938694063480576,17
43,15,4,0.9808598364584988,17
44,15,4,0.9840074024421834,17
45,15,4,0.9570748626036878,17
46,15,4,0.9892222026055254,17
47,15,4,0.9903104130539836,17
48,15,4,0.9811557527492024,17
49,15,4,0.9824714244956052,17
50,15,4,0.9905988781032976,17
51,15,4,0.9878170806731308,17
52,15,4,0.9738540071088376,17
53,15,4,0.9378217722437222,17
54,15,4,0.9914993370798432,17
55,15,4,0.9220569565615586,17
56,15,4,0.9905511347122496,17
57,15,4,0.9914542614860604,17
58,15,4,0.9904255423426156,17
59,15,4,0.9917197728856914,17
60,15,4,0.9939453638553722,17
61,15,4,0.9883909101268996,17
62,15,4,0.9828427509909292,17
63,15,4,0.991720175420984,17
64,15,4,0.9902486728169948,17
65,15,4,0.97878578293103,17
66,15,4,0.9467719432744583,17
67,15,4,0.9886309533835872,17
68,15,4,0.9827920656627832,17
69,15,4,0.984645434988066,17
70,15,4,0.9868059753556334,17
71,15,4,0.987499936795028,17
72,15,4,0.9891890284962342,17
73,15,4,0.9963520930021084,17
74,15,4,0.9724976837636788,17
75,15,4,0.9863665405925026,17
76,15,4,0.9867201882412658,17
77,15,4,0.9795949378847738,17
78,15,4,0.9688906659350328,17
79,15,4,0.992530367644099,17
80,15,4,0.9698778407150136,17
81,15,4,0.9791435279475608,17
82,15,4,0.9767140095137616,17
83,15,4,0.9634368987347748,17
84,15,4,0.9691240369637932,17
85,15,4,0.9867540393429048,17
86,15,4,0.96478435012473,17
87,15,4,0.9718383540191652,17
88,15,4,0.985252206088011,17
89,15,4,0.987305666530988,17
90,15,4,0.9801467135929964,17
91,15,4,0.9908093940422208,17
92,15,4,0.9806804484312232,17
93,15,4,0.9882150003137884,17
94,15,4,0.986595621006652,17
95,15,4,0.9873246369699126,17
96,15,4,0.9857722692641436,17
97,15,4,0.9567860419547852,17
98,15,4,0.9887899473807694,17
99,15,4,0.967484652536882,17
0,15,5,0.9877179149967964,17
1,15,5,0.9431192697867026,17
2,15,5,0.9794094175460588,17
3,15,5,0.9855353899397624,17
4,15,5,0.9898855883599896,17
5,15,5,0.9912999698996822,17
6,15,5,0.992348738479046,17
7,15,5,0.9886025114056975,17
8,15,5,0.98424689695251,17
9,15,5,0.9948236229370844,17
10,15,5,0.9926343757348208,17
11,15,5,0.9862935164303132,17
12,15,5,0.9901520561914462,17
13,15,5,0.9737097541552534,17
14,15,5,0.9859412571494652,17
15,15,5,0.9904354669463864,17
16,15,5,0.9832202266316972,17
17,15,5,0.9868616016977816,17
18,15,5,0.9857628082743822,17
19,15,5,0.9843486075045932,17
20,15,5,0.981533328003458,17
21,15,5,0.9870594085380006,17
22,15,5,0.9902037608047792,17
23,15,5,0.986942221430033,17
24,15,5,0.986822713949306,17
25,15,5,0.9883570052568382,17
26,15,5,0.977342749105974,17
27,15,5,0.9905618210416264,17
28,15,5,0.9861364884396812,17
29,15,5,0.9886340065193432,17
30,15,5,0.9940008965808688,17
31,15,5,0.9897916412968388,17
32,15,5,0.9925537126751004,17
33,15,5,0.9847754422566802,17
34,15,5,0.9874691572789096,17
35,15,5,0.988502367483824,17
36,15,5,0.9907174509527026,17
37,15,5,0.9887101389710432,17
38,15,5,0.9722166753822398,17
39,15,5,0.9899291932217662,17
40,15,5,0.9827911944988476,17
41,15,5,0.9932419854618092,17
42,15,5,0.9675275691424398,17
43,15,5,0.9902516647700368,17
44,15,5,0.9721182126310752,17
45,15,5,0.9757006481046556,17
46,15,5,0.9890143248706712,17
47,15,5,0.9882254763574706,17
48,15,5,0.9879498862602312,17
49,15,5,0.987165519957538,17
50,15,5,0.9851899537591404,17
51,15,5,0.9901426077485792,17
52,15,5,0.9463956574596276,17
53,15,5,0.9845051938607448,17
54,15,5,0.9673964057028897,17
55,15,5,0.9890989528821816,17
56,15,5,0.979453559093384,17
57,15,5,0.9828857246587528,17
58,15,5,0.991007229963408,17
59,15,5,0.9929785765663708,17
60,15,5,0.988530135080544,17
61,15,5,0.9847624482638748,17
62,15,5,0.9880266168043856,17
63,15,5,0.9855057563202232,17
64,15,5,0.9900223488203478,17
65,15,5,0.9882155451882122,17
66,15,5,0.9895019617561814,17
67,15,5,0.9884123825209424,17
68,15,5,0.9813774969597394,17
69,15,5,0.962257715058712,17
70,15,5,0.981839475882668,17
71,15,5,0.990043853088282,17
72,15,5,0.9794331225964116,17
73,15,5,0.9715744045269376,17
74,15,5,0.9811091841157829,17
75,15,5,0.9816076675941408,17
76,15,5,0.9881303278740782,17
77,15,5,0.9903616730124732,17
78,15,5,0.9942539467545258,17
79,15,5,0.9908865129749348,17
80,15,5,0.9848779201481466,17
81,15,5,0.9675730216815862,17
82,15,5,0.9895217740796224,17
83,15,5,0.9854945466652796,17
84,15,5,0.9932656599762588,17
85,15,5,0.9660853479743235,17
86,15,5,0.9880951642076204,17
87,15,5,0.9802922536662266,17
88,15,5,0.988222459863806,17
89,15,5,0.979855939853888,17
90,15,5,0.989794205354418,17
91,15,5,0.977836591195142,17
92,15,5,0.9866821685175646,17
93,15,5,0.9898486487454946,17
94,15,5,0.9965333443043408,17
95,15,5,0.9735604171800388,17
96,15,5,0.9930642365800576,17
97,15,5,0.9916352957609668,17
98,15,5,0.9888386130429372,17
99,15,5,0.9925234029975376,17
0,15,6,0.9849893168942352,17
1,15,6,0.9887228176004034,17
2,15,6,0.9870839301685316,17
3,15,6,0.9884290497304846,17
4,15,6,0.980834422399436,17
5,15,6,0.9920115122738214,17
6,15,6,0.9929548388401678,17
7,15,6,0.9855968073890654,17
8,15,6,0.990303901593236,17
9,15,6,0.9931812937856224,17
10,15,6,0.9952028908344812,17
11,15,6,0.991494070745704,17
12,15,6,0.9874706949234902,17
13,15,6,0.9915029146170076,17
14,15,6,0.9868533122821072,17
15,15,6,0.9926960956835232,17
16,15,6,0.9939597434966254,17
17,15,6,0.9937705422710298,17
18,15,6,0.9861916095887796,17
19,15,6,0.9748659751190254,17
20,15,6,0.9868585018548132,17
21,15,6,0.9879907628823704,17
22,15,6,0.9858327543105349,17
23,15,6,0.9869062836378508,17
24,15,6,0.989425707273908,17
25,15,6,0.9893740363863808,17
26,15,6,0.9932909100089105,17
27,15,6,0.986988854332539,17
28,15,6,0.9903572751233878,17
29,15,6,0.9881270883025276,17
30,15,6,0.98837635613534,17
31,15,6,0.9894015864894162,17
32,15,6,0.9867906128138894,17
33,15,6,0.9815389806473954,17
34,15,6,0.9877178034907674,17
35,15,6,0.972527014896159,17
36,15,6,0.992638328967301,17
37,15,6,0.9945163469925672,17
38,15,6,0.9859586855062372,17
39,15,6,0.988922764952802,17
40,15,6,0.993370513177818,17
41,15,6,0.9879143862174457,17
42,15,6,0.9891221783276554,17
43,15,6,0.9836540499436762,17
44,15,6,0.9780270934530472,17
45,15,6,0.9932224322385108,17
46,15,6,0.982597363864327,17
47,15,6,0.9840747707372012,17
48,15,6,0.9949613793830704,17
49,15,6,0.9895984902777976,17
50,15,6,0.9911162299071066,17
51,15,6,0.9873475745286447,17
52,15,6,0.9952283946451482,17
53,15,6,0.979838102639676,17
54,15,6,0.9943300436556524,17
55,15,6,0.9878979505610213,17
56,15,6,0.980712895900268,17
57,15,6,0.9859453119444972,17
58,15,6,0.9828502194370964,17
59,15,6,0.995292182923059,17
60,15,6,0.981245975296688,17
61,15,6,0.9964075065883854,17
62,15,6,0.9943283514539472,17
63,15,6,0.9900996096933632,17
64,15,6,0.9892396092178504,17
65,15,6,0.98671415766948,17
66,15,6,0.9868173610429252,17
67,15,6,0.992810381974093,17
68,15,6,0.989222809833342,17
69,15,6,0.995228449734268,17
70,15,6,0.9891355282382762,17
71,15,6,0.9930330052978964,17
72,15,6,0.990048395801083,17
73,15,6,0.9902109605784628,17
74,15,6,0.991328776816971,17
75,15,6,0.9871387133035784,17
76,15,6,0.9872326136756622,17
77,15,6,0.9906933536655156,17
78,15,6,0.9776492843326678,17
79,15,6,0.9853467636065504,17
80,15,6,0.989193890357869,17
81,15,6,0.9904671567640017,17
82,15,6,0.9947777793240378,17
83,15,6,0.9920181975719384,17
84,15,6,0.9935426544427716,17
85,15,6,0.9950646375994316,17
86,15,6,0.993227699437329,17
87,15,6,0.993311875351734,17
88,15,6,0.9842050119413444,17
89,15,6,0.9955604711647508,17
90,15,6,0.9897551486886256,17
91,15,6,0.9784529482686336,17
92,15,6,0.9876599346403364,17
93,15,6,0.985555023805492,17
94,15,6,0.9945668189330792,17
95,15,6,0.9792447079785536,17
96,15,6,0.9896619900964588,17
97,15,6,0.9921542800849726,17
98,15,6,0.9917014789401084,17
99,15,6,0.9939452156889282,17
0,15,7,0.9895676576711984,17
1,15,7,0.9815376026939108,17
2,15,7,0.9891496903908096,17
3,15,7,0.9938802102228284,17
4,15,7,0.9937591557087468,17
5,15,7,0.9925036511086716,17
6,15,7,0.99003696176662,17
7,15,7,0.9898609724516032,17
8,15,7,0.9881681839097416,17
9,15,7,0.988309258269542,17
10,15,7,0.9922998394593008,17
11,15,7,0.9921733141597892,17
12,15,7,0.9920347118242238,17
13,15,7,0.9881168987149918,17
14,15,7,0.991037802474606,17
15,15,7,0.994793748935284,17
16,15,7,0.9908959136123936,17
17,15,7,0.995405184249525,17
18,15,7,0.990046075504072,17
19,15,7,0.9909190116277272,17
20,15,7,0.9908469603720962,17
21,15,7,0.987775975641382,17
22,15,7,0.990008632051532,17
23,15,7,0.9925752448656252,17
24,15,7,0.9928543838054228,17
25,15,7,0.9923107537154272,17
26,15,7,0.9891425546657444,17
27,15,7,0.9940106348268776,17
28,15,7,0.9917875572262888,17
29,15,7,0.9866949413300108,17
30,15,7,0.9904515362299444,17
31,15,7,0.9894914022343316,17
32,15,7,0.9949603058462644,17
33,15,7,0.9900154059230616,17
34,15,7,0.9709376737558868,17
35,15,7,0.992878547615673,17
36,15,7,0.9908486108756812,17
37,15,7,0.9948122958609852,17
38,15,7,0.9926929476008792,17
39,15,7,0.9867193723591564,17
40,15,7,0.9930346178132816,17
41,15,7,0.9833372511333208,17
42,15,7,0.990172655549354,17
43,15,7,0.9860830235727666,17
44,15,7,0.9877851897738528,17
45,15,7,0.9943192375078151,17
46,15,7,0.989474264472747,17
47,15,7,0.9924698929983554,17
48,15,7,0.9930396408057114,17
49,15,7,0.9954072394064448,17
50,15,7,0.9896490390236682,17
51,15,7,0.9921875924795912,17
52,15,7,0.9868651752141656,17
53,15,7,0.988961025863802,17
54,15,7,0.987901962600771,17
55,15,7,0.9933161536767284,17
56,15,7,0.9878963232379152,17
57,15,7,0.9889452620091302,17
58,15,7,0.9906285369196972,17
59,15,7,0.96569498514617,17
60,15,7,0.9860450884199184,17
61,15,7,0.989348104679343,17
62,15,7,0.9916017548594352,17
63,15,7,0.9881082030925598,17
64,15,7,0.99094126299006,17
65,15,7,0.9959762477705292,17
66,15,7,0.9917433053900504,17
67,15,7,0.9811619359381156,17
68,15,7,0.9816433968893448,17
69,15,7,0.9840988209505795,17
70,15,7,0.99280857586649,17
71,15,7,0.9884009424047964,17
72,15,7,0.9924984589946894,17
73,15,7,0.9888157658491408,17
74,15,7,0.9920143877278176,17
75,15,7,0.9846728465573356,17
76,15,7,0.995511661948418,17
77,15,7,0.9946266068265252,17
78,15,7,0.991332007768231,17
79,15,7,0.9942808432249846,17
80,15,7,0.9862026861159128,17
81,15,7,0.9957791828680166,17
82,15,7,0.9904533362600773,17
83,15,7,0.9888847644734794,17
84,15,7,0.988523962564334,17
85,15,7,0.9887727778517584,17
86,15,7,0.9940713815937192,17
87,15,7,0.9919781215054168,17
88,15,7,0.9901305117957112,17
89,15,7,0.986530868521266,17
90,15,7,0.9897460874488788,17
91,15,7,0.9847490270129924,17
92,15,7,0.9922174409460658,17
93,15,7,0.9937392781419996,17
94,15,7,0.98608739894729,17
95,15,7,0.990250412474292,17
96,15,7,0.99379924595625,17
97,15,7,0.9911938608295084,17
98,15,7,0.9876233504826356,17
99,15,7,0.9875424185944048,17
0,15,8,0.9942600830347832,17
1,15,8,0.9936577747163714,17
2,15,8,0.9878262903325498,17
3,15,8,0.9952783617083708,17
4,15,8,0.9938115185675768,17
5,15,8,0.9920810337478546,17
6,15,8,0.9948689959308508,17
7,15,8,0.9845796295537314,17
8,15,8,0.9924449946076548,17
9,15,8,0.995060667197642,17
10,15,8,0.9950594716792488,17
11,15,8,0.9967017525174668,17
12,15,8,0.9893331985002494,17
13,15,8,0.9934339844915332,17
14,15,8,0.9910807169169444,17
15,15,8,0.985748059974386,17
16,15,8,0.98916709071446,17
17,15,8,0.9889926931689978,17
18,15,8,0.9922362507340384,17
19,15,8,0.9856007675115112,17
20,15,8,0.9954324235080092,17
21,15,8,0.990072888238838,17
22,15,8,0.9934014962586242,17
23,15,8,0.9898116422272027,17
24,15,8,0.9926839163805438,17
25,15,8,0.983093530834879,17
26,15,8,0.9907156761461292,17
27,15,8,0.9945230652035726,17
28,15,8,0.9942110219536456,17
29,15,8,0.9900309890781348,17
30,15,8,0.990775720506258,17
31,15,8,0.9941459469072144,17
32,15,8,0.9907730669574112,17
33,15,8,0.9905263664071344,17
34,15,8,0.988159666199652,17
35,15,8,0.9917252616947012,17
36,15,8,0.9892409221940612,17
37,15,8,0.9950558761493156,17
38,15,8,0.9916149413858651,17
39,15,8,0.9945902819003916,17
40,15,8,0.9938738747675934,17
41,15,8,0.983155423427178,17
42,15,8,0.9892164430860542,17
43,15,8,0.9951232371197872,17
44,15,8,0.9925186280946482,17
45,15,8,0.9888144640090388,17
46,15,8,0.9905159102934024,17
47,15,8,0.9860924899840128,17
48,15,8,0.9930250415740272,17
49,15,8,0.9938769430537486,17
50,15,8,0.9947809265496304,17
51,15,8,0.9936223138636948,17
52,15,8,0.994911045777748,17
53,15,8,0.9943281045987092,17
54,15,8,0.984954655846384,17
55,15,8,0.9912438878412658,17
56,15,8,0.9928604501136572,17
57,15,8,0.990081438039926,17
58,15,8,0.9926112985439876,17
59,15,8,0.9871968548717472,17
60,15,8,0.9884510014473722,17
61,15,8,0.9933016851740168,17
62,15,8,0.9931005958045908,17
63,15,8,0.9923666366638436,17
64,15,8,0.9937850678099884,17
65,15,8,0.9902143226089256,17
66,15,8,0.9940804442383936,17
67,15,8,0.9940505371300742,17
68,15,8,0.9910746567394296,17
69,15,8,0.991181168989661,17
70,15,8,0.9916457144522368,17
71,15,8,0.9947721636810334,17
72,15,8,0.993225272883612,17
73,15,8,0.9886256405500166,17
74,15,8,0.9912279373578822,17
75,15,8,0.9906918272172016,17
76,15,8,0.9872914622217636,17
77,15,8,0.9945842653173764,17
78,15,8,0.9928692451589772,17
79,15,8,0.9936566689685868,17
80,15,8,0.9882458042867588,17
81,15,8,0.986203800193908,17
82,15,8,0.9946452522774256,17
83,15,8,0.9906030268623244,17
84,15,8,0.993305437657684,17
85,15,8,0.9910760679309368,17
86,15,8,0.994345712741528,17
87,15,8,0.9940159021199384,17
88,15,8,0.9946890301525664,17
89,15,8,0.9926349424664652,17
90,15,8,0.992642811941812,17
91,15,8,0.9916076224403012,17
92,15,8,0.9927997178876996,17
93,15,8,0.9933145021653093,17
94,15,8,0.9945019252113528,17
95,15,8,0.9906270404989042,17
96,15,8,0.9932159858544244,17
97,15,8,0.989177257280229,17
98,15,8,0.9903087495378756,17
99,15,8,0.9888856081242504,17
0,15,9,0.9906490112258174,17
1,15,9,0.9944183742595116,17
2,15,9,0.9954841257338004,17
3,15,9,0.9927491324852896,17
4,15,9,0.993778260939956,17
5,15,9,0.9936865461859486,17
6,15,9,0.9947783771662893,17
7,15,9,0.9958053542170066,17
8,15,9,0.994309943008804,17
9,15,9,0.9907048281396608,17
10,15,9,0.992174759607208,17
11,15,9,0.9951616111046372,17
12,15,9,0.9924490754853674,17
13,15,9,0.9932349357591798,17
14,15,9,0.9939688340763444,17
15,15,9,0.9942920101346288,17
16,15,9,0.9952932512620908,17
17,15,9,0.996393750967153,17
18,15,9,0.9911624473502064,17
19,15,9,0.988324632330674,17
20,15,9,0.9946062739461108,17
21,15,9,0.992775802285266,17
22,15,9,0.9936751243121146,17
23,15,9,0.991092663618674,17
24,15,9,0.9910234719515676,17
25,15,9,0.9922597826391796,17
26,15,9,0.989217659992332,17
27,15,9,0.9948286785646852,17
28,15,9,0.9928566641522436,17
29,15,9,0.99147112333278,17
30,15,9,0.9954825317362648,17
31,15,9,0.9914299576175718,17
32,15,9,0.9917896257559669,17
33,15,9,0.9920774750376102,17
34,15,9,0.9887848106217562,17
35,15,9,0.9936175579235308,17
36,15,9,0.9869128856259058,17
37,15,9,0.9880675435720124,17
38,15,9,0.993175733711981,17
39,15,9,0.9953312330797948,17
40,15,9,0.9882802040187856,17
41,15,9,0.9914567327302256,17
42,15,9,0.9864221441743524,17
43,15,9,0.9938943996142724,17
44,15,9,0.9923216421107856,17
45,15,9,0.991410235317424,17
46,15,9,0.9941525209034484,17
47,15,9,0.990015727248534,17
48,15,9,0.9908695947430188,17
49,15,9,0.994331804462098,17
50,15,9,0.9890817034133657,17
51,15,9,0.9934289721576958,17
52,15,9,0.9946517969357478,17
53,15,9,0.9940758517939888,17
54,15,9,0.9937950784741184,17
55,15,9,0.9927658103415342,17
56,15,9,0.9934657185551832,17
57,15,9,0.9947345024443438,17
58,15,9,0.9939886605508124,17
59,15,9,0.9964721406150636,17
60,15,9,0.9937832220218268,17
61,15,9,0.9920807482359972,17
62,15,9,0.9950750887514408,17
63,15,9,0.9957509123196212,17
64,15,9,0.9949508781610498,17
65,15,9,0.9908565757827362,17
66,15,9,0.9950878477315503,17
67,15,9,0.9883044679708002,17
68,15,9,0.9939240791628166,17
69,15,9,0.9881273756862918,17
70,15,9,0.9919954031310628,17
71,15,9,0.9876372975711248,17
72,15,9,0.9930065831513624,17
73,15,9,0.9886186559007736,17
74,15,9,0.9918416146143316,17
75,15,9,0.9942362877313432,17
76,15,9,0.9917184977555716,17
77,15,9,0.9894341664463624,17
78,15,9,0.99334651715522,17
79,15,9,0.991683592271162,17
80,15,9,0.9921704748296208,17
81,15,9,0.9904131588814488,17
82,15,9,0.9913157902095456,17
83,15,9,0.9947462624249817,17
84,15,9,0.9907951712019611,17
85,15,9,0.9924044509975192,17
86,15,9,0.9893652784452852,17
87,15,9,0.9944980802384278,17
88,15,9,0.9876532929831144,17
89,15,9,0.9915145130571854,17
90,15,9,0.992992862434212,17
91,15,9,0.9862245830048328,17
92,15,9,0.9943350913353428,17
93,15,9,0.993625576324963,17
94,15,9,0.993401173786637,17
95,15,9,0.9955857998478448,17
96,15,9,0.992058408743231,17
97,15,9,0.993930177740415,17
98,15,9,0.9952068743301612,17
99,15,9,0.9964078809471184,17
0,15,10,0.9925674887310222,17
1,15,10,0.99279303423793,17
2,15,10,0.9936776459119674,17
3,15,10,0.9895005415457312,17
4,15,10,0.9929954946683924,17
5,15,10,0.9956951268632058,17
6,15,10,0.995060634112282,17
7,15,10,0.9927163584011902,17
8,15,10,0.9947714514541768,17
9,15,10,0.9963380220211802,17
10,15,10,0.9960476079247624,17
11,15,10,0.9920845272277804,17
12,15,10,0.9959471036061964,17
13,15,10,0.9945350031937522,17
14,15,10,0.9936292616414092,17
15,15,10,0.9927862540913728,17
16,15,10,0.9920809046088014,17
17,15,10,0.9940700808072568,17
18,15,10,0.9894873880313836,17
19,15,10,0.9925650105107916,17
20,15,10,0.9925330367441494,17
21,15,10,0.9937588359958532,17
22,15,10,0.99201651028294,17
23,15,10,0.9958796933373316,17
24,15,10,0.994916606015036,17
25,15,10,0.9921017121803808,17
26,15,10,0.991565550302109,17
27,15,10,0.9915691812587404,17
28,15,10,0.9956567291028696,17
29,15,10,0.991457192462202,17
30,15,10,0.996770302760872,17
31,15,10,0.9945871095138163,17
32,15,10,0.9933098848730226,17
33,15,10,0.9945117397465376,17
34,15,10,0.994629924349744,17
35,15,10,0.9942084649527664,17
36,15,10,0.9958232437777198,17
37,15,10,0.9944755474479996,17
38,15,10,0.991835210017728,17
39,15,10,0.9930204897641696,17
40,15,10,0.9923718512229832,17
41,15,10,0.9924419535513112,17
42,15,10,0.9912242872816144,17
43,15,10,0.9938537267160537,17
44,15,10,0.99399875912046,17
45,15,10,0.9953427417516472,17
46,15,10,0.9948258621321104,17
47,15,10,0.990835990324751,17
48,15,10,0.9962525653787128,17
49,15,10,0.9954555593585872,17
50,15,10,0.9926130278931068,17
51,15,10,0.9928283733233454,17
52,15,10,0.9943337740577178,17
53,15,10,0.9946680097469646,17
54,15,10,0.9933163101465878,17
55,15,10,0.9918433706888636,17
56,15,10,0.990430154791245,17
57,15,10,0.9928830657101833,17
58,15,10,0.9955389495190184,17
59,15,10,0.9937214986970092,17
60,15,10,0.9933588249518408,17
61,15,10,0.9936447685162318,17
62,15,10,0.993795238568262,17
63,15,10,0.991274645642697,17
64,15,10,0.9953022630955584,17
65,15,10,0.9948480704847572,17
66,15,10,0.9950944757551357,17
67,15,10,0.9935913434833208,17
68,15,10,0.9943522077310794,17
69,15,10,0.9938486889578396,17
70,15,10,0.9953439538467858,17
71,15,10,0.9910211304755766,17
72,15,10,0.9907466061484728,17
73,15,10,0.9956457028821998,17
74,15,10,0.994976290641172,17
75,15,10,0.9946384971120524,17
76,15,10,0.9918185612822212,17
77,15,10,0.9912907454782668,17
78,15,10,0.9940443225924304,17
79,15,10,0.9926157275252688,17
80,15,10,0.9953592138945456,17
81,15,10,0.9948800070930592,17
82,15,10,0.9905502027129196,17
83,15,10,0.995124825917431,17
84,15,10,0.9922686621342872,17
85,15,10,0.9921845919951776,17
86,15,10,0.9926766838928284,17
87,15,10,0.991650879021365,17
88,15,10,0.9917317726805486,17
89,15,10,0.9912967874025236,17
90,15,10,0.9939521753635614,17
91,15,10,0.9957371137857604,17
92,15,10,0.9947050115722702,17
93,15,10,0.9947670992665912,17
94,15,10,0.9940324557550556,17
95,15,10,0.9954294153729484,17
96,15,10,0.9924544387184316,17
97,15,10,0.997717866228504,17
98,15,10,0.9948927872367505,17
99,15,10,0.9952311289863603,17
0,15,11,0.9943589237883034,17
1,15,11,0.993879332806608,17
2,15,11,0.996431467888323,17
3,15,11,0.9931665894383034,17
4,15,11,0.9941662433448284,17
5,15,11,0.99340000828425,17
6,15,11,0.9942261529969386,17
7,15,11,0.993020009401632,17
8,15,11,0.9927608652665506,17
9,15,11,0.9932538684524987,17
10,15,11,0.99374798991932,17
11,15,11,0.9961060284724952,17
12,15,11,0.994423581543826,17
13,15,11,0.9925044473546178,17
14,15,11,0.9942172679410852,17
15,15,11,0.9937048208992418,17
16,15,11,0.9941817141924724,17
17,15,11,0.9919739322699116,17
18,15,11,0.99540181561755,17
19,15,11,0.995497453574142,17
20,15,11,0.9921831573757264,17
21,15,11,0.9965345009803764,17
22,15,11,0.993030995065614,17
23,15,11,0.9928951412673392,17
24,15,11,0.9936311324138434,17
25,15,11,0.9946768983075928,17
26,15,11,0.9916534127408848,17
27,15,11,0.993795356715105,17
28,15,11,0.9958700560482572,17
29,15,11,0.9959047283080116,17
30,15,11,0.9946806593370344,17
31,15,11,0.9950109329131956,17
32,15,11,0.9958803430186766,17
33,15,11,0.994350578916373,17
34,15,11,0.9930717610765344,17
35,15,11,0.9918440096268524,17
36,15,11,0.9933216047814832,17
37,15,11,0.9963184574438468,17
38,15,11,0.9942548814844716,17
39,15,11,0.9949331082240988,17
40,15,11,0.9928715049476644,17
41,15,11,0.9951370158290682,17
42,15,11,0.993594831075648,17
43,15,11,0.9939709439822804,17
44,15,11,0.994272038856511,17
45,15,11,0.9951960848358288,17
46,15,11,0.9908555166300498,17
47,15,11,0.995088350490565,17
48,15,11,0.9963307525926004,17
49,15,11,0.9930338830023386,17
50,15,11,0.9968063588644656,17
51,15,11,0.9942158652109916,17
52,15,11,0.9932320373878242,17
53,15,11,0.9948122189739464,17
54,15,11,0.9941695931576316,17
55,15,11,0.9948289549573626,17
56,15,11,0.9966048749615934,17
57,15,11,0.992079123877927,17
58,15,11,0.9954522932719948,17
59,15,11,0.9935613881347986,17
60,15,11,0.992696574241558,17
61,15,11,0.9922924986019522,17
62,15,11,0.9930069725639448,17
63,15,11,0.9936109406686692,17
64,15,11,0.9933994193492572,17
65,15,11,0.9936760041626974,17
66,15,11,0.9904708593479644,17
67,15,11,0.9935626229178312,17
68,15,11,0.9935013154974728,17
69,15,11,0.9970247775137914,17
70,15,11,0.9922975441625832,17
71,15,11,0.9945300713426451,17
72,15,11,0.9946217355766936,17
73,15,11,0.9912237101082406,17
74,15,11,0.9956219050807164,17
75,15,11,0.9932518113942976,17
76,15,11,0.993429274994042,17
77,15,11,0.9948979651330688,17
78,15,11,0.9937051325477526,17
79,15,11,0.9907537139698162,17
80,15,11,0.9925391229193268,17
81,15,11,0.9944947258086724,17
82,15,11,0.9961973249479714,17
83,15,11,0.994477179827042,17
84,15,11,0.9932413030944408,17
85,15,11,0.9925183438174828,17
86,15,11,0.9949722350103306,17
87,15,11,0.9928099838693716,17
88,15,11,0.9956889498748668,17
89,15,11,0.9948720534630184,17
90,15,11,0.993373303628213,17
91,15,11,0.9942206814684318,17
92,15,11,0.992009569286178,17
93,15,11,0.9954646253325476,17
94,15,11,0.9943163888008892,17
95,15,11,0.9931272120111598,17
96,15,11,0.992906281404034,17
97,15,11,0.993765154339021,17
98,15,11,0.9951901621110416,17
99,15,11,0.9948719274390536,17
0,15,12,0.9964983836219948,17
1,15,12,0.9956457742295106,17
2,15,12,0.99448968399332,17
3,15,12,0.9931718376234224,17
4,15,12,0.9956355389594936,17
5,15,12,0.9959788769990684,17
6,15,12,0.9933300995193096,17
7,15,12,0.9949419685701222,17
8,15,12,0.995026476232656,17
9,15,12,0.9957158210903794,17
10,15,12,0.9957344177961456,17
11,15,12,0.993417572844584,17
12,15,12,0.9957960772226292,17
13,15,12,0.9944438413369489,17
14,15,12,0.994716913492926,17
15,15,12,0.9939189129770302,17
16,15,12,0.9956854589972676,17
17,15,12,0.995313197655962,17
18,15,12,0.9925576108902652,17
19,15,12,0.994031514081805,17
20,15,12,0.9940243720676932,17
21,15,12,0.9929757392276256,17
22,15,12,0.9938804144854438,17
23,15,12,0.994705114335879,17
24,15,12,0.9939398609146808,17
25,15,12,0.9956618689355728,17
26,15,12,0.9945427965137064,17
27,15,12,0.9938570940720683,17
28,15,12,0.9950406414888632,17
29,15,12,0.9939208593021808,17
30,15,12,0.9957926380074142,17
31,15,12,0.993542256698108,17
32,15,12,0.9948110784658036,17
33,15,12,0.99710235552322,17
34,15,12,0.9971295551941716,17
35,15,12,0.993719993804642,17
36,15,12,0.9944600876800184,17
37,15,12,0.9947006044639988,17
38,15,12,0.993626840960585,17
39,15,12,0.9965857348780937,17
40,15,12,0.9938797461859612,17
41,15,12,0.9956186108208904,17
42,15,12,0.994252575424823,17
43,15,12,0.994104673582988,17
44,15,12,0.9938334317476664,17
45,15,12,0.9925588452168724,17
46,15,12,0.995434956386235,17
47,15,12,0.993905384359524,17
48,15,12,0.9927650604810638,17
49,15,12,0.9940028473935552,17
50,15,12,0.995323839110643,17
51,15,12,0.9952051134918248,17
52,15,12,0.9972565873740744,17
53,15,12,0.9945569526251148,17
54,15,12,0.9942924240325602,17
55,15,12,0.995077173429678,17
56,15,12,0.993647785024513,17
57,15,12,0.9929672786890406,17
58,15,12,0.9939210025161656,17
59,15,12,0.9940527993570856,17
60,15,12,0.9923335155632002,17
61,15,12,0.9919057691464478,17
62,15,12,0.9931461638949644,17
63,15,12,0.9948999306399636,17
64,15,12,0.9968316458520476,17
65,15,12,0.9931067290822384,17
66,15,12,0.9940921377938494,17
67,15,12,0.9931472867297272,17
68,15,12,0.9933302901410748,17
69,15,12,0.9964325424452676,17
70,15,12,0.9943412029073802,17
71,15,12,0.9961818153612048,17
72,15,12,0.9934052557573592,17
73,15,12,0.9954256395720296,17
74,15,12,0.9956031090360772,17
75,15,12,0.9940289005083716,17
76,15,12,0.9941205481607972,17
77,15,12,0.9962110070320724,17
78,15,12,0.9960576304663238,17
79,15,12,0.99282251131667,17
80,15,12,0.996887745686647,17
81,15,12,0.9942491016166491,17
82,15,12,0.992903234520173,17
83,15,12,0.993451352006857,17
84,15,12,0.9919697929957408,17
85,15,12,0.99532939453991,17
86,15,12,0.99252364757144,17
87,15,12,0.9932823652250512,17
88,15,12,0.995376835022694,17
89,15,12,0.9951127096017284,17
90,15,12,0.9952347205793658,17
91,15,12,0.993189260402528,17
92,15,12,0.9943099785282332,17
93,15,12,0.9948049340826683,17
94,15,12,0.9937110476318076,17
95,15,12,0.9953543307815672,17
96,15,12,0.9941345397838376,17
97,15,12,0.9942317953840044,17
98,15,12,0.9935128310785956,17
99,15,12,0.994870534990962,17
0,15,13,0.9940445623234624,17
1,15,13,0.9947335973903836,17
2,15,13,0.994358400831732,17
3,15,13,0.995224592878048,17
4,15,13,0.9947661851879004,17
5,15,13,0.994367646695782,17
6,15,13,0.9953213122564816,17
7,15,13,0.9956536104640398,17
8,15,13,0.995525158506794,17
9,15,13,0.9957940506150024,17
10,15,13,0.995123319529552,17
11,15,13,0.9960859312186752,17
12,15,13,0.9959450090160394,17
13,15,13,0.9956011036333936,17
14,15,13,0.9947054040597578,17
15,15,13,0.9957216251070168,17
16,15,13,0.9950368367078214,17
17,15,13,0.9938305047353062,17
18,15,13,0.9947378743058508,17
19,15,13,0.9945690692688004,17
20,15,13,0.9963906951832048,17
21,15,13,0.9952222436435416,17
22,15,13,0.9957884470987362,17
23,15,13,0.9950170767461278,17
24,15,13,0.9946674172684564,17
25,15,13,0.9953030759554624,17
26,15,13,0.993067406205458,17
27,15,13,0.9959438246576006,17
28,15,13,0.9933168421334816,17
29,15,13,0.9947807196878596,17
30,15,13,0.9956630063042125,17
31,15,13,0.9938753201241176,17
32,15,13,0.9964530601883628,17
33,15,13,0.9945395754868508,17
34,15,13,0.9940378665388946,17
35,15,13,0.9941746097145506,17
36,15,13,0.9946162116106718,17
37,15,13,0.9952976940803536,17
38,15,13,0.99437791950274,17
39,15,13,0.995896016511876,17
40,15,13,0.995427117437319,17
41,15,13,0.9943902115378214,17
42,15,13,0.9958450728471712,17
43,15,13,0.9944423991100522,17
44,15,13,0.995436940946646,17
45,15,13,0.9953381844315552,17
46,15,13,0.9950853200605024,17
47,15,13,0.9947052397467404,17
48,15,13,0.9956829605207774,17
49,15,13,0.9956203266693612,17
50,15,13,0.9950367477831078,17
51,15,13,0.9944906761680024,17
52,15,13,0.9949630450058888,17
53,15,13,0.9952200561791696,17
54,15,13,0.9961798553594676,17
55,15,13,0.9928617742784208,17
56,15,13,0.995724350366328,17
57,15,13,0.9950698313276454,17
58,15,13,0.9950061877964068,17
59,15,13,0.9948612887563808,17
60,15,13,0.9955629628856826,17
61,15,13,0.9945597120965384,17
62,15,13,0.9962548265479816,17
63,15,13,0.994307242761368,17
64,15,13,0.994506632159365,17
65,15,13,0.9941958420895178,17
66,15,13,0.9960957392034312,17
67,15,13,0.9939546389942088,17
68,15,13,0.9966619189242504,17
69,15,13,0.9939196506526924,17
70,15,13,0.9938683116741428,17
71,15,13,0.994853326640243,17
72,15,13,0.9947440227496694,17
73,15,13,0.99587238708199,17
74,15,13,0.994075908004418,17
75,15,13,0.993518496444091,17
76,15,13,0.995377262138509,17
77,15,13,0.99506823569105,17
78,15,13,0.9940673806228084,17
79,15,13,0.9940752090552536,17
80,15,13,0.99522965644519,17
81,15,13,0.9935293732850312,17
82,15,13,0.9960886340463838,17
83,15,13,0.9934923826666407,17
84,15,13,0.9954152290559573,17
85,15,13,0.9961177084977064,17
86,15,13,0.9932590544555716,17
87,15,13,0.995714290910202,17
88,15,13,0.9949285929342724,17
89,15,13,0.993248770442256,17
90,15,13,0.9932826425291732,17
91,15,13,0.9938844241627872,17
92,15,13,0.9949027161642298,17
93,15,13,0.9933856037519408,17
94,15,13,0.994095978424978,17
95,15,13,0.995224061433027,17
96,15,13,0.9947034006809397,17
97,15,13,0.9956793943012128,17
98,15,13,0.9956933786499712,17
99,15,13,0.9936354069669489,17
0,15,14,0.9953350112813044,17
1,15,14,0.9950449594097572,17
2,15,14,0.9951891594800332,17
3,15,14,0.9943388565127952,17
4,15,14,0.9952339224241707,17
5,15,14,0.9958362709382784,17
6,15,14,0.994639791422978,17
7,15,14,0.994487318334652,17
8,15,14,0.9953676511384854,17
9,15,14,0.9944716563800552,17
10,15,14,0.9950603211532336,17
11,15,14,0.9950977357293552,17
12,15,14,0.9955888287570642,17
13,15,14,0.995812696879206,17
14,15,14,0.9953422182665072,17
15,15,14,0.9949998828417952,17
16,15,14,0.9944748429256004,17
17,15,14,0.9960646273012208,17
18,15,14,0.995408180116186,17
19,15,14,0.99453145345586,17
20,15,14,0.9947928078918132,17
21,15,14,0.9953576541004552,17
22,15,14,0.9953996431403008,17
23,15,14,0.9951901430894778,17
24,15,14,0.994529619349175,17
25,15,14,0.995078865266146,17
26,15,14,0.993935995222077,17
27,15,14,0.995311792771717,17
28,15,14,0.9949751174351054,17
29,15,14,0.9953056582027876,17
30,15,14,0.9952518748419126,17
31,15,14,0.99501365813951,17
32,15,14,0.994863245338875,17
33,15,14,0.9955620311520949,17
34,15,14,0.9955441187331112,17
35,15,14,0.9959732508583038,17
36,15,14,0.994591323413598,17
37,15,14,0.995620397908221,17
38,15,14,0.9952322307353568,17
39,15,14,0.9956617270726416,17
40,15,14,0.9950522521038816,17
41,15,14,0.9947835688778096,17
42,15,14,0.9953746419467476,17
43,15,14,0.9958443150838816,17
44,15,14,0.9947835069002664,17
45,15,14,0.9950740367705434,17
46,15,14,0.9952371894788112,17
47,15,14,0.995509962018682,17
48,15,14,0.9942431193791632,17
49,15,14,0.9961734589686346,17
50,15,14,0.9955558811445724,17
51,15,14,0.9952694969986202,17
52,15,14,0.9954030963788496,17
53,15,14,0.9948819267460212,17
54,15,14,0.9952550579429836,17
55,15,14,0.9952450304284924,17
56,15,14,0.9961170867560182,17
57,15,14,0.9944895887179788,17
58,15,14,0.9947805053685272,17
59,15,14,0.99461623982736,17
60,15,14,0.9952777858674392,17
61,15,14,0.994455926862383,17
62,15,14,0.99456646265561,17
63,15,14,0.9947355708592884,17
64,15,14,0.995756475686415,17
65,15,14,0.996280486806428,17
66,15,14,0.9952908164205876,17
67,15,14,0.9956870141422032,17
68,15,14,0.99553968843761,17
69,15,14,0.9955905243758734,17
70,15,14,0.9952196780908252,17
71,15,14,0.9948151914147444,17
72,15,14,0.9951399001189892,17
73,15,14,0.995457016282396,17
74,15,14,0.9943437123636086,17
75,15,14,0.9950366729503596,17
76,15,14,0.9951738080986152,17
77,15,14,0.9946035054703938,17
78,15,14,0.9952439268879286,17
79,15,14,0.9952239228288192,17
80,15,14,0.9947423520755064,17
81,15,14,0.9958025231250588,17
82,15,14,0.9950200115130844,17
83,15,14,0.9953936252073114,17
84,15,14,0.9944771566269348,17
85,15,14,0.9945290513317682,17
86,15,14,0.9950210354794066,17
87,15,14,0.9958173990627568,17
88,15,14,0.994422395822359,17
89,15,14,0.9954885506071534,17
90,15,14,0.9950435419121396,17
91,15,14,0.9952825923821578,17
92,15,14,0.9954788558744884,17
93,15,14,0.995646216531635,17
94,15,14,0.99518552663481,17
95,15,14,0.995417271184012,17
96,15,14,0.9947347689035576,17
97,15,14,0.9947874675554408,17
98,15,14,0.995699793402269,17
99,15,14,0.9946355207825802,17
0,15,15,0.9954125626010076,17
1,15,15,0.9954125626010076,17
2,15,15,0.9954125626010076,17
3,15,15,0.9954125626010076,17
4,15,15,0.9954125626010076,17
5,15,15,0.9954125626010076,17
6,15,15,0.9954125626010076,17
7,15,15,0.9954125626010076,17
8,15,15,0.9954125626010076,17
9,15,15,0.9954125626010076,17
10,15,15,0.9954125626010076,17
11,15,15,0.9954125626010076,17
12,15,15,0.9954125626010076,17
13,15,15,0.9954125626010076,17
14,15,15,0.9954125626010076,17
15,15,15,0.9954125626010076,17
16,15,15,0.9954125626010076,17
17,15,15,0.9954125626010076,17
18,15,15,0.9954125626010076,17
19,15,15,0.9954125626010076,17
20,15,15,0.9954125626010076,17
21,15,15,0.9954125626010076,17
22,15,15,0.9954125626010076,17
23,15,15,0.9954125626010076,17
24,15,15,0.9954125626010076,17
25,15,15,0.9954125626010076,17
26,15,15,0.9954125626010076,17
27,15,15,0.9954125626010076,17
28,15,15,0.9954125626010076,17
29,15,15,0.9954125626010076,17
30,15,15,0.9954125626010076,17
31,15,15,0.9954125626010076,17
32,15,15,0.9954125626010076,17
33,15,15,0.9954125626010076,17
34,15,15,0.9954125626010076,17
35,15,15,0.9954125626010076,17
36,15,15,0.9954125626010076,17
37,15,15,0.9954125626010076,17
38,15,15,0.9954125626010076,17
39,15,15,0.9954125626010076,17
40,15,15,0.9954125626010076,17
41,15,15,0.9954125626010076,17
42,15,15,0.9954125626010076,17
43,15,15,0.9954125626010076,17
44,15,15,0.9954125626010076,17
45,15,15,0.9954125626010076,17
46,15,15,0.9954125626010076,17
47,15,15,0.9954125626010076,17
48,15,15,0.9954125626010076,17
49,15,15,0.9954125626010076,17
50,15,15,0.9954125626010076,17
51,15,15,0.9954125626010076,17
52,15,15,0.9954125626010076,17
53,15,15,0.9954125626010076,17
54,15,15,0.9954125626010076,17
55,15,15,0.9954125626010076,17
56,15,15,0.9954125626010076,17
57,15,15,0.9954125626010076,17
58,15,15,0.9954125626010076,17
59,15,15,0.9954125626010076,17
60,15,15,0.9954125626010076,17
61,15,15,0.9954125626010076,17
62,15,15,0.9954125626010076,17
63,15,15,0.9954125626010076,17
64,15,15,0.9954125626010076,17
65,15,15,0.9954125626010076,17
66,15,15,0.9954125626010076,17
67,15,15,0.9954125626010076,17
68,15,15,0.9954125626010076,17
69,15,15,0.9954125626010076,17
70,15,15,0.9954125626010076,17
71,15,15,0.9954125626010076,17
72,15,15,0.9954125626010076,17
73,15,15,0.9954125626010076,17
74,15,15,0.9954125626010076,17
75,15,15,0.9954125626010076,17
76,15,15,0.9954125626010076,17
77,15,15,0.9954125626010076,17
78,15,15,0.9954125626010076,17
79,15,15,0.9954125626010076,17
80,15,15,0.9954125626010076,17
81,15,15,0.9954125626010076,17
82,15,15,0.9954125626010076,17
83,15,15,0.9954125626010076,17
84,15,15,0.9954125626010076,17
85,15,15,0.9954125626010076,17
86,15,15,0.9954125626010076,17
87,15,15,0.9954125626010076,17
88,15,15,0.9954125626010076,17
89,15,15,0.9954125626010076,17
90,15,15,0.9954125626010076,17
91,15,15,0.9954125626010076,17
92,15,15,0.9954125626010076,17
93,15,15,0.9954125626010076,17
94,15,15,0.9954125626010076,17
95,15,15,0.9954125626010076,17
96,15,15,0.9954125626010076,17
97,15,15,0.9954125626010076,17
98,15,15,0.9954125626010076,17
99,15,15,0.9954125626010076,17
