	seq	GC_content
0	NNACACGTACGGTANNACATCCGAGCTANN	0.5
1	NNCAGAGTGGTACANNACTCCAATCCTGNN	0.5
2	NNCTTGAGTGCCATNNAGTACGTTCTCGNN	0.5
3	NNGTGACACGTAACNNTACTAGCGAAGCNN	0.5
4	NNACACTCCTGCATNNACGTCGCAAGATNN	0.5
5	NNCAGAAGCTTGTGNNTACACCGAGTGANN	0.5
6	NNAGTCACTAGGTGNNCTATTCGACCACNN	0.5
7	NNATCACTGTGACGNNGTGGATAGTTCGNN	0.5
8	NNTAAGGAGAACGCNNACACCTCTCAAGNN	0.5
9	NNTGAACGGACACANNCTTGTGTAGTGCNN	0.5
10	NNCACGTAGATGCANNCGCTACTCAACANN	0.5
11	NNGCGAAGTCTAGTNNTGATACGGACTCNN	0.5
12	NNGCTAGAACTCGTNNCTGTCTTAGTGCNN	0.5
13	NNATCGCATAAGGCNNCACGCGATTAACNN	0.5
14	NNCGGAATGCAATCNNACTCATCTGGCANN	0.5
15	NNCAGTAGCAGTAGNNCGTTCTACTCGTNN	0.5
16	NNAGAGGCTGTTGTNNCATCTACCTGCTNN	0.5
17	NNCAAGCCTTAACGNNCGATAGTGACCANN	0.5
18	NNAGGAATGCCTTCNNATTGCGGTAGTGNN	0.5
19	NNCGGTAATTCGTCNNTAAGCTCACTCGNN	0.5
20	NNAGACTAGTCACGNNACGTGCATTGTCNN	0.5
21	NNTGCCTAGAAGAGNNTGTGAATACGCGNN	0.5
22	NNGTCATTGGTCGTNNGTACAGCTCCATNN	0.5
23	NNAGCCAGATTGACNNGCGTTCTTGTGANN	0.5
24	NNTGTCCTAACCAGNNGCGATACTCTTCNN	0.5
25	NNTGGTGACGGAATNNAGGTGTCAAGAGNN	0.5
26	NNGCCATATGCTTCNNACACTTCCGGATNN	0.5
27	NNGTAATCGCAGAGNNCGCTGTGTTCATNN	0.5
28	NNATTGCACGAGCANNCATTGGTCTTCGNN	0.5
29	NNACCAACTCCTAGNNGTTAGCGGTTACNN	0.5
30	NNTACAGTCTGTGCNNGTGATGTCACGTNN	0.5
31	NNCTTGGATCGAACNNAGTGTGTCCATGNN	0.5
32	NNATAGCGTCGAACNNCGGATCACGATANN	0.5
33	NNGCGATAACCACTNNGCAACCGTCTATNN	0.5
34	NNATGCGACTAGCTNNAGGAAGAACACGNN	0.5
35	NNGCATTCGGTTACNNCTGTGTGCCATANN	0.5
36	NNGTTCCAGTGAACNNAGTCAGCAGATCNN	0.5
37	NNGCGATGTAAGACNNTGAATATCGCCGNN	0.5
38	NNCGATAGAACCTCNNCATGAGCCAACANN	0.5
39	NNGTCTACGCACATNNATGTCCATCCAGNN	0.5
40	NNCTACGTAACACGNNGCATCAACACCTNN	0.5
41	NNGTTCGCTCTTCTNNATCAACGACGTCNN	0.5
42	NNCACTTCGTGAACNNCGACAACATGAGNN	0.5
43	NNATCCGTACGACTNNCTACGATGCAAGNN	0.5
44	NNCGTCAACACAAGNNACAGATTCGACGNN	0.5
45	NNCGCAGATGTGATNNGTGACTGAGCTANN	0.5
46	NNGTGTGTCTCTCTNNGTGGTGCTCTATNN	0.5
47	NNTGTACGATCGCTNNTGCGGAAGAATCNN	0.5
48	NNCAGCTCTATAGCNNGTTACGGAACCANN	0.5
49	NNATACCTGAGGCTNNCATTCTACGACGNN	0.5
50	NNTGGCTGAGTTAGNNACCTCATGGATCNN	0.5
51	NNTAGTTCAGCCTGNNACGTGCTAAGAGNN	0.5
52	NNACTTGTTGCACGNNGTATCTTGCGTCNN	0.5
53	NNGTGCGAGTTATCNNGTCCAATTGCTCNN	0.5
54	NNTAGCGTCATGTGNNACACTCGTGATCNN	0.5
55	NNTGTTACACGGTGNNGTAGGTCATCAGNN	0.5
56	NNATAGCAAGGCACNNAGCTGTACGTACNN	0.5
57	NNGTCTGGAGTACTNNATGCATCAGCTCNN	0.5
58	NNCGTAAGAGAGCTNNCGACGATACACANN	0.5
59	NNTGTTCAGGCAGTNNTGCGCATTCTAGNN	0.5
60	NNCACACGTCAACANNTGTCACTGCAGTNN	0.5
61	NNGTAATGACGGAGNNGTCACATCTGTGNN	0.5
62	NNTGCTGCACTTGTNNTAACATGCGGTGNN	0.5
63	NNGTGCCTCATTCANNTGTAGAGTTCGCNN	0.5
64	NNATGCAACACGTCNNGTACTCACATGCNN	0.5
65	NNGCTGAGTGATTCNNACAACATGGCACNN	0.5
66	NNACTCTCTGCGTANNCGTAGACTTCTCNN	0.5
67	NNTACCTCTGTCGTNNGTAAGTTCTCCGNN	0.5
68	NNTGACTTATCGCGNNCACCTAACTTGCNN	0.5
69	NNACATCGATGGACNNGCTATCTGACCANN	0.5
70	NNAGGTGTTGGACANNCGTCCTATGTACNN	0.5
71	NNACCTTGTACCTCNNCATCAATCCGGANN	0.5
72	NNGTTGTTGTGGACNNCTATGGTGCAACNN	0.5
73	NNAGCTCTAGTAGCNNACTCTTGACCTGNN	0.5
74	NNCATCGCTGTTGTNNGTCTGCGTTCATNN	0.5
75	NNACGTGAGCATACNNACAGAGCCAATCNN	0.5
76	NNTATCAAGCCGAGNNTAGGAGCCTCTANN	0.5
77	NNCACAACGTTGCANNGTGTGGCTTACANN	0.5
78	NNTAATTGCGACGCNNGTAGCCTGTTGANN	0.5
79	NNAGCCAGTCTTGTNNCACCTGAACATCNN	0.5
80	NNAGGAAGATCGAGNNCAGGCCTTATAGNN	0.5
81	NNGCAATAGCTGTCNNACAGGTCGCTATNN	0.5
82	NNCTGGTTCTCAGANNACTATCTACCGCNN	0.5
83	NNACTTACGACAGCNNGTGGTATCACAGNN	0.5
84	NNGCGTTAACCTACNNAGGTAGTATCGCNN	0.5
85	NNGTACCTCCTAGANNCTATGGTGACCTNN	0.5
86	NNCGGCTACTATACNNTGTGCTGGCTATNN	0.5
87	NNTGTGACGTTGCTNNCGTACAGATACGNN	0.5
88	NNATCGTCACCACTNNATGAGGCAGTGANN	0.5
89	NNCGTGTCTTCGTANNTGAGCCGATTAGNN	0.5
90	NNATAGTAGCCTCGNNTGTTGGTGCTGTNN	0.5
91	NNCTACCAACTGTCNNGTTCTCTTGCGTNN	0.5
92	NNCAATGGATGGCANNAGGTTATCGCTCNN	0.5
93	NNGCGTTGATACAGNNAGCTCGAAGCATNN	0.5
94	NNAGTACTCGGACANNTACGACGAGGATNN	0.5
95	NNCTAATAGCAGCGNNCTTAAGCGCACTNN	0.5
96	NNACATGCTGTACGNNTAGATGGCACACNN	0.5
97	NNAGTCGTAAGTCGNNCTGTATCTCACGNN	0.5
98	NNTGGCTTCTAGACNNACTTCGTACGTGNN	0.5
99	NNACGAGACAACTCNNGCTGTCAGTGATNN	0.5
100	NNTAACGAGGTCACNNCGTAGTCCTGTANN	0.5
101	NNTGTTCAGAACGCNNTGAGGCTTGTGTNN	0.5
102	NNAGAGCTTGGTTGNNCTAGTGTCTCGTNN	0.5
103	NNCTGGTTACCTCANNACAGTAGCTGCTNN	0.5
104	NNTGAATGGCTCTGNNAGGATGCCTAGANN	0.5
105	NNATTAGCGACTGCNNAGTTCCGAATGCNN	0.5
106	NNTAGGCCACTTAGNNATCGTTGCAGCANN	0.5
107	NNTACAACAGTCGCNNCGCCTCAATGTANN	0.5
108	NNTAGTCCGAAGGANNATCGTCCAGGTANN	0.5
109	NNTAGGATGTCGAGNNCACATGTCTTCGNN	0.5
110	NNCTTATTGGCCGTNNACTCGCACATCTNN	0.5
111	NNGCATCGCTAACTNNCGATATCATGCGNN	0.5
112	NNACGATCACACGANNGCTAACCTTGACNN	0.5
113	NNATTGTAGCTCGCNNACTCCATCGTAGNN	0.5
114	NNGTCAGTCTGCTANNCGAAGGCTATTGNN	0.5
115	NNCGTGAGGTAATGNNACTAAGCTCTCGNN	0.5
116	NNGCAACAAGGTAGNNATGCGAAGGCATNN	0.5
117	NNCTATGTCCTCAGNNTGTCTATCGCTCNN	0.5
118	NNATTCTGCGCTCANNCTAATTGCTGGCNN	0.5
119	NNTGGCAGAACTTGNNCAATCACTCGCTNN	0.5
120	NNGTAGGCGTTGATNNCTTGTGGTAGTCNN	0.5
121	NNTGGAAGAAGCAGNNCTTCACAAGGTGNN	0.5
122	NNCTAGGAGACACTNNGTGCTCATCAGTNN	0.5
123	NNGTGTCAACTACGNNTACCTCGTGGATNN	0.5
124	NNGCTGGTACATTGNNATCTTGTCTGGCNN	0.5
125	NNACGTCCTAGAACNNCGACCATCTCTANN	0.5
126	NNACGAATCGGCATNNGTTCTCCGATTGNN	0.5
127	NNGCCGTATGCTATNNGTGCAGCAATGANN	0.5
128	NNCAGCGCTTAAGANNCGAGCGGTATATNN	0.5
129	NNTACGATGACCGANNCAGCTGTCAAGANN	0.5
130	NNGTTCGTATCGGANNCTTACGACCTTCNN	0.5
131	NNGCAGTCACGATANNTAGGAGTCAGCANN	0.5
132	NNCGAATACTCACGNNGTAGGCTCAGTANN	0.5
133	NNCTACGACAGAGTNNTATCGAGGACAGNN	0.5
134	NNCAGTCTAGGAACNNAGAGGACACTGANN	0.5
135	NNACGTCTACCATCNNACAGTACGGATGNN	0.5
136	NNGCTCAAGTGTCTNNACGAATCGCCTANN	0.5
137	NNATGTACGATCCGNNGCCTGATCAAGTNN	0.5
138	NNACAAGACGAACGNNGTGTAGCCTTAGNN	0.5
139	NNAGCCAGATAGCTNNCGTATACTCGCTNN	0.5
140	NNAGTCGTTCCTACNNGCTAGAATGCAGNN	0.5
141	NNCACGACATGCATNNCACATCTGGAAGNN	0.5
142	NNATCGGTTAGTGCNNCGTCGAGCTTATNN	0.5
143	NNTGTGTAGCTTCGNNACACAGGAGACTNN	0.5
144	NNGTCCGAATCCATNNACTAGTGGCTGTNN	0.5
145	NNGTATTGGCCTGANNGCCTGAAGCTATNN	0.5
146	NNCTAGACAAGCACNNTACTCATCGCCTNN	0.5
147	NNTACTAGCCTGCTNNTAGACCACACGTNN	0.5
148	NNCAAGTTACCTCGNNTACGAGACAGTCNN	0.5
149	NNCATCGCGTTACANNGTCTACTAGCAGNN	0.5
150	NNCGCTCAGTAGTANNACCTCTGGAGATNN	0.5
151	NNTAAGGTTCCGCANNTACCTCTCGCTANN	0.5
152	NNGTGTGATCCACANNCAGCCTTACTTCNN	0.5
153	NNACGGAGACGTATNNGTCGCGCATAATNN	0.5
154	NNACACTTAGTGCGNNCGCGCAACTAATNN	0.5
155	NNAGCTGCTAGTACNNAGTGATTGGAGCNN	0.5
156	NNAGTTAGTGGCACNNGTTCGAGCTCATNN	0.5
157	NNCGAACTCGTTCANNTGATGGCTGATGNN	0.5
158	NNGCAGTACTAAGCNNCACGAATACGTCNN	0.5
159	NNGTCGCACATTAGNNAGTTCAGCCATCNN	0.5
160	NNGTCAAGCTACACNNAGCGCAGTATTCNN	0.5
161	NNCTTCCTGTCCTANNATGACGGAACAGNN	0.5
162	NNGTGATACGTGAGNNTGATATCCGCGANN	0.5
163	NNCATTACAGCCTGNNCGTGGTTAGTTGNN	0.5
164	NNATCGGTGTGTGANNGTTGCTCGATACNN	0.5
165	NNTAAGCATGCTCGNNTAGCACTGCTACNN	0.5
166	NNACTCCTACTGCANNCATGAGGATGTCNN	0.5
167	NNGCTGACTCGATANNTGTGAGGCCTATNN	0.5
168	NNTGGTGCCTTAACNNAGATACACTCCGNN	0.5
169	NNGCGGATATGAACNNGCGATCACCTATNN	0.5
170	NNTACGGAGAGAGTNNACCGGCAAGATANN	0.5
171	NNAGATCAGACGCANNTGTAATGCAGCGNN	0.5
172	NNTGCTTAGAGCGTNNTGCAGGATTAGCNN	0.5
173	NNCAGCCAACTTCANNACTCATTGGTCGNN	0.5
174	NNCGTTCATCTCCANNACAAGAGGACACNN	0.5
175	NNCGTTCAACTTGCNNCGTTGAGTAGCANN	0.5
176	NNCAGTTCGGATGTNNCGGATCACATTGNN	0.5
177	NNACGTTCGTCGATNNTGCCTATCACCTNN	0.5
178	NNTACGAACAGCTGNNCTAGCTAGTGCANN	0.5
179	NNATACGGCCATGTNNGCATAGGTTCCANN	0.5
180	NNGCCGATGTTGATNNGTCGATGCAACTNN	0.5
181	NNTGCAAGTTGCACNNGCATCTCACTGTNN	0.5
182	NNTGGCAAGCAACANNGTTCTTGCACACNN	0.5
183	NNGTTAGAGCGACTNNTACTGGAAGCTCNN	0.5
184	NNAGTGTGGAACAGNNCGGAGAATACCANN	0.5
185	NNGCTATCACGATCNNAGAGACGACACANN	0.5
186	NNACGTTCACACACNNCATATCGCTCGANN	0.5
187	NNCGATGACATCTCNNTGTAACCGTGACNN	0.5
188	NNTGAGGAGTAGCTNNGTATCAGGTCGANN	0.5
189	NNAGGCTGAATGGANNCGCAGTGTATTCNN	0.5
190	NNAGTTGGCAATCGNNGTTCGCACTGTANN	0.5
191	NNAGACTATGGCACNNAGACTCGTGTAGNN	0.5
192	NNTGGTATGACGTGNNGCCTCATGATCANN	0.5
193	NNCGCACTGCAATANNGTGCGTTATCTGNN	0.5
194	NNGTGTCAGAACCTNNCGTACTTGAGTCNN	0.5
195	NNAGGAGGTCCTTANNAGGTAAGTCCACNN	0.5
196	NNACGTTGTAGCACNNGTGACATGTGGANN	0.5
197	NNTGACGTGCAACTNNTGTGGAGAAGAGNN	0.5
198	NNCTAGGTAGGTGANNCAAGACACGAGTNN	0.5
199	NNAGGTTCGCAAGTNNTAGTCCGCTTACNN	0.5
200	NNACTCAGCCAGTANNCGTACAATAGGCNN	0.5
201	NNCTTCTCTCCATGNNCTAATGCCACTGNN	0.5
202	NNCGTTGGTTGACTNNCAGTCTGCAGATNN	0.5
203	NNACGAACTAGCTCNNTGGCTCATTGACNN	0.5
204	NNTGCTTCGTACGANNGTGTTGTGAGTCNN	0.5
205	NNTGCTGAAGGAACNNGTCTGAGTCTTGNN	0.5
206	NNCGTTAGCTCACTNNATCAACCTCGACNN	0.5
207	NNGTGGCTTCTAACNNCACGGAACACATNN	0.5
208	NNATGGAGGAAGACNNGTTGGTCTTGACNN	0.5
209	NNAGTCGCGAGATANNCGAGGTCTATGANN	0.5
210	NNTGGACCTCTACANNTAGGTCTACCTGNN	0.5
211	NNGCCTTACAAGAGNNGTTCACGAGATCNN	0.5
212	NNACGATCGTGACTNNAGAATCGAGCACNN	0.5
213	NNGTCTGAACACAGNNATCATGGCCTCTNN	0.5
214	NNCGCCATTACTTGNNCTAAGAGGCCATNN	0.5
215	NNTGCTAACCTCGANNGTCAAGGATCGANN	0.5
216	NNACACTGTCCAGTNNGCTACGAATGCTNN	0.5
217	NNGCGGATCTATAGNNTACGTCGGTACTNN	0.5
218	NNACCTAACGCAGANNATCTCATGGTCGNN	0.5
219	NNCGTCATGTCTTCNNTAGAGGACCTGTNN	0.5
220	NNTGCCGATCTAACNNCAGTACTCACACNN	0.5
221	NNAGTGCTCTGTCTNNCATGCCTTCTCTNN	0.5
222	NNTGTTGTCCAAGCNNAGGATATGCCACNN	0.5
223	NNTACACACGTGAGNNAGTTCGCTTCTGNN	0.5
224	NNCATTGCGGTATCNNGTCTGGAGAGTANN	0.5
225	NNTATCGTTGCCTCNNAGCTTGGTTGCANN	0.5
226	NNACCGTAGAGGTANNCGGTGCAATATCNN	0.5
227	NNATCTTGCCTCTCNNGCTTCATGTGAGNN	0.5
228	NNTGTGGTGTTGTGNNATATGCTCGCGTNN	0.5
229	NNTACTCCAGACTCNNTGCACGAATGACNN	0.5
230	NNTGGAGACAGACANNGTTCTTGTCTGCNN	0.5
231	NNGTTCGCGTGTTANNCAGGTAGATAGCNN	0.5
232	NNGTAGTACCTCCANNTGCTAGTGGACANN	0.5
233	NNGTCAAGGTCACTNNATTCCAGTGCAGNN	0.5
234	NNACTTGGAACAGCNNACGTAATGCGTCNN	0.5
235	NNACTCGGTTCTCTNNGCACTAATGACGNN	0.5
236	NNCAACGTCGAATCNNCAAGCATCCAGTNN	0.5
237	NNCAACTAGCGATCNNCTACACTGCTTCNN	0.5
238	NNACTCTATCCGCTNNATGAGTAAGGCGNN	0.5
239	NNTAACTCCACCAGNNACCAATGCTCTCNN	0.5
240	NNATGACCTGACACNNTACTTACGGTGCNN	0.5
241	NNACTAGGTGACCANNAGCCAGTATAGCNN	0.5
242	NNCGCCTTGAATTGNNACGGAGTAGGATNN	0.5
243	NNCGATAGACGAACNNCAAGATAGGCTCNN	0.5
244	NNACCTTCGTACTGNNTGATGAATCGGCNN	0.5
245	NNCGAACAGCTAGTNNACCGTATCTCACNN	0.5
246	NNACGGCCATATCTNNACACGATCCATCNN	0.5
247	NNCAACGATCGTCTNNGTTACGATGGTGNN	0.5
248	NNTGGTGATCCATGNNCATCGCAGTGTANN	0.5
249	NNTGACCGATCTAGNNGCCATAGTGATGNN	0.5
250	NNCTATCCACTCTCNNTGCGATAGGACTNN	0.5
251	NNCTGATGGAGTACNNACTAGTGACGTCNN	0.5
252	NNTATTCAAGCGCGNNGCTACTACCGATNN	0.5
253	NNCTTAAGCTCGGANNGTACGACTGTGTNN	0.5
254	NNCACGCTTAACTCNNCACTTCGGTGTANN	0.5
255	NNCGCTTGAAGATCNNACTATTGCGGCTNN	0.5
256	NNGCCAGTACTAACNNTAGCATCGACTGNN	0.5
257	NNAGATATGACGCGNNCATGAGCCATGTNN	0.5
258	NNCTGTGCACTTACNNCTTCTGGCTGTANN	0.5
259	NNCAATTGCTCGCANNCGAATCCATGTCNN	0.5
260	NNTATCGGTCCATCNNCGCAGATTGGTANN	0.5
261	NNTGTGTGTCACAGNNATGGATTCCGTCNN	0.5
262	NNCAGACAGACTCANNGTTCAGACGTTGNN	0.5
263	NNCGTAGAGTGATCNNGTTAGCAGTCTGNN	0.5
264	NNCTAGGTTATGGCNNACTGCTCGTTGTNN	0.5
265	NNCGGCTAATTGGANNCGAATCTCAGTCNN	0.5
266	NNCATTGCTTGTGCNNACCTATGCACACNN	0.5
267	NNATAGACCGGTTCNNAGCGCAATAGCANN	0.5
268	NNTGAGGACTGGTANNGTTCGTTCATCGNN	0.5
269	NNCTTCGTTAGTCGNNATTGCGATAGGCNN	0.5
270	NNAGTCCGATCAACNNCAGTCAGTGTACNN	0.5
271	NNGTCGTCACATCTNNCGAACCTGTAACNN	0.5
272	NNAGACTACGTCCANNCACGACTTCATGNN	0.5
273	NNGTGCTACGATTCNNCAGTCCTGTGATNN	0.5
274	NNCTGTCTCCATAGNNGTGCCGATATCTNN	0.5
275	NNCTAGCGAGTAAGNNACAAGCACTGCTNN	0.5
276	NNAGTGAGGCATGANNACGGCTTACAACNN	0.5
277	NNCATATGCCGATCNNGCACAAGTTCAGNN	0.5
278	NNCATTCGTGACCTNNAGCGAAGTTCCANN	0.5
279	NNGTACTCACTGCTNNGCTCTAGAAGGANN	0.5
280	NNCTGGTGACTATGNNCGGATTGCAACTNN	0.5
281	NNAGGCCAACAATGNNACCTCTCCAATCNN	0.5
282	NNATGGAAGTGGCTNNCAACCGCTATACNN	0.5
283	NNGTCCGGATAGATNNGTACACCGGATANN	0.5
284	NNCAGTCACCAACTNNAGCTTCGAAGTGNN	0.5
285	NNGTAGATAGGACGNNCAATCGTTGCCTNN	0.5
286	NNCGCACATCTATCNNACTGGCTTGTCTNN	0.5
287	NNGCGATTCCTGATNNAGCGCTGGATATNN	0.5
288	NNGCATTCATCGTCNNCTGACGGAATCANN	0.5
289	NNCAAGCGCTTCTANNCGTCTACACCATNN	0.5
290	NNGTAGATGGTTGCNNGTTCGAGGATTGNN	0.5
291	NNCATTGCATCCTCNNGCGAGTACAATCNN	0.5
292	NNCTATTAAGGCCGNNCACCTGGTATGANN	0.5
293	NNATGGTAACGCGTNNTAACCAACGACGNN	0.5
294	NNACTGGTGTCAACNNCGTGTTCATGTCNN	0.5
295	NNTGCTATGCCATGNNCGACGTAAGGTANN	0.5
296	NNGTGCAGTACGATNNCATGTGCGGATANN	0.5
297	NNCGTTGGTCAATCNNCAAGATCAGGCANN	0.5
298	NNCAACCTTGAGCANNACATGTGGCCTANN	0.5
299	NNACTTCGTACTGCNNCGTCTGAATTCGNN	0.5
300	NNACGAACAGTGCTNNTACGGATCCACTNN	0.5
301	NNACTACTTGACGCNNGTCACTCATCGTNN	0.5
302	NNCAACGGACTCATNNACATTAGGCCGTNN	0.5
303	NNAGGAGATACCGTNNTAGACCTCTAGCNN	0.5
304	NNAGTAGGCTGTAGNNGTGGACCTTCTANN	0.5
305	NNTACCTTGACACGNNCAACGGATGTCTNN	0.5
306	NNCGTACGATTGTCNNACCGCATGGTATNN	0.5
307	NNACAAGATTGCGCNNACTTCAGGACTGNN	0.5
308	NNACCATTCACCAGNNAGATGATGGCGANN	0.5
309	NNGCGCCTATAACANNCGTGATTGCTGANN	0.5
310	NNCTGGAGCGTTATNNTGCTGTTGGTCANN	0.5
311	NNTACGAGTCGGATNNAGAGGAGAGACANN	0.5
312	NNGCTTAGCTAGAGNNTGATCGGTCCTANN	0.5
313	NNGCAATCCTGTAGNNGCCTTCTGTACTNN	0.5
314	NNCAGCACACTAGTNNCTTACAGCGGTANN	0.5
315	NNGCCTCATTGACTNNGTGCGTATAACGNN	0.5
316	NNGTAGTCTGTGACNNTAGGATGCCACANN	0.5
317	NNCGTTACTGTCTCNNTACGCCTAGTTCNN	0.5
318	NNCACTTCCGGTTANNTAGTCGGTCAACNN	0.5
319	NNGCGATCTTATCGNNGTTCCATGTCCANN	0.5
320	NNCACTTGCCATGANNCTAATGTGGCCTNN	0.5
321	NNTGGAGCGAACATNNGCCTGCGTTATANN	0.5
322	NNCGGTCAGACTTANNAGAGAAGTAGGCNN	0.5
323	NNTGGAGTCCAAGANNCGAACTAGGAACNN	0.5
324	NNCTATTGCGGTACNNTATAGGTGCGTGNN	0.5
325	NNCATATCCGAGTCNNTATGCTCCTCTCNN	0.5
326	NNTACCATACGCTCNNCGATATCTCCACNN	0.5
327	NNTACAACCGACAGNNAGCGATGATGACNN	0.5
328	NNCAAGTTAGCGCANNACCACTTCGTCTNN	0.5
329	NNATAGCGAAGCCANNCAGTTAGACGGANN	0.5
330	NNACAGAGTGGTGANNGTCGTTGTACTCNN	0.5
331	NNACGGATGGTTCANNTGGAACGAAGGANN	0.5
332	NNCAAGCACGTATGNNCGAAGTAGCTGTNN	0.5
333	NNGTGACTCTACGANNTACCGCGGTTATNN	0.5
334	NNCAAGGCTAACACNNACTGATGGCCATNN	0.5
335	NNCTGGATGTCAAGNNAGTATACGACGCNN	0.5
336	NNTGGCGATTGATCNNGCCAGAATGAGTNN	0.5
337	NNATCCAAGGTCACNNGCTGCGATTCATNN	0.5
338	NNATAACCGTAGGCNNGTTGAGCGAATGNN	0.5
339	NNGCTTCCGGTAATNNTACGCTCCTTGTNN	0.5
340	NNTGGCTACCTTCANNGTGCCTTCCTATNN	0.5
341	NNACAAGAGCCTCANNACTGCTGCAATGNN	0.5
342	NNACCATAAGCCAGNNCTACCAGAGAAGNN	0.5
343	NNTGGTTGGTCTGANNCGTACGAAGGATNN	0.5
344	NNTGGCAGGATCATNNGTAACACCGTCTNN	0.5
345	NNCTATCAGTGCACNNTGTGGTCATCGTNN	0.5
346	NNAGCTCGTATGCANNTATACGATGCCGNN	0.5
347	NNTAGGTCCAGTCANNAGCAAGCACTTCNN	0.5
348	NNCATTACGGAGCANNGCGCATGTAAGTNN	0.5
349	NNATGACACGAGTGNNCACGTGTATGAGNN	0.5
350	NNACCTACCTAGCANNGTCGGAGCTATANN	0.5
351	NNACACGAAGTCTCNNAGACTGGACTCTNN	0.5
352	NNGTCTTGTGCACANNTAGTGTTCGGCANN	0.5
353	NNATGCAACCTGAGNNATACACGCAACGNN	0.5
354	NNTGGCTGATACGANNATCCGCGAATGTNN	0.5
355	NNTATAGCTGGCCTNNTGCTAGCATAGCNN	0.5
356	NNCGACAACTCTACNNCACGATGGTTCANN	0.5
357	NNTAAGCGTGCTGTNNTGTTGACCTCAGNN	0.5
358	NNGCGTATGAGTCANNCTTATGCTGCTGNN	0.5
359	NNTGACACAGCGATNNGTGCTAACAGACNN	0.5
360	NNCATCCACACTACNNTGAAGCTGCATCNN	0.5
361	NNACGTCTCCTTACNNCGTTATAGCCACNN	0.5
362	NNAGTGACTCTCCTNNGCAAGCCAATCTNN	0.5
363	NNACGCATGTGAACNNCTTCCACGTAACNN	0.5
364	NNGCCAGTGTATACNNCACGTTAACCACNN	0.5
365	NNACTGGTTAGCCANNGTCAGTCCATACNN	0.5
366	NNCGTTAGAGGTACNNATACTCCGCAGTNN	0.5
367	NNGTGTTCTATGCGNNCACTTCCTGTCTNN	0.5
368	NNTACTCGAGACAGNNGTCTTCCAACCTNN	0.5
369	NNCATCATTGGCAGNNAGCGAGTGCTATNN	0.5
370	NNCACATTGCCAACNNATCCGTTGACTGNN	0.5
371	NNAGACTCCTTCACNNATTCGGCTCGATNN	0.5
372	NNACGCTTGTGTTCNNTGTCCTGCAATGNN	0.5
373	NNATTAGGACCGAGNNACAGAAGGCTTGNN	0.5
374	NNCATCTCGTTGAGNNCGACTGGATAGTNN	0.5
375	NNACCGCTAAGTAGNNATATTGACGGCGNN	0.5
376	NNGCAAGAGTGTCANNGCCACTCACTTANN	0.5
377	NNTAGCACTTCCGANNTGGAACTTGGCTNN	0.5
378	NNTACTTCTCCTCGNNTACTCGCATCGANN	0.5
379	NNGTGTCCTCTATCNNATCCTAGCCAGANN	0.5
380	NNTGCCATTGTTCGNNAGTTGTGAGGTGNN	0.5
381	NNTAGCCGTTCAGANNGCAGGAAGGTTANN	0.5
382	NNGCGCATAACACTNNACATCACGCAACNN	0.5
383	NNGTGGCTATGTGANNCGTATGGTAAGCNN	0.5
384	NNCACGTTGTAGCANNACTTCAGCCACTNN	0.5
385	NNAGATGTACCGCTNNGTCATGAGGCATNN	0.5
386	NNTACCGGTACTGANNAGAAGCCGTAAGNN	0.5
387	NNCGGATGATGAAGNNTGCTGAATCCTGNN	0.5
388	NNGCCATAGCTTGANNATGCCATCATGCNN	0.5
389	NNCGGTAGTGTATCNNCTTAGGTCACACNN	0.5
390	NNCTACTCAGACTGNNATCAGGAGCGATNN	0.5
391	NNGTCGAGTTGTTGNNTGAGGTGACATGNN	0.5
392	NNGTTCCTTACCTGNNTGGAGATCTACGNN	0.5
393	NNCATCGATGGTACNNCTATGTCGGTTCNN	0.5
394	NNTGGCCTACAACTNNATGGTCGTTCACNN	0.5
395	NNAGATGTACGGAGNNGTAGAGTCAGGANN	0.5
396	NNGCCACGTCATATNNAGCAACGTCTTCNN	0.5
397	NNTGCACTAGGATGNNCATGCGGAGATANN	0.5
398	NNAGGCAGGCATTANNATAGCATCCGCANN	0.5
399	NNAGTCCTGAAGTGNNTAGAGGCAACAGNN	0.5
400	NNACCGTGCTTGATNNGCTATAGCTCACNN	0.5
401	NNGTCTAGATGGCANNCAACTATCGACGNN	0.5
402	NNGTTCCTCGGTATNNTACCACTTCCTGNN	0.5
403	NNCAGAATGGCGATNNGCGAGACATGTANN	0.5
404	NNGCAACCTACACTNNGTTGAGACAGTGNN	0.5
405	NNCGCGCGAATTATNNCGATGTAACGAGNN	0.5
406	NNCGGAAGTGTCATNNTGCTCCTAAGTCNN	0.5
407	NNCTACCAGCCAATNNTATGACAGCCGANN	0.5
408	NNATAGTCCGCTTGNNCACAGTTGCCTANN	0.5
409	NNATGGCCATACACNNCGTACTAGTTGCNN	0.5
410	NNACAGCGAAGATCNNACGAATACTCGCNN	0.5
411	NNACCTGATTGCACNNTGTTGGTGTCTGNN	0.5
412	NNAGTGATGGTGAGNNACTCCACATCGTNN	0.5
413	NNACGCAGATGATGNNTACTGCCACACANN	0.5
414	NNCGCATCCATAGANNCGGTACACTTCANN	0.5
415	NNCGACTCTAAGCANNTACCGGATCATGNN	0.5
416	NNATCCGTATACCGNNGTGATTAGCCGTNN	0.5
417	NNATGTTGATGCCGNNCGTATGAACACGNN	0.5
418	NNGCGTGTTCCTATNNCGAGCGAAGATANN	0.5
419	NNCGATAGTAGGAGNNCATAGGTTGCCANN	0.5
420	NNAGCCTTAAGCCTNNCGCACTACGTTANN	0.5
421	NNGTACTTGAGGTGNNGTACTGAGTGGANN	0.5
422	NNGTAAGCAGCAACNNCAGGTCACTTGTNN	0.5
423	NNAGCGACATGAAGNNTGGCTGAGAGTANN	0.5
424	NNCAGGTCCACTATNNAGCGTTGAGTTCNN	0.5
425	NNGTGCTAGCATGANNACCGAGACATCANN	0.5
426	NNCAGGCATCTACANNATCTCTCGGCATNN	0.5
427	NNTGACGATGACGTNNCTGAGTGTGAACNN	0.5
428	NNCGGACTTCTTCTNNTAAGCGTTGGCANN	0.5
429	NNATGACATCACCGNNATACTGCCGTACNN	0.5
430	NNGTAAGAACGCTCNNATAGCATGTCGCNN	0.5
431	NNGCGTCAAGATGTNNTACGTCATCGCANN	0.5
432	NNGTCATAGGAGGANNGCGTCAGTTATGNN	0.5
433	NNGTACACGAACCANNTGTGATCTCCTGNN	0.5
434	NNACACTACGCATCNNCAAGAGTTAGGCNN	0.5
435	NNAGCAGCGTAATGNNAGCCGATTGGATNN	0.5
436	NNAGGAGCATTCCTNNGTCCTGTTCCTANN	0.5
437	NNATCACGGACAGTNNTAGTGTGCCTGANN	0.5
438	NNGCAACGCATACANNCTAGCAGCATGTNN	0.5
439	NNAGACAAGACTGCNNTGATTCGCGATGNN	0.5
440	NNCTGCCTAGAGTANNTGTGTTCAGCTGNN	0.5
441	NNGCATACCTAGTGNNTGATTGAGCTGCNN	0.5
442	NNGTACGGACAATGNNAGTGGCATGACANN	0.5
443	NNTGACAGGAAGACNNGTATCTCCGTGTNN	0.5
444	NNATTGGAGCACCTNNTGCAAGCTACGTNN	0.5
445	NNAGGTGGTAGGATNNCTGGCAGGAATANN	0.5
446	NNACTTCATCGGCANNGCGGTAGATTAGNN	0.5
447	NNCTATGAACGGCANNACGGAGGATTAGNN	0.5
448	NNGCCTGACAATCANNATTCTCTGCGACNN	0.5
449	NNATCAGCCAGACANNCATTGACATCCGNN	0.5
450	NNATGGATATCGCGNNATGCTCCATGACNN	0.5
451	NNGCCGAATAAGTGNNCTTACCTCCACTNN	0.5
452	NNCAATCACCAGACNNTGCATCTTGTGCNN	0.5
453	NNGCTACTGGTAACNNGTGTACGACTGTNN	0.5
454	NNGCATACTGGTTCNNTACAGTCGTGTGNN	0.5
455	NNTGCACCATACACNNATGGCAACGATGNN	0.5
456	NNCAGCGTCTTACTNNCTAATCTGTCGCNN	0.5
457	NNACACACCGTATGNNCTACCACTTCACNN	0.5
458	NNGTTACGGTACACNNCGTCCTGATTACNN	0.5
459	NNGCTCTGGCATTANNCAGTGTCTACACNN	0.5
460	NNCGGATTCTTCAGNNTGGAAGGTCCTANN	0.5
461	NNACGACCTTACTGNNATGCCGAGTTGTNN	0.5
462	NNACAAGTCTGGAGNNTAACCGACTCCANN	0.5
463	NNACACGGTTGTTGNNAGCCTTAGAGAGNN	0.5
464	NNCATGGATGCATCNNCAGCTCAGAAGANN	0.5
465	NNTATCGCCTTAGCNNTAGGCGACTACANN	0.5
466	NNTAGCGAGATCTCNNCGATTCGGTTAGNN	0.5
467	NNGTAGCGACAACTNNGCTGTAACCATGNN	0.5
468	NNATACCGACCGTANNGCGACTAGTATCNN	0.5
469	NNCGGTATCTAGAGNNAGACACGCAAGANN	0.5
470	NNCACTATGCGCATNNTACCTGGTAGACNN	0.5
471	NNACCATACGATGCNNATCAACCACACGNN	0.5
472	NNCGTTAGGAGACANNTGTATGTCCGACNN	0.5
473	NNACTTCCGTTCGANNCGCTAAGCTATGNN	0.5
474	NNTGGTACTGCTGANNTACAGGCGTTCANN	0.5
475	NNGCGATGTAGCTANNATGCATAGTGCGNN	0.5
476	NNTACTGACGCATGNNGCATACGCTGATNN	0.5
477	NNTGTAGTTCGTGCNNCTGATCATGCGANN	0.5
478	NNCTGACAGTGTCTNNACAACACCACGTNN	0.5
479	NNATAGAGGCAGTGNNCGTAGCTTGACANN	0.5
480	NNTACCTGAGGCTANNCTAGTACTGAGCNN	0.5
481	NNTGGCCGTTATGTNNTGCGTCTCTACTNN	0.5
482	NNACACGCCAACATNNACTCTCTATGCGNN	0.5
483	NNGTGCTCATGCTANNTGGTCATCTGACNN	0.5
484	NNAGTTCTGCTGAGNNACCAGTTCCACANN	0.5
485	NNTGCACCTCAATGNNCGTCCTTATGCTNN	0.5
486	NNCTGTACTGCTCTNNATCGCGATCTCTNN	0.5
487	NNGCTGGCATAGTANNGTCTATAGCACGNN	0.5
488	NNTACAAGGCATGCNNCATGTCAAGCAGNN	0.5
489	NNGCACGCTGATATNNATGGTGACACACNN	0.5
490	NNCATGTTGACCAGNNGTGTGATCTGTGNN	0.5
491	NNTGGAGTTGCAAGNNAGCGATTGCATCNN	0.5
492	NNGCTCTTCGGAATNNCAGCTCAGATCTNN	0.5
493	NNTGACCTTGGTAGNNGTCAGCCGATATNN	0.5
494	NNAGCCTGGTAATGNNCTGTCGTGAAGANN	0.5
495	NNCGTTGAGCCTTANNCTATACAGACGCNN	0.5
496	NNAGTGAAGCGGTANNTGTCGAAGATCGNN	0.5
497	NNACCACAGCCAATNNCTTAACGCTGAGNN	0.5
498	NNGCTAGGAACAGTNNGCCTACATGATCNN	0.5
499	NNATTGACCTCGAGNNATGCCATCGTCTNN	0.5
500	NNACCAGACCAACANNCAAGCACGCAATNN	0.5
501	NNAGCATGTCCTGTNNAGATCCGATTCGNN	0.5
502	NNAGGCGTCTTAGANNCAAGTCCAAGTGNN	0.5
503	NNGTCTAGCTGTCTNNATACGCGGATGANN	0.5
504	NNACAATTGGCTGCNNGCTTAGGCGTATNN	0.5
505	NNGTGCATTGGCATNNCGCTTAGACAAGNN	0.5
506	NNTACTAGACGTCGNNAGTTGCAGCACANN	0.5
507	NNCATCGACTTGCANNTGAAGAGACGAGNN	0.5
508	NNATCACAGCTCCTNNGTTGCACTCATCNN	0.5
509	NNGTAGCGTCGTATNNCGATACATCCTGNN	0.5
510	NNCTAGCGTCATTCNNTGCAGGCTATCTNN	0.5
511	NNATGTCGCTGACANNAGGATCACCTGTNN	0.5
512	NNCGAATCGAGTTGNNCACTCACGGAATNN	0.5
513	NNCACTTACAGCAGNNAGCCGATACACTNN	0.5
514	NNACGTCATACCTCNNCTTGTGTCGTCTNN	0.5
515	NNTGACCACTTGCTNNATTCACCGTGTGNN	0.5
516	NNGTGTGGTGATCANNTAGCGCAATCACNN	0.5
517	NNTGGAGGTGAAGTNNACCGGTATCACTNN	0.5
518	NNATACAGGTCTGCNNGCTAATTGCCTCNN	0.5
519	NNACGTGAGTCTCTNNACTTGAACGCGANN	0.5
520	NNCGTCTATGTGTGNNGCTAAGCTTAGCNN	0.5
521	NNAGGCTAGAGAGTNNACCTCTAGGATGNN	0.5
522	NNATACGGACCACTNNTAGCTCTCGACANN	0.5
523	NNGTCGCAAGTAGTNNGCGTGTAGATTCNN	0.5
524	NNACTACGCAGTACNNACACAACAGGAGNN	0.5
525	NNACTGGACCATGANNACGGTGTCGATANN	0.5
526	NNCATATGGCCACANNTGGCGATTACTGNN	0.5
527	NNCGGCTATATCCANNGTGCCGCATTATNN	0.5
528	NNACACATCGCTCANNGTTCGAGTACTCNN	0.5
529	NNTGCGCTATTGCTNNGTACATACCTGCNN	0.5
530	NNCTTGTGATCGTGNNACTGGCGATTGTNN	0.5
531	NNTGTATGACGACGNNCGTAGTATCAGCNN	0.5
532	NNATCTCGGTGTCTNNTGTGCTTCTGCTNN	0.5
533	NNACACAGTTGACGNNCTTAGCGTAAGCNN	0.5
534	NNTGATGCCTAGCANNATGCTTACCGGANN	0.5
535	NNAGGAGTAGACAGNNTAAGCAACGCTGNN	0.5
536	NNACTTCTGAAGCGNNGCTGATAGGTGTNN	0.5
537	NNCTGTCAAGAGGANNCTATGGCCAAGTNN	0.5
538	NNCGTCCACGTTATNNACTAGACAAGGCNN	0.5
539	NNATGATGAGGCACNNCAGGCTGATTCANN	0.5
540	NNCTTCCTAGTCTCNNCACTCTGTTCTCNN	0.5
541	NNACAGATGCGCTANNCGTTAGACTCCANN	0.5
542	NNCAGGCTCGATATNNGTGTCATGAAGCNN	0.5
543	NNGCTTACTGGAGTNNCGAACTAACCAGNN	0.5
544	NNGCTGCTAATGGANNATCTGCTGACCANN	0.5
545	NNAGAACTGCTCGTNNACTCCTTCCACANN	0.5
546	NNTAAGCTTACGGCNNTGTGAGTAGGCTNN	0.5
547	NNGCCAACACTACANNATGCTCGAATGCNN	0.5
548	NNCATGAAGTGAGCNNGTAGAGCTGAAGNN	0.5
549	NNACGCCATTCACTNNCAACGTTACCACNN	0.5
550	NNCTGAGTCGGTATNNTGCGTGCTATCANN	0.5
551	NNTACAGTCCGTCTNNTACGGCAAGTGTNN	0.5
552	NNTATCTCATCGCGNNAGTGACTCATCGNN	0.5
553	NNACGTGGTGAAGANNTATGCTCCATGCNN	0.5
554	NNCAACCATTGCAGNNACTCCGAGTAAGNN	0.5
555	NNGTCTAACACGCTNNATGGCGACGAATNN	0.5
556	NNCGAAGAACCAGTNNTGCGTGGTTACANN	0.5
557	NNGCGACCGTTAATNNTGACTGTGTCCTNN	0.5
558	NNACCAGGTTGTAGNNCAACACCGTTGTNN	0.5
559	NNGCCAGTTGATGTNNCAACCTCCATTGNN	0.5
560	NNTGTGCTGCTACANNCGCTTCATCTCTNN	0.5
561	NNATCGCTACCAGTNNGTGCGATTCCTANN	0.5
562	NNATCACAAGCTCGNNAGGTTGCATGTGNN	0.5
563	NNCAACGCGAACATNNGCCGTAGACTTANN	0.5
564	NNGTAGACATTCGCNNGCGTTACATAGCNN	0.5
565	NNATGTCTACCACGNNGCTGCATTATGCNN	0.5
566	NNAGCCAATGATGCNNTAGTCGCTTCGTNN	0.5
567	NNCTAGCAGGTAGANNGTGTCGTCATGANN	0.5
568	NNACTCACACCAACNNAGCTAACTTCGCNN	0.5
569	NNCAGACCACTTCTNNAGTGGTCGCTTANN	0.5
570	NNTAGGCCATTCGTNNTGCGTACAGAACNN	0.5
571	NNCTTCCAAGCTACNNAGGCGTACTGATNN	0.5
572	NNTGGTGAATGTGCNNGCTCACTCTTCANN	0.5
573	NNCATCCTTCTGAGNNAGAGTTGGTGCANN	0.5
574	NNGTCCTGAACTCTNNTGCGAATGTGCTNN	0.5
575	NNTATCGAGCTGACNNGTCGAGATGAGTNN	0.5
576	NNAGGCTTAAGCTGNNTAGAGACGTTCGNN	0.5
577	NNTAGTGCTAAGGCNNCGTTGACTCTAGNN	0.5
578	NNAGAAGGCTTGACNNAGCTCTTGCCATNN	0.5
579	NNTAGTGCGCAACANNAGCGGCTTCTTANN	0.5
580	NNCTGTTCGAGGATNNTAGACTCGGAAGNN	0.5
581	NNACTGAATGGCACNNAGCTTAACCGGANN	0.5
582	NNCAAGGTGAAGAGNNTAGGAAGTCGCANN	0.5
583	NNCAACTGCTACGTNNCGTTATCAGCAGNN	0.5
584	NNAGTCTTGCAGCANNACCGAGATTCAGNN	0.5
585	NNTGACTGGTCTTCNNATGTGCAAGGCTNN	0.5
586	NNTGTGGTAGTCTCNNTAGCTAGGTGTGNN	0.5
587	NNTGCGGTTAAGACNNGCTCCATGAAGTNN	0.5
588	NNGCATACGGTTGTNNTGCATCGTGATCNN	0.5
589	NNAGCACCTCCTATNNTGAAGCCGGATANN	0.5
590	NNAGGTTATGCACGNNATGGAGTCGTCANN	0.5
591	NNGCCTTAGTGTTCNNTATCCGGAGTTGNN	0.5
592	NNGTTCGATACCGANNTACCTTCAGCCTNN	0.5
593	NNAGTAGCACTACGNNCTATTCACTCCGNN	0.5
594	NNCAACGTTAGCGANNATGCTAACCGCTNN	0.5
595	NNTACGGTGTACCANNCACAGACTACTCNN	0.5
596	NNCATGGCAATCTGNNGTTGGATGCACTNN	0.5
597	NNTAGCACCTACAGNNAGATCTGTCGTGNN	0.5
598	NNGCATTCTGCACANNAGCTCACTGGATNN	0.5
599	NNTGGTTACCGTTGNNAGAGTGAGGTCANN	0.5
600	NNAGCAGAGTACGTNNGTATGTGACGGANN	0.5
601	NNCAGTAACCATGCNNCGTTGCTATCTGNN	0.5
602	NNTGAAGACGACCTNNTATCCTCAAGCGNN	0.5
603	NNACTGAGAGCACTNNGTTCGATTCGAGNN	0.5
604	NNTGTGTCTCTTGCNNACAACCAGTCGANN	0.5
605	NNGCAATTCAGCTCNNCTGAATCGCTGANN	0.5
606	NNCTTCCGTATCGANNTGCGTAGCACTANN	0.5
607	NNGCATGGACTTAGNNATACGTGTTGGCNN	0.5
608	NNTAAGGCCGCATANNTGTCCATAGCAGNN	0.5
609	NNACCTCCTTCACTNNCGGTGCGTAATANN	0.5
610	NNCTGACTGATCGTNNTGCTGTGTTGCANN	0.5
611	NNACATTCGCTCTGNNGCTTCGTGAAGANN	0.5
612	NNTACTACCTGCCTNNTAACGCCGTTCANN	0.5
613	NNTGATCAAGCCTCNNAGTCGCCAATCANN	0.5
614	NNTATTGCGGTTCGNNCTTAGCCGTAGANN	0.5
615	NNCGACCAATGGTANNCGGACATCATTCNN	0.5
616	NNCAACGTTCATCGNNATATCGCACAGCNN	0.5
617	NNATGTGCTCACTCNNTGATCTCCTGGANN	0.5
618	NNGCAAGTCGCATANNATTAGCAGGTGCNN	0.5
619	NNCGAAGTCTCTCTNNTGTGTGCGAAGTNN	0.5
620	NNCAGGAGATGAAGNNGCACTGGTATGANN	0.5
621	NNGCTATTCGCAACNNTACACTCCAGTCNN	0.5
622	NNGTGTACATCCGANNCAGTAGGTATCGNN	0.5
623	NNCTGCACAAGTGANNGCTTCAACCACANN	0.5
624	NNGCTTCCTAATGCNNCGACTGGATCTANN	0.5
625	NNTACTACGGTGTGNNAGCCGGATGTTANN	0.5
626	NNCAAGCTAGTAGCNNCATGATGAGCGTNN	0.5
627	NNGCATAGTCAGCANNATGCTACGTTCGNN	0.5
628	NNGCATGGTACAACNNATGCCGATCGATNN	0.5
629	NNACTATGCACAGCNNACTCGTGCATTGNN	0.5
630	NNTGCCGGAACTATNNATGTTACACCGCNN	0.5
631	NNCATGTGACTCTCNNCATTGTCTCTGCNN	0.5
632	NNCACAACAGCAAGNNATCAGCGATTCGNN	0.5
633	NNCTAGCTGGACATNNAGTGTGTCGCTANN	0.5
634	NNCACACACATCAGNNGTCCACACTATCNN	0.5
635	NNGCGATAGTCAGTNNACGCAGAGATAGNN	0.5
636	NNCATAGCCTGTAGNNCTGTGTAGTCCANN	0.5
637	NNATCTGCAGGTACNNGTAGGTGCTAGTNN	0.5
638	NNTGTTCTTCCGAGNNTGCACATTGACGNN	0.5
639	NNCATCCACCACATNNCTGATACAGGCANN	0.5
640	NNCGTGACTGTGATNNGTCACTAGTGTGNN	0.5
641	NNCTGAGAATCACGNNTAAGATCGCGTCNN	0.5
642	NNCTTGATCACGAGNNTACATGACGCTCNN	0.5
643	NNGCGTGAACATCTNNACAGGTCGATGANN	0.5
644	NNGTGTTAGCCTGTNNCGCGTTGTTGTANN	0.5
645	NNAGTACGGAAGCTNNCGTCGGAATACTNN	0.5
646	NNACCGGATTCTCTNNGCGTCCATAGTANN	0.5
647	NNATTGGCAGAAGCNNAGCTTACCACCTNN	0.5
648	NNGCAAGAAGAGAGNNAGACTTGGCCTANN	0.5
649	NNCGTACCATTCTGNNATAGCTGTCCGANN	0.5
650	NNACTAGACTGGACNNAGGTTGTTCGCTNN	0.5
651	NNCTTCTGGTACACNNACCGACTTCTGTNN	0.5
652	NNCGTTCGGTATTCNNAGACGTCTTGCANN	0.5
653	NNGTGACATTGCGTNNTGACGCTAGCATNN	0.5
654	NNATCAGGTTGCCANNTGAGGCGAGATANN	0.5
655	NNACCAGTCTAGCANNATAGTCGGACTCNN	0.5
656	NNATGCCGTACAACNNCGCTTAACCTCANN	0.5
657	NNGTTCTGCCTACANNCACTATATCGCGNN	0.5
658	NNGTTGTCAAGGCTNNCGCTCACTAACTNN	0.5
659	NNTGAGATCAGGCTNNATGGTAGGTGTCNN	0.5
660	NNCTTCCTTAGCACNNGCACAAGCTTCANN	0.5
661	NNGCTTAATGCTGCNNTGGCCTATACGTNN	0.5
662	NNGTCAGGAAGAAGNNCAGTTGCTCTACNN	0.5
663	NNATTGGACTCGCTNNCATGAGTCCAAGNN	0.5
664	NNTGGTAGCCTAGANNTACGCTGGTATGNN	0.5
665	NNCTATCTCGAACGNNACCAATAGCAGCNN	0.5
666	NNACTCACGTGCTANNTATAGCCTGCCANN	0.5
667	NNGTCCTAGCCAATNNACAGACGTGAACNN	0.5
668	NNCGAGTACAGATCNNGCAGCAATTGCANN	0.5
669	NNAGGAATGTCTCGNNATTGCCTTGCTCNN	0.5
670	NNAGCTGTTGAGCTNNGTTGTGGCGAATNN	0.5
671	NNACGAAGTCGTACNNTACGCACTCGTANN	0.5
672	NNCGTGGTAATCAGNNACCGTAGATCTGNN	0.5
673	NNCAACAGTCAGTGNNGTCTTCAATCGCNN	0.5
674	NNTGCATACACGTCNNGTTGGAAGAACGNN	0.5
675	NNCGTACTCTTGTGNNACGGCTCCATATNN	0.5
676	NNCGGATAGAGATGNNGCACATCATGCTNN	0.5
677	NNCAGGTCGGATTANNAGATCAACGCAGNN	0.5
678	NNTGCACTGACAACNNCACATGTTCGACNN	0.5
679	NNCTGAACTGCCTANNCTAACCATGTGCNN	0.5
680	NNGTATCTCTAGGCNNGCCTCAAGAAGANN	0.5
681	NNCAATACGGTCCTNNCGTTCGATAGCANN	0.5
682	NNTAGCTCCAGTTCNNTACGCGTGAAGANN	0.5
683	NNACACGTGAGCTANNATCAAGCTGGTGNN	0.5
684	NNTAGTCTGCACTGNNCGGCAGACATATNN	0.5
685	NNATGGAGTCTCAGNNTAGTTGGCTCTGNN	0.5
686	NNATACCTACCGAGNNTAACCTAGGCGANN	0.5
687	NNATACACGGTTCGNNAGGTTCGTGTCTNN	0.5
688	NNGTATGTTCGCCANNGCTAATCGACGANN	0.5
689	NNCAGGCTATATGCNNGCGCTTATACTCNN	0.5
690	NNTAAGACGCGTTGNNCTAACATCGCAGNN	0.5
691	NNGTTCGAGAGAAGNNGTCTTCGTCTTCNN	0.5
692	NNCTACGAAGACTCNNAGCGACTATCAGNN	0.5
693	NNAGTAGCCATTGCNNCAACTCCGTAAGNN	0.5
694	NNACAAGGTATCCGNNTGTCTCTAGCCTNN	0.5
695	NNAGTCGATGTGACNNAGTAGTCTTCGCNN	0.5
696	NNTGTCGAACAGCTNNGCGTATATCGCTNN	0.5
697	NNCGGCTGTTCTATNNAGGCAAGCGAATNN	0.5
698	NNACACACTCCACTNNCTTCAGAGGTCANN	0.5
699	NNTGAGTCGGATGANNTGCTGTAACGTCNN	0.5
700	NNACCTTGATAGCGNNCTGATTGTCTGCNN	0.5
701	NNACACCTTCTCGANNCGATGTCGTTGANN	0.5
702	NNCATTGCGTTCTGNNGTTCGCAATGACNN	0.5
703	NNCTGTCTAGCTGANNGTGGAGATACGANN	0.5
704	NNACAGTCGTCACANNCATTGCCACCTANN	0.5
705	NNTGAGAAGTGGCANNGTCTAGTTCCTGNN	0.5
706	NNCGTTCCTGATACNNACATCTAGGCGTNN	0.5
707	NNCATGGACTTCAGNNATGACCACGACANN	0.5
708	NNCGTACGCCTAATNNAGGCGAAGATTCNN	0.5
709	NNAGCCACTATGGANNCAACAGTACTCGNN	0.5
710	NNGTTGCATGGAAGNNCACCACCATAAGNN	0.5
711	NNCGTATCAGATGCNNACACATTGACGCNN	0.5
712	NNCGTCATATCGCANNCAATCGAACCACNN	0.5
713	NNTGAGGTCACACANNAGCCGTAATCTCNN	0.5
714	NNAGATCCACCACTNNAGCTTCCGACTANN	0.5
715	NNACGATACGTCAGNNAGTTCCGAGCATNN	0.5
716	NNGCCGGTATAACANNCTTGTACGCTCTNN	0.5
717	NNGCTGTGTAGGTANNGTTACCGTTCCTNN	0.5
718	NNTAATCGGTCGCTNNCAGAGGTAACGTNN	0.5
719	NNGCTTCCATCACTNNTGTGGCGCATATNN	0.5
720	NNCATCACACTCTCNNCGGAACAGAATGNN	0.5
721	NNACATAATCCGGCNNCTGCCATCATCANN	0.5
722	NNGTACGAGAAGAGNNACTCTTCCAAGCNN	0.5
723	NNGCATAGTTAGGCNNATTCTAGGAGCGNN	0.5
724	NNAGCACAATGGACNNCGGTAGGAATGANN	0.5
725	NNCTTATCGCATCGNNTGTGGTGACCTANN	0.5
726	NNTAAGTCCTCCGANNCATACGCTCTTCNN	0.5
727	NNCAGTGAACAGCANNCAGACTAGACTCNN	0.5
728	NNGCATGACCATTGNNGTCGGTGTATTGNN	0.5
729	NNAGTAACACGGACNNATGCGAGATGGANN	0.5
730	NNAGGATGACGTCTNNACGGACTTACTCNN	0.5
731	NNGCTGGTACTACTNNTAGTTGAGGCGANN	0.5
732	NNTGCTACTAGCTGNNCTGTATCGGACTNN	0.5
733	NNTAGCCTACCAACNNCGATATGCTGACNN	0.5
734	NNCAAGCTGAGACTNNCAAGTTGCTGCTNN	0.5
735	NNACAGGAATGCTGNNGTAGTCGCTTACNN	0.5
736	NNCAACTAGCAGCTNNTATGCTGTCTGCNN	0.5
737	NNGTCATCCAGCATNNCGGTAAGCACTANN	0.5
738	NNACTTACTCGAGCNNCGGAGATGGAATNN	0.5
739	NNAGCACTGTACTGNNATGGTACCTGACNN	0.5
740	NNCTACCATATCGCNNAGGTAGGTTCGANN	0.5
741	NNCGCCTACTCAATNNCATGGCGTAACTNN	0.5
742	NNAGCGTTCAAGCTNNCTACACTCACCANN	0.5
743	NNGTTGAGCCTCTANNTGAGGCTTAACGNN	0.5
744	NNTAAGCTACGCCANNCAAGATGCGTACNN	0.5
745	NNGTAGACGGTAGANNTGCTGTGGTTCTNN	0.5
746	NNTAGGCCTTAGTCNNGTGCTGTCAACTNN	0.5
747	NNACTCCAGAAGTCNNCTGCCAGACTATNN	0.5
748	NNGTCGATGACTTCNNTAAGCTCGTACGNN	0.5
749	NNGCAAGGTTCTACNNGCTATGATGCACNN	0.5
750	NNACGCGGCTAATANNACAAGGTTCCGTNN	0.5
751	NNTGCGGACTAATGNNCAAGCCATGTCTNN	0.5
752	NNCAGAGGAACCATNNAGACAAGGTCCTNN	0.5
753	NNACAGCTAGTCACNNACTCGGCATATGNN	0.5
754	NNCACCTTCAAGTCNNACGTTAAGCGTGNN	0.5
755	NNGTGATGATCTCGNNTATCGCGCAATCNN	0.5
756	NNCGACCTGACATANNACGCTAACAGCANN	0.5
757	NNGTCCAAGAACGANNTGGCACTTCAAGNN	0.5
758	NNGTGTCGCAGAATNNTGACCGCAATCTNN	0.5
759	NNACCTGAGCAATCNNGCTAGGACATTCNN	0.5
760	NNACGAGTGCATTCNNCTACGGATCAGANN	0.5
761	NNATCGTCAGTGGANNAGAGGAAGACACNN	0.5
762	NNACTACATTCGCGNNCAGCGCGTATTANN	0.5
763	NNATCCGTCTGTAGNNCTGCTGAGATACNN	0.5
764	NNGCCATATCTAGCNNCTTCAGTCACTCNN	0.5
765	NNTGTATGGAGCTGNNATGACACTGTGCNN	0.5
766	NNCTAACGCGAACANNCAGAGTGACCTANN	0.5
767	NNTAAGCATCGAGCNNACTGTGCAGGATNN	0.5
768	NNCTAGCTCGAAGTNNCATCTCCTAGCTNN	0.5
769	NNATAGCTGAGCTCNNTGTTCCAAGCCANN	0.5
770	NNGCAGCTACTACANNAGTGCTCTAGTGNN	0.5
771	NNCAATTCTACCGCNNATAGGAAGCTCGNN	0.5
772	NNCGGTGCTTGAATNNACCGCTCTATCTNN	0.5
773	NNTGTTCGCGGTATNNTACCTGTACCAGNN	0.5
774	NNCTGTCCAGATCANNCTTCCGTACTTGNN	0.5
775	NNTGTGTCTGCTTCNNTACTAAGGCCTCNN	0.5
776	NNACTCGAGTTGAGNNATATGGCACACGNN	0.5
777	NNATCACAGAGCCANNAGCTTGACGTGTNN	0.5
778	NNCTACGCGATAGTNNAGGATGGTACTCNN	0.5
779	NNTGCCAAGGATTGNNCGACCTTCATCTNN	0.5
780	NNAGGCTCATAACGNNACCATACAGCCANN	0.5
781	NNAGCTGTTGTCACNNCAGATGCGTACTNN	0.5
782	NNCAGACAGCAATCNNAGCTGTCATGGANN	0.5
783	NNTGAGTTCTGGTGNNGCACGTAATGTCNN	0.5
784	NNACAGGAGTTGGANNTGAGTGTTCCTGNN	0.5
785	NNGTATCGGATGTGNNACAGACTGTGCANN	0.5
786	NNGTCGAATCTCACNNAGGACAAGAGCANN	0.5
787	NNCTTCCGGAAGATNNCTACACACCTCANN	0.5
788	NNGTAGATCCTACGNNGCTTGTGCAGTANN	0.5
789	NNACTTACCGTCTGNNTAAGCCGTTGACNN	0.5
790	NNATCATCACTCGCNNGTGCGGTTGATANN	0.5
791	NNATCGGTAACCGANNGTTGGTTCTACGNN	0.5
792	NNACACCACATGCTNNCGACGTGTGAATNN	0.5
793	NNGTTCGGAACTCANNGTACCAGAGATCNN	0.5
794	NNAGTACACTGGCANNACTTCTCGCCATNN	0.5
795	NNATACGACCGAAGNNAGATGGACACAGNN	0.5
796	NNCGATTCCACTTCNNACCGTGTCAGATNN	0.5
797	NNCATCAGTACCGTNNGCTAGTCGTGTANN	0.5
798	NNGCTACCGAGATANNCAGTGGTTGTACNN	0.5
799	NNAGTCCATACCACNNTAGACGTCCTAGNN	0.5
800	NNCACCTCAATCCANNCAGGACAACGTANN	0.5
801	NNCATCTGATCGTCNNTGTTCGCAAGAGNN	0.5
802	NNATTCCGTATCCGNNATGGCGTCAGTANN	0.5
803	NNTGAACACGGTTGNNCAGTTATGGAGCNN	0.5
804	NNTGTCGCGATGATNNACGTACATGGCTNN	0.5
805	NNCAGAATTCCGAGNNACGTGACAGAAGNN	0.5
806	NNCTAGTACTTGCGNNATAATGCAGGCGNN	0.5
807	NNAGCGCACAATACNNAGGTGCGAATCANN	0.5
808	NNTGACAGAGGTGANNGTCACACCATAGNN	0.5
809	NNCTTGCTAGCTGTNNGCTTGGTAGTCANN	0.5
810	NNCTTAGCAACGTGNNGCAAGCTTACTCNN	0.5
811	NNTACGTAGCACACNNCACGCGAATTCANN	0.5
812	NNTGTTGGAGTTCGNNTGTGTTGGTCACNN	0.5
813	NNATACGCGTTCCANNCTTGCACTAGTCNN	0.5
814	NNATAACTCGAGGCNNAGCGGAACTACTNN	0.5
815	NNGCGATTAGTGAGNNATACAGAGGCGANN	0.5
816	NNCTATAGTGGCGANNACTGGTCCTACANN	0.5
817	NNGTATTCCGCTGANNGTCTACTATGGCNN	0.5
818	NNATTCGTGCGCTANNATCGCTGCGAATNN	0.5
819	NNTACGAAGACGACNNCAATACCTTCCGNN	0.5
820	NNATGGCACTTCGANNAGAATGAGCGTCNN	0.5
821	NNACTGCCTGAACANNTATGCGATGGAGNN	0.5
822	NNGTCTGTCTTCAGNNACTGTTACCGCTNN	0.5
823	NNATCTAACAGCCGNNATCTATCCAGCGNN	0.5
824	NNATCACGAGTACGNNCTTGTGCATCTCNN	0.5
825	NNACCGTCGTAAGTNNGCATACTCTGTGNN	0.5
826	NNACCACACGTTCANNACGTCTCTCTTCNN	0.5
827	NNCTGAGTAAGCTCNNCAGATCCTGACTNN	0.5
828	NNGCAAGTTGTCGANNCTAAGTCTGCGANN	0.5
829	NNACTGACAGTCCTNNGTGTCCTTAGCANN	0.5
830	NNGCCGAGTACTATNNGTAGTTGGTCGANN	0.5
831	NNGTTGATGTGGTGNNACCATCATCGGANN	0.5
832	NNACGATCCTGATGNNCGAGAGAGATCTNN	0.5
833	NNATGTCTGCACAGNNCTAGTGGAGTGTNN	0.5
834	NNCACAGTCCTTGTNNATCGATTCGGCANN	0.5
835	NNCGTGTCACTCATNNGTGAAGGTCTTGNN	0.5
836	NNCGTATGTGCTCANNCTACCACTGTTCNN	0.5
837	NNTGAGCGATGTCTNNACAGGTTGGACANN	0.5
838	NNAGCTAGCAACCTNNACGATTGCCAACNN	0.5
839	NNCACCTCAACTAGNNACCTTAGCGTTGNN	0.5
840	NNCACTGATGCACTNNCTATCCAACGGANN	0.5
841	NNGTAGTGAAGGCANNCAACGTTAGGAGNN	0.5
842	NNATGCAAGGCCATNNATCGCCGTCATANN	0.5
843	NNATCCTCCTTCTCNNTACCACATAGCGNN	0.5
844	NNGTTAGCTCGTGANNCACGTCCACTTANN	0.5
845	NNTGAGGACTTACGNNACCGACTTACCANN	0.5
846	NNCGCGGTTCAATANNACCGGATAATGCNN	0.5
847	NNCACCAACCTCTANNAGTGTGAGACACNN	0.5
848	NNGCCATGTGTTCTNNTGGTCCTGCTATNN	0.5
849	NNGCTGGAAGAAGANNCAACGGCATAACNN	0.5
850	NNACCGAACAGAACNNACGGAAGTGTTCNN	0.5
851	NNGTGGTCAGATAGNNGTGTATGCTTGCNN	0.5
852	NNGCGTGGATTGTANNAGTGAGGCTATGNN	0.5
853	NNTGCTTCACGTACNNCATCAGTCGTGTNN	0.5
854	NNGCATACCATGTCNNGTGTCGGTTCATNN	0.5
855	NNCATGAGTCTCACNNGTTCTAAGCCTGNN	0.5
856	NNTAGTCTGAGCAGNNCACAGTCATCCANN	0.5
857	NNTGCTTCGACGTANNGCCGGTGAATATNN	0.5
858	NNCATTGGTCCGATNNATTACTGCCGAGNN	0.5
859	NNATCGGTGCCATANNAGGAGACTCATGNN	0.5
860	NNATCCAGGTGTGTNNCGAGTTACCAGTNN	0.5
861	NNACAGTCTTGCCTNNCACCAGTCTACTNN	0.5
862	NNCACGGATTACAGNNAGCCATAGAAGCNN	0.5
863	NNACTTCCTGGTTGNNTGGAGACGCATANN	0.5
864	NNACGGAAGCGATANNCTAACAAGCGACNN	0.5
865	NNTGCTTGGAGTGANNCATGTGTACAGCNN	0.5
866	NNCTGATCATTCCGNNCAAGCGAGATGANN	0.5
867	NNCAGAACAAGGCANNACGGAAGTTCGTNN	0.5
868	NNACACTCGTACAGNNAGCTGTTGGTTCNN	0.5
869	NNACGCGACTATTCNNCGAGGATACTCTNN	0.5
870	NNTGACCTGTTCTGNNTGTGGATGACCANN	0.5
871	NNCTTCAAGGAACGNNACGTCAAGTGTCNN	0.5
872	NNTATGATGCCTCGNNACGTATCTACGCNN	0.5
873	NNCAGCCTTAACACNNAGAGAGAGTACGNN	0.5
874	NNATGGCCAACTGANNTATATCAGCCGCNN	0.5
875	NNAGAATCCGGCTANNACCTCGAAGGTANN	0.5
876	NNACAGAGCAGAAGNNTGTAACGGCCATNN	0.5
877	NNCGATAAGGCAAGNNGTACCGTATTCGNN	0.5
878	NNATCGGACAAGAGNNCTGACTGGTAACNN	0.5
879	NNAGCTCACATAGCNNTACTGGTCGTACNN	0.5
880	NNGTGGAGTATCCANNGCTGCTATTGAGNN	0.5
881	NNTATCTGGCCTGANNACATCGCTGAAGNN	0.5
882	NNCTGTACAAGCAGNNTGTCACTCGATCNN	0.5
883	NNTAAGGCACCATCNNGTACGCATCACANN	0.5
884	NNTACCAGGTGTCTNNCATCGCTGATTGNN	0.5
885	NNAGTCGATCTACGNNAGGCAGTTCACANN	0.5
886	NNGCTTAGTACCGTNNGCAATTCCGAGTNN	0.5
887	NNCACCTTGGAAGANNCATACAGGACTGNN	0.5
888	NNCGCGCTTACTTANNAGTGATTCTCGCNN	0.5
889	NNCGATAGTACCGANNGTTCAACGGTAGNN	0.5
890	NNTGGCCTTCTCATNNTGAGGTCAGCTANN	0.5
891	NNGCTTGGTTCTGTNNCTTGATTCACGCNN	0.5
892	NNCAGGCTAAGTTCNNACTATGACACGCNN	0.5
893	NNAGGTAAGCCTGANNATGTCTGGCGATNN	0.5
894	NNTGAATCGTCCTCNNGTCGAGTCAATGNN	0.5
895	NNTATCGGTGCAGTNNAGACATCTGGTGNN	0.5
896	NNCAAGAACGACCTNNGTATGAAGCCGANN	0.5
897	NNACATAGGCGTTGNNTAACCACGCAAGNN	0.5
898	NNTGAGGTTAGGTGNNCAACGTGTTGGANN	0.5
899	NNTAAGTCCGCAACNNGCTTACACGTAGNN	0.5
900	NNGCCGTCATTACTNNCGTCTTCCTGATNN	0.5
901	NNGTGCAATGCAAGNNGTGGAGAACTACNN	0.5
902	NNAGTGTGTTACGCNNTGCTTGTACTGCNN	0.5
903	NNGCTGCTAACATGNNCTTACGTCACTGNN	0.5
904	NNAGCATCGGTCATNNGTGTGCCATTGTNN	0.5
905	NNGCAATCTCAGTGNNATCCGAACTGTGNN	0.5
906	NNACCTACATCACGNNCTGCTACGGTATNN	0.5
907	NNCGACTGAAGAAGNNAGGTGGATACTCNN	0.5
908	NNCTAAGTGGCTCANNCTACAGGTGGTANN	0.5
909	NNTGCCGAATACCANNCTGTGATCTCGTNN	0.5
910	NNGCTCTAAGTCCANNTACGACTACGCANN	0.5
911	NNTATCCGGACAAGNNCGAAGCCTAGTANN	0.5
912	NNGCTTCGATGTACNNTAACTCTACGCGNN	0.5
913	NNACGTGGTTGTCANNGCCTTAGTACAGNN	0.5
914	NNCGTCGCTACTTANNTGGCTTACTGCTNN	0.5
915	NNCGACTTCTAGCTNNACTACTGGTCGANN	0.5
916	NNAGTCGAGGAATGNNACCAGTCCTTCTNN	0.5
917	NNTGTGGTTCAGCANNGCTCTGAACTACNN	0.5
918	NNCTTGCTCTAACGNNATCAACGCTCGTNN	0.5
919	NNTAACGACTTCGCNNTGGAAGGCAATGNN	0.5
920	NNTGTCGTCAGTAGNNAGGTACGAACTCNN	0.5
921	NNACAACACACGGANNGTCGTCGTTAGANN	0.5
922	NNCGGCTCAATTGANNCGTACTACGACTNN	0.5
923	NNTGGAATCAGGAGNNGCAAGAAGTCTGNN	0.5
924	NNACGTCAACACTGNNTGGAATGACCACNN	0.5
925	NNGTGGAATGCAGTNNCGGCAACAATTCNN	0.5
926	NNATTACCGGAGCTNNTGACAAGACCGANN	0.5
927	NNCTGTTCAGGTTCNNCGATTGGTACGTNN	0.5
928	NNCTGCCATTACTGNNTAAGCTGATGCGNN	0.5
929	NNACGGAGTCTTCTNNACATTGGAGCCANN	0.5
930	NNTAGTGCTTCACGNNGTGCTATGTCACNN	0.5
931	NNCAGACTTAGCGANNATTAGGACGCACNN	0.5
932	NNGTTGTGACCTGTNNCAGTCTCCACTANN	0.5
933	NNCTACGGTCTAAGNNCGTCACGTTACTNN	0.5
934	NNATCGGTGTCTACNNACGAGTGTTCGTNN	0.5
935	NNATCCATGCAGAGNNACTAACGCGTCTNN	0.5
936	NNCACGTCTGTACANNATACTTCCGCGANN	0.5
937	NNTGCTCATCCTGANNAGCTCTCCGTATNN	0.5
938	NNGCAACCACTTCTNNATCTGGAAGGCANN	0.5
939	NNTGTAGGCACAGTNNCTAATGGAACCGNN	0.5
940	NNTGGTTGAGCAAGNNCAGGACCTACATNN	0.5
941	NNATGCTGCATACGNNCGTAAGTCTGAGNN	0.5
942	NNGTGAGCATGTAGNNCGCCATGTAAGANN	0.5
943	NNCGTCCATGTACANNACTGCATACGCTNN	0.5
944	NNCGATTGGATGACNNCGACCGAGAATANN	0.5
945	NNTAGCACTAGCCANNAGAGAGGCAACTNN	0.5
946	NNTGCAAGTCAACGNNATTGCTGATCGCNN	0.5
947	NNAGCAGATCGCTANNAGACACACAGCANN	0.5
948	NNTAAGTGCAGACGNNGTCTGTGCAAGTNN	0.5
949	NNTAGGTGTTGCCTNNCACGGTTACTGTNN	0.5
950	NNACGCTGAATGCTNNACGTTCTCCTTCNN	0.5
951	NNGTAATCAGCCAGNNACCTAGCTTGCTNN	0.5
952	NNCAGCTAGACCATNNTACTGAATGGCGNN	0.5
953	NNGCTAACTAGGCANNTGGTGGTCTAAGNN	0.5
954	NNTATACTGCGTGCNNGTTATGTGCTGCNN	0.5
955	NNCATAGTTCACCGNNCAACGATGGAGTNN	0.5
956	NNGCGGATCTAATCNNCGTTAGCGGAATNN	0.5
957	NNGCAATAGCGTCTNNTACCACTAGGCTNN	0.5
958	NNCAGGTTGTTACGNNATAGCTTGCGACNN	0.5
959	NNTGTTGCAGCTAGNNACCGAGTGCTTANN	0.5
960	NNTACATACGCAGCNNCGCTTAAGGAAGNN	0.5
961	NNCATAACGCAGGANNAGCACTAATCGCNN	0.5
962	NNGCCACGTATCTANNCTAAGCCTCGATNN	0.5
963	NNCTGGTGTCTTAGNNAGGTTGCTTCGTNN	0.5
964	NNCATGTCGCAGTANNCGGCCTAACAATNN	0.5
965	NNAGGTCTGCTAACNNATTCGCGGATTCNN	0.5
966	NNACCGAACACACANNTGTTATCCGCTCNN	0.5
967	NNTGGACACTACACNNACCATTGCCTTCNN	0.5
968	NNGCGTCGAACTATNNTGACGTGTCTAGNN	0.5
969	NNCTGAATCCACGANNCAGTCATAACGCNN	0.5
970	NNATGCTCTGCATCNNTGAGATCCGAAGNN	0.5
971	NNCTGAACGATGTGNNTATCAGGTCGCTNN	0.5
972	NNACTTGTGGCATCNNTGTCGATGCTACNN	0.5
973	NNATGCTGAACCTCNNTGCAGAATGCACNN	0.5
974	NNCGTACGCGAATANNAGTGACCAACGANN	0.5
975	NNCGAGCAGAATAGNNCGCCACTACTATNN	0.5
976	NNATATCCGCTACGNNCTGCAACTGTGTNN	0.5
977	NNCTTGTCTAGGTGNNATTAGTCGTGGCNN	0.5
978	NNGTCTGATACGCANNCGAGGTGGTAATNN	0.5
979	NNGTGTAGGTAAGCNNTATTCGGCAGACNN	0.5
980	NNGTCAACAAGCTCNNTAACGAGGCACTNN	0.5
981	NNGTAAGTGGACACNNCATGACACAACGNN	0.5
982	NNGCTGAACTGGTANNCTACAAGTCGCANN	0.5
983	NNACACAGGTACCTNNCTGTACGAGTTGNN	0.5
984	NNGTGATCCAACGANNAGTCACAGCTAGNN	0.5
985	NNTGCAGCACACTANNATGCTTGGACTCNN	0.5
986	NNGCATGTTCCACANNCGTAGTCAACCANN	0.5
987	NNGTGTACGTACCANNCGATCGCTATGTNN	0.5
988	NNCTATCTCTGTGCNNTAGCCAAGAGGANN	0.5
989	NNGTGCATCTCTTGNNAGATCCGTAGTCNN	0.5
990	NNCGGTAATCGTGANNACCAGCAGACATNN	0.5
991	NNCGCATACCAGATNNGCCTATAGCCATNN	0.5
992	NNACACGTATCGACNNTGTGGCATACGTNN	0.5
993	NNCACAAGTTAGCGNNCACGGATTCTGANN	0.5
994	NNACAGTCTACACGNNCTAAGTCAGCTGNN	0.5
995	NNCACATTGCTGGANNCTTGTACCGACANN	0.5
996	NNATCACGAGGTGANNACTGTACCGTACNN	0.5
997	NNCATGATCACTGCNNTGCAGCTTCGATNN	0.5
998	NNTACGCGACATCTNNAGGTACACCAAGNN	0.5
999	NNACTGCTGTAGCANNTAGGCCATACTGNN	0.5
1000	NNGTGTGGTATCGTNNTGCTTGAGAAGCNN	0.5
1001	NNACGGTTACCGTANNGCTTACACTCGTNN	0.5
1002	NNTATACCGGATCGNNTGCAACGGATTCNN	0.5
1003	NNTGACATCCACACNNAGTCGTTGTTGCNN	0.5
1004	NNTAGTGGAGTCTCNNCATGGAGTGTTGNN	0.5
1005	NNACGAGGATTAGCNNTGCCTATGGTGTNN	0.5
1006	NNCAATACGCCTACNNATCTCGCGAATCNN	0.5
1007	NNTGCCTGATCTACNNAGCGCTTGAAGANN	0.5
1008	NNTAACTGAGCGCANNCTGGATTCACCTNN	0.5
1009	NNGTTGGTAACCGTNNCGTTCATTAGCGNN	0.5
1010	NNATATGCGCCAACNNTGATCGTCTGTGNN	0.5
1011	NNCAATCGTCCTTGNNGCGAATTAGGAGNN	0.5
1012	NNGCTTCACTGACANNCGAAGCTTATGCNN	0.5
1013	NNTGTCAGTGTGTCNNCGATTACAACCGNN	0.5
1014	NNACTGCTGGACTANNAGAGTCCAGCATNN	0.5
1015	NNGCATGTCACGTANNATTCGTCGAGGANN	0.5
1016	NNGTCTTACACGTGNNCTGCGAATGAAGNN	0.5
1017	NNCATAGTGCCTACNNATGGCGTATGCANN	0.5
1018	NNCGCTTACTACCANNTGAGCGAGTTCANN	0.5
1019	NNACGATAGGTCGTNNATGGTGCTCTCANN	0.5
1020	NNCTGACATGTACGNNCTGAAGATAGGCNN	0.5
1021	NNCAACGATTCGACNNCAGCCTATTCACNN	0.5
1022	NNGTGGATACAGACNNATCTCGGAACTCNN	0.5
1023	NNAGCGGTAATGCTNNCATTGTGTTCGCNN	0.5
1024	NNCACGATCGTGTANNATTGCCGGAAGANN	0.5
1025	NNATTCTCTCCTGCNNGCATGTTAGCACNN	0.5
1026	NNAGACTTCGCATGNNTGACACTCAGCTNN	0.5
1027	NNATCGCCTAAGAGNNCAGGCTGAGTATNN	0.5
1028	NNGTTCTCAGGACTNNCGTTCTTCTGTGNN	0.5
1029	NNCGAGCTAATTGCNNTGTCCTCCATGTNN	0.5
1030	NNCGACTCTGTTCANNCTAGACACCACTNN	0.5
1031	NNCAGGTTACTCTGNNTATGCACGTGTGNN	0.5
1032	NNGTCTTGGTGTTGNNTGTTCGACTGCANN	0.5
1033	NNCGGTACAAGTGTNNGCTATACTGACGNN	0.5
1034	NNCGCACTGAGAATNNTGGACGGAATTCNN	0.5
1035	NNCGGATGACACATNNCGCGAACTAACANN	0.5
1036	NNCTAACTGTGTCGNNTGGATTGTGACGNN	0.5
1037	NNGCCTGCATAAGTNNTAGTGCGATTGCNN	0.5
1038	NNGCTACTAAGTCGNNACTTAACGCCTCNN	0.5
1039	NNTGCTACACGTGANNTAACGTCCAGTCNN	0.5
1040	NNGTCACGTTCTAGNNTGATATGAGCCGNN	0.5
1041	NNCTGAATGGAACGNNTGCTACGGTAACNN	0.5
1042	NNGCTACAGAACACNNATTGACGAAGGCNN	0.5
1043	NNAGCATGTCAGACNNATGATGTAGCCGNN	0.5
1044	NNGCTGGTTGTTGTNNAGGTGTCTGTGTNN	0.5
1045	NNACGGAGAAGACTNNCAGCCATAGTGANN	0.5
1046	NNGCAATAAGCACGNNCGTGAGCAGTATNN	0.5
1047	NNATCTTGAGCGCANNAGGTTCCTCTGTNN	0.5
1048	NNCATTCCAAGCCTNNAGCGAGTAAGTCNN	0.5
1049	NNCGATATGAGCTCNNTGAACTGGCTGTNN	0.5
1050	NNCTACCTCGTACTNNCGATCGCCTTATNN	0.5
1051	NNCGTCGACAACTANNCTATATACGCCGNN	0.5
1052	NNCTTGGAACGTGTNNCGCTTGATTGTCNN	0.5
1053	NNTGCAGATTCGCANNCATCAGCGTCATNN	0.5
1054	NNACCACGCTTACTNNGTATGGTTCTGCNN	0.5
1055	NNGTATGAGTGCAGNNACTATGCTGGCANN	0.5
1056	NNACGCAGGTTACANNACTAACGTGACGNN	0.5
1057	NNCACTATTGCGCTNNGTGATACCTGCTNN	0.5
1058	NNGTTCCATCCTAGNNAGGAGATTGGTGNN	0.5
1059	NNACATGAGACGTCNNATGGCGTTGTGTNN	0.5
1060	NNCGGCATTGTAGTNNGTACAATCGGTGNN	0.5
1061	NNAGGTCACGTAAGNNGTAGAACTCACGNN	0.5
1062	NNACGAGGTCTTGTNNATGAAGCCTCGTNN	0.5
1063	NNTAATGGTCCGTGNNTGTCAAGCTCCANN	0.5
1064	NNCTGTGCAGGTATNNGCTACAGCATAGNN	0.5
1065	NNCGCACAGATAGANNTGAACTCTGGCTNN	0.5
1066	NNTGACCTTACTGCNNCAAGTCAGCACTNN	0.5
1067	NNTATCAACTGCCGNNACCTCAAGGCATNN	0.5
1068	NNATCGACTCAACGNNGTTCCATGCGATNN	0.5
1069	NNACGACATCGAAGNNACCACTTGCAACNN	0.5
1070	NNGTACCACTTGCANNTGTTAGACCGGANN	0.5
1071	NNCTACGTGAAGCTNNATCTGTGGTTGCNN	0.5
1072	NNCATATGACTGCGNNCGGACATGCTTANN	0.5
1073	NNTGGTTACTCCTCNNATACGTCGTGCTNN	0.5
1074	NNACGCCGTTAATCNNCTGATGGACTTGNN	0.5
1075	NNCTTAGCTTACCGNNACACTTGCTCCTNN	0.5
1076	NNAGAACTCCGTCTNNCGAAGGATGTAGNN	0.5
1077	NNGTTGGCCATAGANNTAGCTCATTCGCNN	0.5
1078	NNCACCTATCACGTNNTAGAACGGTGAGNN	0.5
1079	NNTGCGTGCAGATANNCGTGAATGTGTCNN	0.5
1080	NNAGACTTCGATCGNNGTAGAGCTTCCTNN	0.5
1081	NNAGTTCATGCGCANNCATACCGAGTACNN	0.5
1082	NNCGACTACGTTAGNNATACCGTGGTGANN	0.5
1083	NNCTGTTCCACATGNNACTGCTGCTGTANN	0.5
1084	NNATGCTTGCGAACNNGCTCTTACTCGTNN	0.5
1085	NNATCCACCACTGANNATTGTGCCAACGNN	0.5
1086	NNTGCGTAAGCTCANNATGGTAACCACGNN	0.5
1087	NNGTAGTGCACTGANNATCTTACGGACGNN	0.5
1088	NNTAGTATTGGCCGNNGTCATCCTCAGTNN	0.5
1089	NNCGAACCACGAATNNCACACTCTTCGANN	0.5
1090	NNCAATGATGGTGCNNGTCGTACGTTACNN	0.5
1091	NNCAAGCCAACTTGNNCTACAGCTGTACNN	0.5
1092	NNACCGTGAAGTCANNCGTAGCGTATGTNN	0.5
1093	NNGTGTGCTCTCATNNCATGGAGGATCANN	0.5
1094	NNAGCCATAGGTTCNNTGAGCATAGGCANN	0.5
1095	NNAGGCTATGCTAGNNACTCCTCTCATCNN	0.5
1096	NNCATGTAGGAACGNNAGGAGGTTGTTCNN	0.5
1097	NNCAGTTGTACGTCNNGCTATAGGCTACNN	0.5
1098	NNAGAGTACATCGCNNGTGGATTCCTACNN	0.5
1099	NNTGCGAACGTTCANNTATAGGAGGAGCNN	0.5
1100	NNCGTCAGTTCAACNNACTTGTCGGTCANN	0.5
1101	NNGCTCAAGCTAACNNTACGCCGCAATANN	0.5
1102	NNCTGCAATCAACGNNACCTTCCGACATNN	0.5
1103	NNTGAGGTCCTGATNNGTAGCTGCTTGANN	0.5
1104	NNGTAAGCTACGCANNACCTTCTCCAACNN	0.5
1105	NNTACGGATATCGCNNGCATTATGTCGCNN	0.5
1106	NNCGGTGTATCATCNNCTAGCTTCCTGANN	0.5
1107	NNCTTCATGTGCGTNNCACATGAAGAGCNN	0.5
1108	NNGTCGGTCAATGTNNCATATGAGCCAGNN	0.5
1109	NNGTCTACAGACGTNNGTGCGGTATACANN	0.5
1110	NNCACTGTCTATCGNNACACAGCGATTCNN	0.5
1111	NNCGACGATTACTCNNAGTGCACATCGANN	0.5
1112	NNAGAGTGTTCGACNNAGTTAGACCGTCNN	0.5
1113	NNACGCATTCTGCTNNGTTAAGAGGCGTNN	0.5
1114	NNGCTCTCAAGGTANNCGATCTGGTAGTNN	0.5
1115	NNCAAGTGCATCGTNNTAAGGCCAGATCNN	0.5
1116	NNTGTGACCTACAGNNTGGTCGTACAACNN	0.5
1117	NNCGATTGTCGACTNNCTGCTATTGGAGNN	0.5
1118	NNCACATAACCACGNNCGCAGATCCATANN	0.5
1119	NNCTAGCAACCAAGNNGTACTGAGAGTGNN	0.5
1120	NNTATCTCCTCCACNNATACTCGTCGTCNN	0.5
1121	NNCGCGATATTGTCNNAGGTGGTCGATANN	0.5
1122	NNGTCTAGTGTGCTNNCGTCTACTACCTNN	0.5
1123	NNATCTAGGCGTCANNCGTCTCAAGACTNN	0.5
1124	NNATGAGGTGACTCNNGCCAAGCTTGATNN	0.5
1125	NNTGAGTCTCAAGCNNCGCAGCTAATGANN	0.5
1126	NNCGTTCGATGTGANNGTTGCAGTACCANN	0.5
1127	NNGCTCTTCTGGTANNGTTCAGGAAGCTNN	0.5
1128	NNCATCCTCTATCGNNCGTATCATGCCTNN	0.5
1129	NNACACGACGTTGTNNCGGAAGCTTCTANN	0.5
1130	NNCGAAGCAGATCTNNCTACACATCCGTNN	0.5
1131	NNAGTACGGTGAAGNNCACTAGGATGGANN	0.5
1132	NNTGTGTAAGGACGNNGTCAATCAAGCGNN	0.5
1133	NNTAGGTCTGACCTNNAGAGCTAGGCATNN	0.5
1134	NNATAACGTGCCGANNAGGACTCTAGCTNN	0.5
1135	NNGCGATGTACATGNNATGAACGCTGCANN	0.5
1136	NNTGGTTCATTGCGNNCTATGCGTGCATNN	0.5
1137	NNCAATCCGTTACGNNCGACAGCCAATANN	0.5
1138	NNGTTCGAGACTACNNACTGGAAGTCCANN	0.5
1139	NNATAACGGCAAGCNNCGTCGCATTGATNN	0.5
1140	NNCAGGACAGATGANNATTCCACGGTGANN	0.5
1141	NNGTTGTTGTCCAGNNACGTCTCATGAGNN	0.5
1142	NNTGAACGAGTAGCNNTGTGCCTTCTTGNN	0.5
1143	NNCGGTTGATTCGANNTGACCACGTAACNN	0.5
1144	NNGTTGAACTGCCANNCTGGTGTCTACTNN	0.5
1145	NNAGTGATCTCGTCNNCTGCTGCATTGANN	0.5
1146	NNTGAAGAGCTTCGNNTGCAATCAGCACNN	0.5
1147	NNGTTCAGGTTCCTNNACGGTTGAAGCTNN	0.5
1148	NNTGCACAGTATCGNNACTCAACCTGTGNN	0.5
1149	NNTGGCTTGATGTCNNAGGAGAGTCAACNN	0.5
1150	NNCTTCTAGCGACTNNATGTTCTGGCTGNN	0.5
1151	NNCAGTCCAATGACNNATTGAGGTCCGANN	0.5
1152	NNCGTCAGATCCATNNTACGTCCAGCATNN	0.5
1153	NNAGGCATTACGCTNNCACACGTCCAATNN	0.5
1154	NNCACATTGGCAGTNNACCGGTATTGTGNN	0.5
1155	NNAGATGGCAACGANNCACAGACAAGCTNN	0.5
1156	NNTACTCATGTCGCNNCGCCATAGTATCNN	0.5
1157	NNTGACAGTTGCTGNNATTACGAGACGCNN	0.5
1158	NNCGTGCACATAAGNNACATACGGAGTGNN	0.5
1159	NNGCAACACACTAGNNAGTCGAATGCCANN	0.5
1160	NNGTCGTAATCAGCNNCGCCTTCATACANN	0.5
1161	NNTACTGTCCGTTGNNACTCCTGTGCATNN	0.5
1162	NNACAGTATCTCCGNNGCACAACAATGCNN	0.5
1163	NNTATCGGTAGGCANNTGTTCGCACCTANN	0.5
1164	NNCTTCCTTGTCGTNNAGAGTCTCGACTNN	0.5
1165	NNATGAGTGGAGCANNCTTCCTTCTCTGNN	0.5
1166	NNGCACTAGGTTGTNNTAACTGACACCGNN	0.5
1167	NNTGTTGCGCATCANNCTTGCATACCAGNN	0.5
1168	NNACGGATAGCATCNNCGGACTGTAAGANN	0.5
1169	NNCATAACGAGCCTNNACGTAAGGCTAGNN	0.5
1170	NNCAGAGTGGATTGNNCGTGCATATCTGNN	0.5
1171	NNTGGCATGTCAACNNACCTAAGTACCGNN	0.5
1172	NNCGATAGAGTGACNNTAGCATGACGGANN	0.5
1173	NNTACGGCAAGGTANNTAATGGCCAGCTNN	0.5
1174	NNCAGAACGGACTANNAGTGGTTCCAGANN	0.5
1175	NNACTGGTGACGATNNATCACCGTTGACNN	0.5
1176	NNTACGAGTGTCGANNGTAACCGTGTACNN	0.5
1177	NNAGTGGTCAAGCANNTGTACCATGTGCNN	0.5
1178	NNTACGCACTGTTCNNTAGAGGAACGACNN	0.5
1179	NNAGGTTCGACTTCNNCTGTTCAGAACGNN	0.5
1180	NNGTTCCTACTGTCNNCGTGATAGATCGNN	0.5
1181	NNAGTCACATTGGCNNGCGAGTTAAGTGNN	0.5
1182	NNGTTCGCGTTAGTNNATCTTACCGGAGNN	0.5
1183	NNGTTCCGTCTCATNNGCAATAGGACCANN	0.5
1184	NNAGTGTTGGCTACNNCGTGGCTGATATNN	0.5
1185	NNACGGTCGATGTANNAGTTGTCAGAGCNN	0.5
1186	NNTGTGTTGGACCTNNTATCGGTGATGCNN	0.5
1187	NNACTCGACAACGANNGTGCGACAATGTNN	0.5
1188	NNTATGGCACACCTNNCATGGCTGAAGANN	0.5
1189	NNCAACGAAGAGAGNNTATGCGGCTAGTNN	0.5
1190	NNGTAGAGAAGCTGNNGTGTAACTCTGCNN	0.5
1191	NNCACGTCAGAGATNNGTAACTGCGATGNN	0.5
1192	NNCACATTCGGTTGNNGCCGTATCGATANN	0.5
1193	NNACTGCAATACGCNNGTGAGACTCGATNN	0.5
1194	NNCTAGGACCAATCNNTGTGCGTGAATCNN	0.5
1195	NNGCACCTCGTAATNNTACACTCACAGCNN	0.5
1196	NNCGTTAGGACAGTNNTATCGGATGCTCNN	0.5
1197	NNTGTGTTGGCAGANNACGTGTACTCGTNN	0.5
1198	NNCACTCAGCTACTNNGTGAATGGTGCTNN	0.5
1199	NNTGACATTGGCGANNCACGGCATATTGNN	0.5
1200	NNCGACTCCACAATNNCGAATAGCTCTCNN	0.5
1201	NNCAATCAGGTGTCNNATCAGCTGATCGNN	0.5
1202	NNCGTCACTAAGAGNNAGAGTCACGTACNN	0.5
1203	NNGTCCTAGTGTCTNNCTACTGATAGCGNN	0.5
1204	NNAGGTGGTACTCTNNCTGCGTCATTAGNN	0.5
1205	NNACTCGCTAACCTNNTGTCGTGAAGTCNN	0.5
1206	NNCGCGATAATGGANNTGGAACTACTGCNN	0.5
1207	NNGTATCCGATCCTNNTAGGAACAGACGNN	0.5
1208	NNTGTGATCGGAGTNNCAGCTTAACGGANN	0.5
1209	NNTACGCGTTCATGNNCAGACACATGCTNN	0.5
1210	NNATTCACCTCCACNNTGCTACATCTCGNN	0.5
1211	NNAGATGACCTACGNNTGACCTTCCACANN	0.5
1212	NNTGTGGAACTACGNNCGACTGCACATANN	0.5
1213	NNAGATCCTGAGTGNNAGGCGTACATACNN	0.5
1214	NNACCTGAAGGACTNNCGTGAAGATGCTNN	0.5
1215	NNTGCGAGTCAAGANNACAAGTCGAGCTNN	0.5
1216	NNACTGTGACAGTCNNGTTGGAATCCTCNN	0.5
1217	NNCACCTGGATACTNNACTGACTGAGGANN	0.5
1218	NNCTGACAAGTTGCNNTAGGCAGAATCGNN	0.5
1219	NNGCTACAGCAAGANNAGCTGAAGCCTANN	0.5
1220	NNACAGCCGTATGANNCAGGCACAATAGNN	0.5
1221	NNCAGCATCAAGACNNATGGATAACGGCNN	0.5
1222	NNCACGCGTCATTANNGCGAGTAATCTCNN	0.5
1223	NNTAAGGCTCGTCANNCATCTAGTGCGANN	0.5
1224	NNGTATGGAAGGCTNNGCTACCAAGTACNN	0.5
1225	NNGTCAAGTCTCGTNNTGCTCCATCTGTNN	0.5
1226	NNCTTCGAGATCCTNNTAAGGAGCTCCANN	0.5
1227	NNAGCACTCTCATCNNCAGTACTCTGCANN	0.5
1228	NNCGCCTTAATCGTNNACAGCCGGATATNN	0.5
1229	NNCAGCGGTATCTANNGCCGGTAATTACNN	0.5
1230	NNGCCAACCTAACTNNGTGCCTGATATGNN	0.5
1231	NNACGAATGATCCGNNTGTATCCGCTTGNN	0.5
1232	NNTGTACAGGAGCANNACGAGTAAGCCANN	0.5
1233	NNTGTTGTCGCAGTNNATGCGCCATATGNN	0.5
1234	NNACTAGCGGTAGANNCTGTCTCAGATCNN	0.5
1235	NNACTGTGCAGACANNCGGCAACGATATNN	0.5
1236	NNCAACAGGCTTGANNCTACTAACACCGNN	0.5
1237	NNAGTGCCAAGATCNNATGTGCGTGTACNN	0.5
1238	NNGTCGCTCTAACTNNACTGCTGAATGCNN	0.5
1239	NNTAGCATGAGTCGNNTAACCAGCTGAGNN	0.5
1240	NNGCCGTATACATGNNGCTTCTTCGCTANN	0.5
1241	NNGCTGTTCTGATGNNCTAACATCGTGCNN	0.5
1242	NNCTATGCGAGGTANNACATGGTCCTTGNN	0.5
1243	NNCAACTTGCCACANNCGATTCCAGTAGNN	0.5
1244	NNGCACACACTAGTNNCGTTACACTGACNN	0.5
1245	NNTAGTCGAGGATGNNAGTGTCTTCGAGNN	0.5
1246	NNACCTATGGTCGTNNATTCTTCGCAGCNN	0.5
1247	NNTGCTACTACCGTNNTACCGATCGATCNN	0.5
1248	NNCTACAGACTGACNNGTAGACCACCATNN	0.5
1249	NNTGGCTACCTATCNNACCAAGGCTGATNN	0.5
1250	NNCAGAAGTAACCGNNAGCACCGAGATANN	0.5
1251	NNGCTATCTCAACGNNCGATATACTCGCNN	0.5
1252	NNAGGCACGTTATGNNACATGCGTTGCANN	0.5
1253	NNATCGTCTCCTACNNTGAGCTTCACGANN	0.5
1254	NNCAGCTGGATTACNNTGAGGCATCTAGNN	0.5
1255	NNCGAGTTCTTGAGNNGCATGCATGAAGNN	0.5
1256	NNCGATAGCTGAGTNNCTGTTAGTGCCTNN	0.5
1257	NNGCAAGTGGTATGNNAGTGTAGCAACGNN	0.5
1258	NNAGGTCACTCACANNCGAGTGTTGGTANN	0.5
1259	NNGCAGTCGTACTANNGTGGTAATGGACNN	0.5
1260	NNTAATGCAGCCAGNNCTGCAGTAAGCTNN	0.5
1261	NNACGGTAGTATGCNNTGGAGGATCCATNN	0.5
1262	NNGCGTAAGACAACNNCACTCGATCCTANN	0.5
1263	NNCTACTCCTGAGTNNGCTCTGAAGGATNN	0.5
1264	NNCGCTCTGTATGANNACTCTGTCTGAGNN	0.5
1265	NNGCGTGCAATTCANNTGCGAGAGATCANN	0.5
1266	NNTAGCGACGCAATNNTATCCACCGGTANN	0.5
1267	NNGTGATATGCGCTNNTGGCTCGCTTATNN	0.5
1268	NNCACTGTCTCAAGNNAGCCATGTTCACNN	0.5
1269	NNCAATCTCTGCGANNAGCTATGTGCCANN	0.5
1270	NNCGATCTCTTCTCNNACCGATCACTACNN	0.5
1271	NNCAGCAGCTGATANNCACGTCTTGTGANN	0.5
1272	NNATGGCTAGTAGCNNTAGCAACAGTGCNN	0.5
1273	NNTAGGCCTAACGANNGCTTATCACCAGNN	0.5
1274	NNCTAGCCGTCTATNNTAGACGGACCTANN	0.5
1275	NNCAAGGTAGAGTCNNCTATCTGTTCCGNN	0.5
1276	NNAGTCGGAGTAGANNGTATCACTGACGNN	0.5
1277	NNGTCTGACGAGATNNCTGGCAGATAACNN	0.5
1278	NNCATCCAATCCAGNNCGGAATTCCTACNN	0.5
1279	NNCACAGTGGTAACNNTGAGACAGGTGTNN	0.5
1280	NNCACCTATAACCGNNGTAACGGTATCGNN	0.5
1281	NNACACGACTTCGANNCGTGATAGACGANN	0.5
1282	NNACTGTTGCGTTCNNAGGTCCAAGAAGNN	0.5
1283	NNGTGAGCTCTCTANNTATGTACGCCAGNN	0.5
1284	NNACAAGCCTACAGNNTGTCTATACCGCNN	0.5
1285	NNATCTCACTCTCGNNCTATGTGGAGTCNN	0.5
1286	NNACACGCTTATCGNNATATCGCTCGGANN	0.5
1287	NNAGCAGTCATCACNNAGAGCTCACTCTNN	0.5
1288	NNACCAAGCACTCTNNGTTACCGCTTAGNN	0.5
1289	NNAGCTCTCACACANNTGCGCTAACTGTNN	0.5
1290	NNGTGAGAGTAGCTNNCGTGTGGATTGANN	0.5
1291	NNCTTACTCAGGAGNNGTGCATCATGTGNN	0.5
1292	NNAGGACAGATCCANNGCAATGGCAGTANN	0.5
1293	NNCTGACTTGGAGTNNCTTGCAGTAGGANN	0.5
1294	NNCGCAATTACTGCNNGTGATCCGAGATNN	0.5
1295	NNGCTAGGTCACTANNCGCGTAATGTGANN	0.5
1296	NNCAGCTTAAGGTGNNAGCTGGCCTTATNN	0.5
1297	NNTAATTCCACGGCNNCGGAGCATTAGANN	0.5
1298	NNTGATCATCGTCGNNGCTCGGATCAATNN	0.5
1299	NNAGTCTGAAGCGTNNATGCTTCGGTTCNN	0.5
1300	NNCTTGCCAACCTANNGCCATCCATTACNN	0.5
1301	NNGTGGTAGTTAGCNNCAATTGCGCATCNN	0.5
1302	NNTATGGAGACTCGNNCGTATAGACGGANN	0.5
1303	NNGCAGGAACACTANNGCTCAAGTGAAGNN	0.5
1304	NNACACACGGCTATNNCACTGGTGAACANN	0.5
1305	NNACAATTCCGGCANNACGCTGCAACATNN	0.5
1306	NNATGGATCCGTTGNNTGGTAAGTGAGCNN	0.5
1307	NNTAGTAGCGTACGNNAGTGTGTGACCANN	0.5
1308	NNCATTCAGGCGTANNCGGTCTTCGATANN	0.5
1309	NNCAGCACTACCTANNGTAAGCCTCCTANN	0.5
1310	NNTGCTTGTCCTTGNNACGCACGTCTTANN	0.5
1311	NNACTGTCCTGGTANNGTGTCGGAATTCNN	0.5
1312	NNGCACACATAGAGNNCTTCTCATGACGNN	0.5
1313	NNGTCGGAACGTTANNTGAGGAGTTCTCNN	0.5
1314	NNCGGAATAACGTCNNGTCTTCTACTGCNN	0.5
1315	NNACCGCTAGATGANNGCTGAACAACTGNN	0.5
1316	NNGTACCAATCGCTNNGCTTCAACGAGTNN	0.5
1317	NNATCTTCAACGCGNNCGTGATGGTGTANN	0.5
1318	NNCGTTGATTCGCTNNCATCACGTCCATNN	0.5
1319	NNATGCATGCCAAGNNGTTCATACAGCGNN	0.5
1320	NNTGGACCAATTCGNNTACCACCGATCANN	0.5
1321	NNCTAGTCTCAGCANNGTCGTCAACACANN	0.5
1322	NNATCGTCGCGTTANNACACGCAGCTTANN	0.5
1323	NNCACCATTGTCTGNNACCGAGTTAGCTNN	0.5
1324	NNCAATGCCTGAACNNGTGTTGCATGCANN	0.5
1325	NNACACCATAACCGNNTGTACAGTCGTGNN	0.5
1326	NNGCTTCAGGATACNNTGATTAGGAGCGNN	0.5
1327	NNTACCAAGGCGTANNGCATGCAACTGANN	0.5
1328	NNAGGACGCATCATNNCTGTTCCGCAATNN	0.5
1329	NNTGGATCTACCACNNATCTAAGCGGTGNN	0.5
1330	NNTGTATGGATGCGNNTGGAATCACAGCNN	0.5
1331	NNCATGTGAGGAACNNAGCATCATGGTGNN	0.5
1332	NNTACTGTGCTGTGNNCAGTAACACCGANN	0.5
1333	NNACTCATCGGATGNNCTGAGCTGTAAGNN	0.5
1334	NNATCGCAACTCGANNAGTAAGTCTGGCNN	0.5
1335	NNTGCCATAACGTGNNGCAGATGTTCACNN	0.5
1336	NNTACATGCCAGCANNCACTCCACAAGANN	0.5
1337	NNTGTCAACGGAACNNGCAGGATTACGTNN	0.5
1338	NNTACCGCTGTATGNNGTGGCTTGCTTANN	0.5
1339	NNGCTAGCCTATCANNCGAGCAGCTTATNN	0.5
1340	NNCGGTAACGGATANNGCACTGAGTATCNN	0.5
1341	NNAGAGTCACACTCNNACCAGAACCTAGNN	0.5
1342	NNTAGTGCCGTATGNNTGCTCGTTGTAGNN	0.5
1343	NNAGTACAAGGTCGNNCGGTCTTCATACNN	0.5
1344	NNGTCGCACAAGTANNTACTACGCACACNN	0.5
1345	NNAGTCACAGACTCNNCATGACACTGTGNN	0.5
1346	NNTGCACTGTTCACNNACGTCAACGTTCNN	0.5
1347	NNGTTGTTCACACGNNTGGAGAGTGACTNN	0.5
1348	NNGTGATCTCCTTGNNTGCAAGTGAGTGNN	0.5
1349	NNACCGTATAGTCGNNGTACCACATACGNN	0.5
1350	NNTGACTAGCTCCTNNGTCTGGTCTGTANN	0.5
1351	NNACTGCGTGCTATNNTAGAAGACGGAGNN	0.5
1352	NNCAGAGTAGTGGANNAGCGTGGATTCANN	0.5
1353	NNCTTAGGAAGGAGNNCACACATAGGACNN	0.5
1354	NNGTAGTTGGAAGCNNTGCCGTAAGACTNN	0.5
1355	NNCGTTATTCGGCANNAGAAGCACGTGANN	0.5
1356	NNATGCGGTGCAATNNTGAACCTCGCTANN	0.5
1357	NNTGCTCAGCGATANNGTTGTGGTATGCNN	0.5
1358	NNTGCCAAGTCTACNNTACTCACTACCGNN	0.5
1359	NNCGGTTAGATCTGNNGTAATCCGGTCANN	0.5
1360	NNACGTACCTTCCTNNAGCTAAGTCCGTNN	0.5
1361	NNTGATGCAATCGCNNACGACGTTCGATNN	0.5
1362	NNGCCACTTACAGANNAGTTCCAAGGTGNN	0.5
1363	NNAGGCGCAATCATNNCGAATTCCTGCTNN	0.5
1364	NNCGACAACTCCTANNCGCATACCTTGANN	0.5
1365	NNCAAGACGTCGTANNTAACCTCTCGACNN	0.5
1366	NNCTTGGTTCCTGTNNCTGGCTCATTGANN	0.5
1367	NNTGTCTATGTGGCNNAGGAGGATTCACNN	0.5
1368	NNAGCTTGACACACNNATCTCAGGTACGNN	0.5
1369	NNGCGCTTGCATATNNACTCGTGTTGCTNN	0.5
1370	NNGCGGCGAATATANNCACAAGACCACTNN	0.5
1371	NNGTTAAGCACGAGNNCACAGTGAACGTNN	0.5
1372	NNCATGATGCTTGCNNTAGCCACATGAGNN	0.5
1373	NNACGATTGTGGCANNGCTCCACAACATNN	0.5
1374	NNAGTTGACCGAGTNNACTGGCATACCTNN	0.5
1375	NNATCACCGGTAGTNNAGTACCATGCGTNN	0.5
1376	NNTGCTACTCTACGNNACGAGACGTATGNN	0.5
1377	NNCACTGATAGACGNNCGTTGCAGGAATNN	0.5
1378	NNGCTAGTCAGAACNNGTGGACAAGATGNN	0.5
1379	NNCTATAGGCGTCTNNCTGCCTACATTCNN	0.5
1380	NNCAGACTTGGTTGNNCATGGATCACTGNN	0.5
1381	NNGTTCGAATGACGNNAGTACAGTGTGCNN	0.5
1382	NNGTGCCTAATTGCNNACTAGCGAAGGANN	0.5
1383	NNCAACACACGTCTNNAGATGCTCTCCANN	0.5
1384	NNCACGTTGAACTGNNATAGCCTCGTTCNN	0.5
1385	NNACCTTAGACGAGNNTAAGTCGGTCCANN	0.5
1386	NNATAGGACCGTCANNTAAGCACTCCTGNN	0.5
1387	NNGCAGAACAGATCNNAGTGCTTGGCTANN	0.5
1388	NNACAACTTGTGGCNNCAAGAGCACTTCNN	0.5
1389	NNGTGTCCGATTGANNACCGTCGAATTGNN	0.5
1390	NNCGTCCTACAATCNNTGCAGTAGCTTCNN	0.5
1391	NNCGTATCAGCAACNNACGCAATATGCGNN	0.5
1392	NNCACATTCAACGCNNCGCTAAGACTACNN	0.5
1393	NNTGACTCAGTGCTNNCGACGACAATCANN	0.5
1394	NNTACGCGATAGACNNCGAAGACTGTCANN	0.5
1395	NNTGATTGGACCAGNNACAACTGGCTCANN	0.5
1396	NNCTACTGGATGCTNNGCATTCTGCTAGNN	0.5
1397	NNATCATCCACGCTNNACAGTAAGGCGANN	0.5
1398	NNGTAGCGCTACTANNGTTGACAGCTACNN	0.5
1399	NNCTGAAGGTCGATNNGCGGCATGTATANN	0.5
1400	NNACGTCTCGTATCNNTACGTAGAGACGNN	0.5
1401	NNATTCGAGAGGTGNNTGACTGCTGATCNN	0.5
1402	NNGCGTCATTCCATNNTAGGTCAGGTGANN	0.5
1403	NNATCGCAACACCTNNTGGTTATACGCGNN	0.5
1404	NNATACGTCAGTCGNNGTTCAGAACGGANN	0.5
1405	NNTATCTCCGCAGTNNCAACGGTGTACTNN	0.5
1406	NNCGTTGACGGTTANNCACCATCGAAGTNN	0.5
1407	NNAGCCGACTATGTNNGCAAGTCCTATCNN	0.5
1408	NNCTGACTGTGTGANNCACAAGACTCTCNN	0.5
1409	NNTAGTTCCGGAGTNNTGTGGCTTGGATNN	0.5
1410	NNATCGTATCGCCANNCTATAGGCTGAGNN	0.5
1411	NNCACTACAGGTGANNCTAGTTGGCTCTNN	0.5
1412	NNATGTACTCGGTGNNGCTCAACATCGANN	0.5
1413	NNCGACAAGACATCNNAGAGGCTAACCTNN	0.5
1414	NNCGAAGTACTAGCNNTACACCTAGCGTNN	0.5
1415	NNCAGGTTGCGAATNNCGCTTATGCACANN	0.5
1416	NNAGCAAGCGATACNNACTTACACCGAGNN	0.5
1417	NNACTCCGTTAGGANNTAACGTGTGGCTNN	0.5
1418	NNATCTCGATACCGNNCGCTATTCTCGANN	0.5
1419	NNCAGCCGAATAACNNGTAACACGTCTGNN	0.5
1420	NNGTCGATGAGTAGNNGTTGCCTCAATGNN	0.5
1421	NNGTGAATCGTCGTNNAGCGATCGCAATNN	0.5
1422	NNCAACGGAACAGTNNCGGTCGTTACTANN	0.5
1423	NNCTGCTGTGAAGTNNAGACGGACTACANN	0.5
1424	NNACAGGACACATGNNTGCGCTGTGTTANN	0.5
1425	NNACGCTCTACTGANNGTTCTCGTCCTANN	0.5
1426	NNAGCCTCGTCATANNCAAGGTGGAATGNN	0.5
1427	NNCGACTATTCCAGNNCTGAAGAACTCGNN	0.5
1428	NNGTCACGCTCTTANNAGCTAGATGACGNN	0.5
1429	NNCTAAGGTCCTTGNNACGTGCATATCGNN	0.5
1430	NNCGCAGTTCTAGANNACGCAGCTTAACNN	0.5
1431	NNATCGATAGGCTCNNTACAGATCGTGCNN	0.5
1432	NNGCGAGATGGTATNNTACATCACGCGTNN	0.5
1433	NNTGACTCAGCAGTNNGTCAACTTGGAGNN	0.5
1434	NNAGTTGCACACGTNNATGTGCAGAGTCNN	0.5
1435	NNGCACATCCAAGANNGCCGGCAATAATNN	0.5
1436	NNGTGATTGCGTACNNCATGGAGTCTGTNN	0.5
1437	NNTAGACAAGTGCGNNATGCACGACTTGNN	0.5
1438	NNTAGGAAGCTTCGNNCTTCACAGGTACNN	0.5
1439	NNGTTCCAACATCGNNAGTGTCGAGAACNN	0.5
1440	NNCATCACGGATACNNCGTGTAACCTACNN	0.5
1441	NNCTTCTGTCGATCNNACGGAATCGCATNN	0.5
1442	NNACGTCTACGTCANNCTGTCGAGATTCNN	0.5
1443	NNGTGATCGCACTANNTACCGCAACTTGNN	0.5
1444	NNAGCGAAGAGTTGNNAGACAACGCTAGNN	0.5
1445	NNCAGATTGTGGAGNNAGCCGAACAGTANN	0.5
1446	NNTGACTGCACTCANNCAGAGGCCTATANN	0.5
1447	NNAGCGAGTAGTGTNNTGCTCTCACAGTNN	0.5
1448	NNAGAACTGAGACGNNCGCGTATAAGAGNN	0.5
1449	NNGCTAGCCACTTANNCAGTCGTATAGCNN	0.5
1450	NNATTGCAGGTCAGNNACTCAGTGCTGANN	0.5
1451	NNTACGGATGCGATNNACGCGTAACTTGNN	0.5
1452	NNCATTAGGCGGATNNTAACCTGGTAGCNN	0.5
1453	NNGTGACAGATGTCNNACAGTGCAATGCNN	0.5
1454	NNAGCGTTCTCAGTNNGTCCGTTGCAATNN	0.5
1455	NNATCGACGATCTCNNATAAGCGCCTTCNN	0.5
1456	NNAGGCGTAGTATCNNCACTACTCCTAGNN	0.5
1457	NNCTTGAGAAGCTCNNTAAGGAACGCACNN	0.5
1458	NNATCTACGCTCTGNNGCCTACTGTATCNN	0.5
1459	NNGTGAACCAAGACNNCGCTATTAGCACNN	0.5
1460	NNCTGAGTGATTGCNNCGTTCAGAGAACNN	0.5
1461	NNCGTTGTCTCGTANNAGCAACCAATCGNN	0.5
1462	NNTGTTCCGTCATGNNAGACGGAATTGCNN	0.5
1463	NNACTGTGTGTGTGNNGTGTTCTCGACTNN	0.5
1464	NNACCTTGCTCTTCNNCTATGACCTGCTNN	0.5
1465	NNACTGACACGAAGNNGTTAACCACCACNN	0.5
1466	NNTGAGTGCAGGATNNAGCTCCAGAATCNN	0.5
1467	NNTGGATAAGCGTGNNTGAGTCATCGACNN	0.5
1468	NNTAGCTGGTTCACNNAGTTACAGCGGANN	0.5
1469	NNAGTCAGACAGACNNGTTAGTTGCGCTNN	0.5
1470	NNATGACTGACCGANNATCGAGGCAGATNN	0.5
1471	NNACCTAATGCGAGNNTAGTGAGTGCACNN	0.5
1472	NNTGCTGAGAGACTNNACATCGATCCTCNN	0.5
1473	NNTAATCCACCTCGNNTGATCGCGATCANN	0.5
1474	NNGCTCTTCACTCANNTATCGCCGATAGNN	0.5
1475	NNATCATACCGCCTNNAGTAGCGTGTCTNN	0.5
1476	NNCTACTAAGCGCTNNCAGTGCAACTTGNN	0.5
1477	NNATTCCGCTATCGNNATTGGCCAATGCNN	0.5
1478	NNCATACACCGAAGNNACGAATCACTCGNN	0.5
1479	NNCGAATCCAACACNNCGGAATGATCAGNN	0.5
1480	NNACCGCAATGTCTNNGTGCTTATAGGCNN	0.5
1481	NNCACTGAGTGAAGNNAGATGTGGTACGNN	0.5
1482	NNCACCAAGTACTCNNAGTGGATTGCGANN	0.5
1483	NNCTGTTGGACGTANNGTTGAGGCTACTNN	0.5
1484	NNGTACGAACCTCTNNATGGCAACCAACNN	0.5
1485	NNACATACACGACGNNGCTATAGTACCGNN	0.5
1486	NNTGCACCAGATTGNNGCATCAGACTCTNN	0.5
1487	NNTAAGGCCTGAAGNNCACTACTCTCCTNN	0.5
1488	NNCGACCTGAGTATNNATATCCGCACACNN	0.5
1489	NNTGAATGATGCGCNNGTCGGAATAGGANN	0.5
1490	NNCTAGTAGTGGCANNAGTGAACCTGGANN	0.5
1491	NNACTCAGTGACTGNNAGTAGTCCTTCGNN	0.5
1492	NNGTGATGCCGATANNGTGGTAGACACTNN	0.5
1493	NNAGAGGTATCGTGNNTGGAAGGCTAACNN	0.5
1494	NNATAGGTCCAGCTNNTGCGAGTCTTCTNN	0.5
1495	NNCATTCCGGATAGNNATATTCGAGGCGNN	0.5
1496	NNGTAATGGTCGTCNNACGGTTCACACANN	0.5
1497	NNGCAGTGCTCAATNNTAATGGCTCGAGNN	0.5
1498	NNATGCACAACAGCNNTGCACGAACTTCNN	0.5
1499	NNCAAGCAATGGAGNNACGGTATCCTACNN	0.5
1500	NNGCCAGATCAGTANNATACAGCGACCANN	0.5
1501	NNTAGACGAACGCTNNTGGTTCGGTTCTNN	0.5
1502	NNGCGATGAGAAGANNTGAGTGGAGACANN	0.5
1503	NNACGTCAATGCAGNNCGCTTGAAGGATNN	0.5
1504	NNAGTGCCTCTAAGNNGCACACCACATANN	0.5
1505	NNCGCGAATAAGCANNGCATAGGAGAAGNN	0.5
1506	NNCACTGAGGATCTNNAGTCGCTCACATNN	0.5
1507	NNGTTCATGGCTTCNNGCCAATTCGGATNN	0.5
1508	NNGCAGATCTAGCANNGTTGTAGACCGANN	0.5
1509	NNCGGTTATGACTGNNTACCGATGACGANN	0.5
1510	NNATCGAAGGTGGANNCATTGAAGGCTCNN	0.5
1511	NNGTAGGAAGGTAGNNGCAATCCGATGANN	0.5
1512	NNATACCGGTCACANNCTTCGCACGAATNN	0.5
1513	NNGTTAACGCAGTCNNAGTACGAGGATCNN	0.5
1514	NNGTAGTTCAGCCANNCATAAGCAGAGCNN	0.5
1515	NNTAGCGCCATAGANNGCTGCATAGCATNN	0.5
1516	NNCAGAACAGCAGTNNCACATCATCGAGNN	0.5
1517	NNCGAACCTACAGANNTGCATCTGCACANN	0.5
1518	NNGCACCGTTATAGNNACGCAATCCTTCNN	0.5
1519	NNGCTAACTTCGTCNNGCTCATAAGCCTNN	0.5
1520	NNAGCACCACTTAGNNATACTGCGGACTNN	0.5
1521	NNTGACTCCTTCGANNGCCTACACATGANN	0.5
1522	NNATGATGCACCGTNNTGGAGTTGGACTNN	0.5
1523	NNCGAGAGCGATTANNTACGCCATCTTGNN	0.5
1524	NNACTGAGGCGAATNNCACCTATGTCACNN	0.5
1525	NNCTTCCAGTCACTNNCGCGATAACACTNN	0.5
1526	NNAGGACACAACAGNNGCTGTTATCGGANN	0.5
1527	NNTGTGACTCTGCANNACGTTGAAGCCTNN	0.5
1528	NNAGATTCCAGCGANNTACAGCCATAGCNN	0.5
1529	NNCGGAAGACAGTANNATCTCACACCACNN	0.5
1530	NNCTGTACAACGCANNCGTACTCTGTTCNN	0.5
1531	NNCGCATACTACACNNATATCACGCACGNN	0.5
1532	NNAGGTAGTAAGCGNNCTAAGGTTGTGCNN	0.5
1533	NNATTCACGGCCTANNAGAGCCACAAGANN	0.5
1534	NNCGACGTATTGACNNTATGTCCGAGCANN	0.5
1535	NNCTTAACGACGCANNTACCATGAGCAGNN	0.5
1536	NNCATGTTCGTGTGNNCAAGTACAGCACNN	0.5
1537	NNGCCTCAATAGACNNAGGAGCCATAGTNN	0.5
1538	NNCGCATAGAAGACNNGTCGCGATATTCNN	0.5
1539	NNATCTGAGGACGTNNATCTCCTGCTGTNN	0.5
1540	NNAGATCGCCAAGANNGTGGCAATAGTCNN	0.5
1541	NNGTTACAACCTGCNNACTGAAGACCAGNN	0.5
1542	NNGTATGCCGTAACNNTGTTCGAGTCGANN	0.5
1543	NNGCAGGTTAAGACNNTATAGGCGCGATNN	0.5
1544	NNCAACCAGGTTCTNNGCAGCTTGTTCANN	0.5
1545	NNGCTTAGCACAGANNGTACGCTACAGTNN	0.5
1546	NNAGTTGCCGAAGANNCTGTCATAGGCANN	0.5
1547	NNCACCTCCAACTANNCAATGCCTTGGANN	0.5
1548	NNCAACATGCTGCANNGCCAATTGAAGCNN	0.5
1549	NNTAGCACGTAGCANNCATCTGCTGAGTNN	0.5
1550	NNTGTCATCTGCCANNAGCATACGCTGANN	0.5
1551	NNATAGGAGCGACTNNACACCTAAGACGNN	0.5
1552	NNCTTCTTCTGGCANNATGATAACGGCGNN	0.5
1553	NNTAGACACTCGAGNNCTGTAGTGATGCNN	0.5
1554	NNAGTAGTTGCCGTNNTAGCTGGTACTGNN	0.5
1555	NNATCGTTCGACGTNNGTTCCAACGCTANN	0.5
1556	NNCTGCATGTAGGANNGTCACTCTGAGTNN	0.5
1557	NNATCTCTCAAGGCNNCTAGGCAGTTCTNN	0.5
1558	NNAGGACAACTCAGNNATCCACGTCTCTNN	0.5
1559	NNCGCTACAGTACANNTAGCAACGGACANN	0.5
1560	NNCGTTCTCGCTTANNATGCTAGTGACGNN	0.5
1561	NNCTTCACTTGCACNNCATGGAATCGTGNN	0.5
1562	NNCAACCACTCAGTNNACGATGCCTTACNN	0.5
1563	NNTGGCTATGGAAGNNAGCAGTAGAGCANN	0.5
1564	NNTGATGTGTGCCANNGCGGTATTCACANN	0.5
1565	NNTGTTGCAAGCTGNNGTTGATCTTCCGNN	0.5
1566	NNGCAGGATGAATCNNAGGCTGCGATATNN	0.5
1567	NNTAACGGCACCTANNACTGTGAATCGCNN	0.5
1568	NNATCTCCTAGGTGNNCGTTCAGCTCATNN	0.5
1569	NNACTTGACGCTGANNTGACATTGCCAGNN	0.5
1570	NNTGTACGACTCACNNATGACGGAGGTANN	0.5
1571	NNTATGCTAGCGCANNGTCTAGTACACGNN	0.5
1572	NNTAGACTTCCGTGNNATTAGCCTGGCANN	0.5
1573	NNCGGACAACATGTNNTAGAGCCAACCANN	0.5
1574	NNATCGTTGGTAGCNNCGGAATTCTGCANN	0.5
1575	NNGCGAGATCAATGNNCATCGCATACAGNN	0.5
1576	NNCGAAGACACAGANNAGAGCAGTTAGCNN	0.5
1577	NNTGCCTTCACGATNNCACTAGGAAGAGNN	0.5
1578	NNGCTGACTACAACNNCTAGAACGTTGCNN	0.5
1579	NNACCTACCAGTACNNGTTAACCATGGCNN	0.5
1580	NNTGGAATGGACTGNNTAAGGCCAATGCNN	0.5
1581	NNCACCGAATTCTGNNCAAGCTATCCGTNN	0.5
1582	NNAGGCTGTGAACTNNACTAGCTGCTAGNN	0.5
1583	NNAGTTGGTACCGANNCTATGTCAGGCANN	0.5
1584	NNAGTGTTCGGATGNNGCTGATCAAGCTNN	0.5
1585	NNACCAGGAGATGANNGCATGGTTGACTNN	0.5
1586	NNTATGCCGAAGACNNAGTCTCCGGAATNN	0.5
1587	NNCGTCAGTGATGANNATTCGCGCAAGANN	0.5
1588	NNACGACACTCTAGNNAGGCTTCGTAAGNN	0.5
1589	NNCATATATGCCGCNNCGGTTGAACTGANN	0.5
1590	NNACGCTATCGTGTNNACCTCGTCTTGANN	0.5
1591	NNGTGCTTGGTATCNNCATCCATCGAGTNN	0.5
1592	NNGTATCGTGGATCNNAGAAGAGCGTAGNN	0.5
1593	NNAGGACCACCTTANNGTGGCATCACTANN	0.5
1594	NNGTCAGTTCGCATNNTACACTTCCTGCNN	0.5
1595	NNCGTACTTCGAACNNACACTCAGTCAGNN	0.5
1596	NNCTTAGGTCCAAGNNTGCAGTAGTTCGNN	0.5
1597	NNCACTAGATGAGCNNAGTGCGGTAAGANN	0.5
1598	NNTGCAAGCAGTCANNATGAAGCGTTCGNN	0.5
1599	NNAGCTCTTCCAAGNNATGCAACGAGGANN	0.5
1600	NNTATCAAGGTGCGNNAGTCGAGAACGTNN	0.5
1601	NNAGATGGTTGTCGNNTACGGTCGACTANN	0.5
1602	NNGTGTGACCTCTANNGCTACACACGATNN	0.5
1603	NNGTCTGTGTTGTGNNGCGCATTAGACANN	0.5
1604	NNGCGCCATTATCANNAGTAGCGCATTCNN	0.5
1605	NNTGTTGGTAGCAGNNATGCACCAGAGTNN	0.5
1606	NNCACCGTATAAGCNNGTAATCACACCGNN	0.5
1607	NNCAGTTGCGTTAGNNACAACCGCTAGANN	0.5
1608	NNGTACGCTTAGGANNCGAAGTCATGGANN	0.5
1609	NNAGATGAGAGCACNNGCTAGACTAGCTNN	0.5
1610	NNTGCTCCAAGTTCNNGCTAACGACAGTNN	0.5
1611	NNCTACTCCTGTCANNTGCGCATGTGTANN	0.5
1612	NNCGGTGAAGTACTNNCAGCATTCAGCTNN	0.5
1613	NNGCAGCTAGAAGTNNTAGCAGCTATGCNN	0.5
1614	NNCAACACCTGAAGNNACCATTGGAGAGNN	0.5
1615	NNCGAGTGATGACANNCTAAGTGCGTCTNN	0.5
1616	NNCAGATTCGACTGNNACACGGAACCATNN	0.5
1617	NNGTGACGAACTCTNNTGCGCAATGACANN	0.5
1618	NNTATGCGGCCTTANNTGATCGTGCTGANN	0.5
1619	NNTGCTACACTCACNNGTTAGGCTCATGNN	0.5
1620	NNACATGGACTCCANNACGCTGCGTAATNN	0.5
1621	NNATCTAGCGCTGANNGCTAAGAACCAGNN	0.5
1622	NNCAAGCTCTGAGTNNATCAGTCTCGGANN	0.5
1623	NNAGTTACCTCCTCNNCGCTCAATACACNN	0.5
1624	NNGCTGAGTCTTGANNCACAAGCGTTCTNN	0.5
1625	NNACACGCCTAGTANNGTTATACGCTCGNN	0.5
1626	NNACGACACCATCANNATCTGCAATGGCNN	0.5
1627	NNTACGTGTGGATCNNGTTCTTGCGATGNN	0.5
1628	NNTGCTCCTGAACTNNGTCGGAGTATCTNN	0.5
1629	NNAGTGGAGCATCANNCTAGCAAGTGTGNN	0.5
1630	NNTGGTCCACGATANNTGGCTCAAGATCNN	0.5
1631	NNCACTGTGCTAAGNNATCCATGTCAGCNN	0.5
1632	NNCGCGATACATGTNNTGCTGACACCTANN	0.5
1633	NNGTATGGTTGGCANNATGGACATGGCANN	0.5
1634	NNTGGAGTGAGGTANNATTGATCGACCGNN	0.5
1635	NNATCTCCGATGCTNNGTCCAGCATAACNN	0.5
1636	NNCTTAGTAGCTGCNNTAGGCAATCGTGNN	0.5
1637	NNTGGCAATGCATGNNCTAATCACCAGCNN	0.5
1638	NNTGCCAGACAATCNNTACGAGTACTGCNN	0.5
1639	NNTGTAGTGAGACGNNGTCTTCTGACTGNN	0.5
1640	NNAGGACCTGATAGNNAGCGTAATGGAGNN	0.5
1641	NNGCATGATTCGGANNCATCCTCTTGACNN	0.5
1642	NNGCGTCTAAGTACNNGTGTTACGAGCTNN	0.5
1643	NNACGCCTGATCATNNCGAGACTATGCANN	0.5
1644	NNATAAGCCTGGACNNATATCGGCCATCNN	0.5
1645	NNCGCGCTATACTANNGCTCAGAGTAGANN	0.5
1646	NNCATGTGGTCTTGNNGTGATGTTCAGCNN	0.5
1647	NNTGTGCGGTATTGNNTGCCAAGAGAAGNN	0.5
1648	NNTGCACTCATGAGNNGTACCGTCTTGANN	0.5
1649	NNGCTGGACTCATANNAGCAGTCGGTTANN	0.5
1650	NNGCCGTTGATATCNNGCGAATATTGCGNN	0.5
1651	NNTGCGACGTAACANNTGGTACAGTGAGNN	0.5
1652	NNCATCCTTGGTCANNACAGTCACACAGNN	0.5
1653	NNATCCGAAGGAAGNNATACGCTGGTAGNN	0.5
1654	NNACCAGTCGTTAGNNCGACCTAATACGNN	0.5
1655	NNAGAGTCTCGGTANNCTTCACCGAATGNN	0.5
1656	NNAGCGGCGAATATNNGTGGCTAAGCATNN	0.5
1657	NNCTAGTTACGGCTNNACACACTACCGTNN	0.5
1658	NNAGCTAGGAGTCTNNAGAATACACGGCNN	0.5
1659	NNTACTGTCTCGTGNNAGCTAGGACACANN	0.5
1660	NNTAGTATAGGCGCNNGCCTGTAGGTTANN	0.5
1661	NNCTTCATCCGCATNNCGCAGATAACTCNN	0.5
1662	NNATGTCCGTTGTCNNCTGGAAGACTCTNN	0.5
1663	NNCTTCAGCAACAGNNGCATGTCTTGAGNN	0.5
1664	NNTACCGAGACATCNNCATGCAACTCACNN	0.5
1665	NNCGATCTTCCAGTNNTGAAGCTATCCGNN	0.5
1666	NNACTCGAACTTCGNNACCACTCCTGTANN	0.5
1667	NNACGGACTCAGATNNCACTCAAGCTACNN	0.5
1668	NNGTAGTTACCGGANNAGAGTCATTCCGNN	0.5
1669	NNATCCGTACTGGANNACCAGAGGTTACNN	0.5
1670	NNTGAGCGCTTATGNNACTAAGCACGGANN	0.5
1671	NNCGCAACATACAGNNCGTACTCCAATGNN	0.5
1672	NNAGCGTCACCTATNNATCAATCACCGCNN	0.5
1673	NNGCTTCTTGACCANNCTGTCATGCGATNN	0.5
1674	NNTGCTGCTGAAGANNCTGTCGACTGATNN	0.5
1675	NNGTGCAGTACAGANNATGGTACTCCGTNN	0.5
1676	NNCTGATTGGTGAGNNATCAGCACACTCNN	0.5
1677	NNTAACCGAGAGCTNNCATGCAGCGAATNN	0.5
1678	NNACTTGGCAAGTGNNGTACCTGCGTATNN	0.5
1679	NNCTATACCGCATCNNAGGCAGTACCATNN	0.5
1680	NNCATGACGTCTCANNTAGGTAAGCCACNN	0.5
1681	NNAGCATATCTCGCNNATGGACGCTATGNN	0.5
1682	NNCGGTTAACCAGTNNCATTCGCTGCATNN	0.5
1683	NNAGTGGTACTGGANNTATTGAGCTCGCNN	0.5
1684	NNCATAGCGGAAGTNNTGGTGGTATCTCNN	0.5
1685	NNTGTGTAACGCAGNNGTATGGAACAGCNN	0.5
1686	NNCGTGACAGAACTNNCTTGTCGTGTGTNN	0.5
1687	NNCATATACAGGCGNNATACTCTCGTCGNN	0.5
1688	NNATGCAGACGACANNAGGTAACTGCTCNN	0.5
1689	NNATGACCTCCAAGNNCAGAGGATGAGTNN	0.5
1690	NNATCCGAAGAAGCNNCAACCACTTCGANN	0.5
1691	NNTGTCATTCCGTGNNAGTGACAACGTGNN	0.5
1692	NNTATCATCGGCACNNGCGATCGTCTTANN	0.5
1693	NNGTGTCAGACTAGNNACATTCCATCCGNN	0.5
1694	NNACCTAATCCACGNNCAGCTATTCCTGNN	0.5
1695	NNACATCGTGTAGCNNTGCTAGAGCTGANN	0.5
1696	NNACAACGAGCTGTNNGCGGATTCGTATNN	0.5
1697	NNTAGTGTTCCGTCNNCGGATCTGCAATNN	0.5
1698	NNACATGGTGAGCTNNCACAACGATGAGNN	0.5
1699	NNAGTCCTACGTGTNNACCACCTCTATGNN	0.5
1700	NNGCGCTATAGTACNNCGACAGTATCACNN	0.5
1701	NNGCATTCAGGTTGNNCGTTCAGTCCTANN	0.5
1702	NNCGAGTGTCGTATNNACAGGACGATAGNN	0.5
1703	NNCGCGCAATAATCNNCTACTTCGTCGTNN	0.5
1704	NNGCTTATGTGGCTNNACCACATCACCTNN	0.5
1705	NNATAGCCGACTCTNNGCAGACTGATAGNN	0.5
1706	NNTGGTTCCTTCCTNNCTTCGGCGAATANN	0.5
1707	NNGTAGCGCTATGTNNAGCTTGTCAAGCNN	0.5
1708	NNAGGTTGGATTCGNNTATTCGCTTGGCNN	0.5
1709	NNCGGTATATGGCANNGCACGATTGGTANN	0.5
1710	NNGTTGGTGTGACANNACTGCGCTTACANN	0.5
1711	NNCGTCGTAATCCANNTGGATGCCATACNN	0.5
1712	NNCATGTCAGCTGTNNTGTCGATCAGTGNN	0.5
1713	NNCAGTCGGCTTATNNCAAGCTGTCAAGNN	0.5
1714	NNTGCCACTAAGTGNNTGACTACTCTCGNN	0.5
1715	NNTGTGATCGGTCANNTAGGCTTCCTGANN	0.5
1716	NNCACTAGCGAGATNNTAGCCTGGAACANN	0.5
1717	NNTAATCCGGCTACNNAGTAGCATCGCANN	0.5
1718	NNATATGGCATGGCNNTACGACCAGAAGNN	0.5
1719	NNGTTCTCACGAACNNTGTGAGCACAAGNN	0.5
1720	NNCAATGAGGCGATNNATAGTTGCTCCGNN	0.5
1721	NNTAACCAAGGCTCNNCTGGTTGTACACNN	0.5
1722	NNACGTTGTGTGTCNNGTGTAATCGTGCNN	0.5
1723	NNAGACTCGCGTTANNCGCGTTATGTTCNN	0.5
1724	NNACAGGTATGCCTNNGTGAGTCATGGANN	0.5
1725	NNTACATCCTCACGNNAGCCTGTACATCNN	0.5
1726	NNAGAACCAGGTTGNNTGAGACACGATGNN	0.5
1727	NNAGCGGAGGTATANNCGGACATAAGGANN	0.5
1728	NNCTTGCCAGCAATNNATGAGGATGGTGNN	0.5
1729	NNGTGCGGCTATATNNGTAGGCCTATAGNN	0.5
1730	NNAGATACGTGCAGNNTAAGCATCCGGANN	0.5
1731	NNACAAGCGCATACNNGTAACGTCACGANN	0.5
1732	NNTATTGGCTACGCNNAGAGTTGAGCGTNN	0.5
1733	NNTGGAGTTACGACNNTGCTTGCTTGTGNN	0.5
1734	NNCGTGGATAGTGANNAGCTCATCTGAGNN	0.5
1735	NNAGCTATGGTGTGNNCAAGCCTATGAGNN	0.5
1736	NNACTGCAACAACGNNCTTGAGTAAGGCNN	0.5
1737	NNCATCGGACCTATNNGCCTATATGCACNN	0.5
1738	NNAGGAGATGCATCNNAGCTGAACTTCGNN	0.5
1739	NNACTGCTAGCGATNNGCATGAGGTACTNN	0.5
1740	NNTGCGAGTTCCATNNACGGACTGAACTNN	0.5
1741	NNATGAACCGTCTGNNACAGCAGTTGAGNN	0.5
1742	NNCTTAGGAATCGCNNCTGATTAGCGTGNN	0.5
1743	NNATTCTTGAGCCGNNGTGTACCTTGGANN	0.5
1744	NNGTTGTCACAGACNNCGATAGACGTGTNN	0.5
1745	NNCGAGACTTAGTCNNCGTATGCAGTCTNN	0.5
1746	NNGCCTTCACTGTANNGTACCGTATGACNN	0.5
1747	NNGCATCGAATGACNNCGTCTCGGAATANN	0.5
1748	NNCTTGAACCTCCANNGCTCATACCTACNN	0.5
1749	NNACTGAACGACGTNNGTTCTCGAGTCTNN	0.5
1750	NNCGTCGTAATGTGNNGTGGTTCCATCTNN	0.5
1751	NNGCAACAACTACGNNGCACGTGACATANN	0.5
1752	NNTGTGGTATCGCTNNACCTAACCGCTANN	0.5
1753	NNCACAGTCCATTGNNTAGTACCACTGCNN	0.5
1754	NNCAGCGAACAGATNNGTAGTAATGCGCNN	0.5
1755	NNTGTAACCACGAGNNCATAGAACCTGCNN	0.5
1756	NNCAACGCATACGTNNTGGCGCATAATGNN	0.5
1757	NNACTTCAGCTCCANNATGGCCATAGTGNN	0.5
1758	NNACTGTACGTCGANNGCTATCACCGTANN	0.5
1759	NNATTGCACCTCTGNNCGACCACAGAATNN	0.5
1760	NNGTCAACGTGTTCNNCGTGAGGAGTTANN	0.5
1761	NNTAAGCGGTTACGNNGTTCTGAGGTGTNN	0.5
1762	NNCTTGCCTTACTGNNCTACTGGTGCATNN	0.5
1763	NNGCTCTTCAACCTNNAGGACTTGGAACNN	0.5
1764	NNTGTCATGGATCGNNATCTGGATCGACNN	0.5
1765	NNTGTTCGTCACCANNAGCACTGTTCCANN	0.5
1766	NNACCGATGTTCGANNAGCAAGAGCCTANN	0.5
1767	NNGTTAGTGCTGAGNNTGAAGAGCGTTCNN	0.5
1768	NNACCAACGCATCANNGCATGGCATTACNN	0.5
1769	NNACGGAAGTCAAGNNTAACCTAGCCACNN	0.5
1770	NNCGCATTGTGTGANNTATGACAGCGCTNN	0.5
1771	NNAGCCTGATCGTANNCAAGCCTAGAACNN	0.5
1772	NNAGCATCTGAGTCNNAGCTTAAGCCACNN	0.5
1773	NNGCATAGTGTCACNNCATGCAACGTGANN	0.5
1774	NNTGACCGTTACCANNGTATCGGAGTACNN	0.5
1775	NNCTGGTTATGGAGNNTGTTCGGAATCGNN	0.5
1776	NNATCCTCCTGACANNCGCTGATGTTAGNN	0.5
1777	NNTATCGGCGTATGNNTATCCGACTGAGNN	0.5
1778	NNAGGCGAATAAGCNNGCATCCGTCATANN	0.5
1779	NNATAACCGTCCTCNNACCGTGTTACTCNN	0.5
1780	NNCGTCTACAAGGANNTAGTCAGACCGTNN	0.5
1781	NNGCGAACAGTTGTNNCTGAGACTTGCANN	0.5
1782	NNCAGGTACTACTGNNATTCGTGGACCTNN	0.5
1783	NNTACGCCACACATNNCTTCCGTTGAACNN	0.5
1784	NNGCGTATGCATTGNNCGTAAGGCTAGANN	0.5
1785	NNTGGTTATGGTCGNNGCTGGTATACTCNN	0.5
1786	NNTGTCGAGCTACTNNTATCCGAGGAGTNN	0.5
1787	NNCTACCTACCTCTNNCATTCCACTCTGNN	0.5
1788	NNCTAACTCTGGCANNCGGAAGTTCTCANN	0.5
1789	NNATCTGGAACCAGNNGTCTGCTAAGCTNN	0.5
1790	NNTGATCGAGGTGTNNGCCGGAATATACNN	0.5
1791	NNCTAGCTACACTCNNGCTATGCTCCATNN	0.5
1792	NNATGCGCCTTACANNTACGCCGTAACTNN	0.5
1793	NNAGTGTTCGACTCNNTAACGCACTGACNN	0.5
1794	NNGCCATTGTCTGANNACAGCAGCTCTANN	0.5
1795	NNCATGTACCAAGCNNGCCAATGCTAGTNN	0.5
1796	NNCACACACTGGTANNGTATCCATGGAGNN	0.5
1797	NNCGCTAATACTCGNNCTACGCTGATACNN	0.5
1798	NNACCATGACGTGANNCAGGTCGTTAGANN	0.5
1799	NNGTAGGTTCACGANNTAGGTCGATCACNN	0.5
1800	NNGTAAGAGGACCTNNACTGTGGCTAGTNN	0.5
1801	NNGCCTATCCATCANNGTGCTTGGATCTNN	0.5
1802	NNAGCGCTACAACANNGCAAGGAGTAGANN	0.5
1803	NNCAACTATAGCGCNNAGCGTTACCATCNN	0.5
1804	NNTGCTAAGGTGGANNACCTTGGCTCATNN	0.5
1805	NNTGTGAAGACCTCNNGTATGCTCCAAGNN	0.5
1806	NNCTGTGAGATGACNNGTGCTGGAAGATNN	0.5
1807	NNTACCGCTGATCTNNATGTCGGCTAGANN	0.5
1808	NNTGCCGTCATTCANNATGACCTCACGTNN	0.5
1809	NNTGTGATACACCGNNATACCAACGGTGNN	0.5
1810	NNGTTCTACCAAGCNNCTGTCCAACTTCNN	0.5
1811	NNCGATAGGTGTTCNNGCTGAAGATACGNN	0.5
1812	NNGCAATTGGAGCTNNTAGCCATTGTCGNN	0.5
1813	NNACTCGCCTCAATNNATACATTGCGCGNN	0.5
1814	NNTACTAGCTCCGTNNCATATGGCGTGTNN	0.5
1815	NNACTAAGCGCTGTNNAGGTCTGTTACGNN	0.5
1816	NNATCCAGCCTTAGNNTGCGAAGTCTCTNN	0.5
1817	NNACGATGTTGCAGNNTGGCTCACATCTNN	0.5
1818	NNACGAACATGCGANNCTGATAGGTGCTNN	0.5
1819	NNTGTACTCGACCANNCGAGACTACATCNN	0.5
1820	NNAGCTAGTTGCAGNNCTGCGTCCATATNN	0.5
1821	NNAGTATTGCGGTGNNGTATGAGCTTGCNN	0.5
1822	NNCTACCGAATCAGNNACGTTCCGCATANN	0.5
1823	NNCACAACAGACCANNGCATGACATGCANN	0.5
1824	NNCGCGACGATATANNTGGCTCCACATANN	0.5
1825	NNAGCTCCGATCTANNTAGCGCTCATAGNN	0.5
1826	NNTGAGATAACCGCNNCTTCGAGGCTATNN	0.5
1827	NNGTAATCCGTGTCNNTGAGGATACGGANN	0.5
1828	NNTACTCTCAGTGCNNACGCAATAGGACNN	0.5
1829	NNGCGTAAGAGAGTNNGTACCGTACACTNN	0.5
1830	NNTGAAGCCACTGTNNCGCTCGTATCTANN	0.5
1831	NNATAAGAGCGGCANNACACAAGCTACGNN	0.5
1832	NNTGCTCGTCACATNNATCTGTAGCCTGNN	0.5
1833	NNCAATCGATGACGNNTAGAGGTGAGCTNN	0.5
1834	NNTGCCGGAGAATANNCTGTCTGGATTGNN	0.5
1835	NNCATGCTCAGTCANNATCTCGTGCTTGNN	0.5
1836	NNGTCAGAGGTACTNNTATGTTCCGCAGNN	0.5
1837	NNCTTCTCTGTACGNNAGATTACCTGGCNN	0.5
1838	NNCATTACCGCCATNNTAGGTAGGCTTGNN	0.5
1839	NNTAGTCGTCAGTGNNCTTACTCTCCACNN	0.5
1840	NNACCTGCTAGACANNCATCGGTAGAAGNN	0.5
1841	NNCGCTGAATGTCANNTGTGCTCTGACANN	0.5
1842	NNATCTCAGGCAACNNAGGCGAGATCTANN	0.5
1843	NNACTTAAGCGTGCNNCGGATGCAGTTANN	0.5
1844	NNCACAGGCTCAATNNGCCACCTGTAATNN	0.5
1845	NNGTTGCCTTCAGTNNAGATAGAGCAGCNN	0.5
1846	NNCGCCTGATAACTNNCAGTAGACTAGCNN	0.5
1847	NNATGCCGAGAACANNATGGCTCTCAACNN	0.5
1848	NNCTGTTAGAAGGCNNGCTAGAACCTCANN	0.5
1849	NNTGTGGTATTCCGNNATATCCGTGCTGNN	0.5
1850	NNGCTTAACGACAGNNATAATGCGGCGTNN	0.5
1851	NNGCTACATGACTGNNACAGTCATCGCTNN	0.5
1852	NNAGTCTCGATGCTNNGTGGATAGTCTCNN	0.5
1853	NNCACCAACAGTACNNATGTCCAGACCTNN	0.5
1854	NNATCCTGCCAAGTNNTGAATATGCGCGNN	0.5
1855	NNCTATCCGCACTANNTGTAACGCCGTANN	0.5
1856	NNATGTCGTCTCCTNNCTAGGAGTTGTCNN	0.5
1857	NNGCTCGTATTCCTNNCAGGCCAAGAATNN	0.5
1858	NNATGCACTGCTAGNNCGATGTGGCTTANN	0.5
1859	NNATCCAGTGACGTNNTGCCGTTATCTGNN	0.5
1860	NNCGGCGAATATTGNNACACAGTGAGGANN	0.5
1861	NNAGCTCCTCAGATNNTGCCAATGAGTCNN	0.5
1862	NNTAGCGGTTACACNNACGATATGGTCGNN	0.5
1863	NNTACACGCCAGATNNGCACCATTGTTGNN	0.5
1864	NNGCATAAGAAGGCNNCAATTCGAACCGNN	0.5
1865	NNGCCAATGAGTACNNGCGCATATAGTGNN	0.5
1866	NNTATGCGCGTCTANNACCTTCTTGAGCNN	0.5
1867	NNCTACTCGCTTAGNNACGCTAACTTGCNN	0.5
1868	NNTAGGATTCGTGCNNCGTAATGTCCACNN	0.5
1869	NNGTAGTTACGCTCNNGTCGGTATACAGNN	0.5
1870	NNAGCCTGGACTTANNCTTAATGAGCCGNN	0.5
1871	NNTGGTACTGAAGCNNCACTTAGCTGTCNN	0.5
1872	NNCGAGTGCTTACTNNGTCACAGCGTATNN	0.5
1873	NNGTGCCACGATATNNGTCAGGCCTTATNN	0.5
1874	NNACTACCACACGTNNAGAGGTTGTAGCNN	0.5
1875	NNATCAGAGTTGCGNNAGCCATCCGTTANN	0.5
1876	NNCTACACCATAGCNNATGCCATTCCTCNN	0.5
1877	NNGTAGCGATTCCANNCGATCATTCACGNN	0.5
1878	NNTATCGACCTCGTNNGCTAGTAGAACGNN	0.5
1879	NNCGAGTTACTCTCNNTATCCTACCGTCNN	0.5
1880	NNCGTGGTAACATGNNGTACTGCTGACANN	0.5
1881	NNCGTCTCACTAACNNCATTGCTACTCGNN	0.5
1882	NNCGCGTAAGATGTNNTGCTATGGCGATNN	0.5
1883	NNGCTACTATTCGCNNCATGACTGTCAGNN	0.5
1884	NNAGATAGGTCGCANNTACTGCTAGAGCNN	0.5
1885	NNCTGGATAGCACTNNCTAGGATTGCTGNN	0.5
1886	NNCATACCGATCTCNNACAATACCAGGCNN	0.5
1887	NNCTGTGTACACTGNNCGAGAGGTATCANN	0.5
1888	NNCAGAGACGATCTNNTACGGATGTGTGNN	0.5
1889	NNAGGACGAGATTGNNTGCATCCTTCACNN	0.5
1890	NNGTCTAACGGACANNCATAACCAACCGNN	0.5
1891	NNTGTCAGTCAGAGNNAGCAGACAGAACNN	0.5
1892	NNCAAGAAGCCAGANNATGAGGAGCTGANN	0.5
1893	NNTATATGCGGCGANNGCATAATCCGCTNN	0.5
1894	NNCTTGTATGCCGANNCACGAGAGTGATNN	0.5
1895	NNCGGTCCATATTGNNAGGTCTAGGATCNN	0.5
1896	NNCTGTGTACCACTNNTGTGTGCGTATCNN	0.5
1897	NNTACTGTTGCCAGNNCAGCTATGCTACNN	0.5
1898	NNACAGCATACCAGNNATTACTGCGAGCNN	0.5
1899	NNTGAAGCTCTGACNNGTTCCTAACACGNN	0.5
1900	NNGTGTGCACCTTANNGCTATTCTCCGANN	0.5
1901	NNAGTGATAGGCAGNNCACGTATTACGCNN	0.5
1902	NNACGAACGTAGCTNNCGAGTGGAAGTANN	0.5
1903	NNCTGGACTTCACANNAGAGTCTGGTTCNN	0.5
1904	NNTGGCCTTAGACANNATCACCACGATCNN	0.5
1905	NNCTTATCACGCAGNNTAGTCTTCCAGCNN	0.5
1906	NNTGTGCTAAGCACNNCACTCTCCATACNN	0.5
1907	NNTATCGGAGCTTCNNGTTAGATGTGCGNN	0.5
1908	NNCGTAGTGCCAATNNATTCTGAGGTCGNN	0.5
1909	NNTAAGCTACGGACNNCATTCCAGGACANN	0.5
1910	NNCGCATATCTGCTNNGTTATTCCGTCGNN	0.5
1911	NNCGTTAGAGGCTANNCATATCGCGATGNN	0.5
1912	NNACCTCCTATCGTNNCGAATTGCCTAGNN	0.5
1913	NNCGACTGTGATTCNNACGTTAGCCAAGNN	0.5
1914	NNTGTGAACTCTGCNNATCTCTTAGCGCNN	0.5
1915	NNAGACGACATGGANNCAGAACGTCTGTNN	0.5
1916	NNATATAGCGAGGCNNCAGGAGGTTATCNN	0.5
1917	NNCTGGCATCCAATNNCGCACTTGATGTNN	0.5
1918	NNTATGGCCGTGTANNTAGAGAAGAGGCNN	0.5
1919	NNGCAAGTACCTTGNNTAGGAGACGCATNN	0.5
1920	NNATACCGCACTCTNNAGCTCAAGCACTNN	0.5
1921	NNTGTGTCAAGGACNNGCAGATTCATGCNN	0.5
1922	NNTAAGCAGCCACTNNCGTGATGTTCTCNN	0.5
1923	NNGTTGAGTTCGTCNNAGAGGATTCCGTNN	0.5
1924	NNCAACCTTGCCTANNGCAGAATGGAAGNN	0.5
1925	NNCTTCAAGTCCTGNNTATGCGCGATAGNN	0.5
1926	NNGCTGGATCAACANNAGAGGCTGAAGANN	0.5
1927	NNTATCGTCATCCGNNCAGATTCCAGAGNN	0.5
1928	NNAGCGCTGATATGNNGTAGTAGAGCTGNN	0.5
1929	NNGCCAGCACATTANNACCAGCTTGTTCNN	0.5
1930	NNAGATGCCGATTGNNTGCGTTGCTTCANN	0.5
1931	NNTGGTGTTCCACTNNACACCGAATCACNN	0.5
1932	NNATGACGCCGTTANNACATTCACCGTGNN	0.5
1933	NNCTTCTACCTTGCNNCGGTTGAATCTCNN	0.5
1934	NNTGACGAACGAACNNAGCAAGCTGATCNN	0.5
1935	NNACAGAATGAGGCNNGTAACTTGCGAGNN	0.5
1936	NNTAGCACATTCCGNNCTACTGGCGTTANN	0.5
1937	NNGCAGCCATTAAGNNAGAGCCATGTGTNN	0.5
1938	NNTATTGACGGCCANNTAGGCACGATTGNN	0.5
1939	NNCGAGGTAATCGTNNCAATGTCCAGCANN	0.5
1940	NNGCGAGAATCTACNNAGGATTGGCTTGNN	0.5
1941	NNACCTCAAGAGCANNATGATACCGCGANN	0.5
1942	NNCAACTACCGGATNNCGAGATCTCTGTNN	0.5
1943	NNCTGGTAAGAGCTNNTGCCGTTATAGCNN	0.5
1944	NNGCATTACGAACGNNGCCGTTAGATTGNN	0.5
1945	NNAGCAGTAGTTGCNNCAGAACGCATAGNN	0.5
1946	NNCTGGCGGATTATNNTGTACGGCATGTNN	0.5
1947	NNATCGAGCTAGACNNGTCGTATACGGANN	0.5
1948	NNCGAGATGTACCTNNTAGCAAGCCTACNN	0.5
1949	NNCGGATACTGCATNNGCAGACATTGACNN	0.5
1950	NNGTTGGCATGATCNNCACTCGTAGGATNN	0.5
1951	NNCTTCCATGGTTCNNAGTTCGTGCATCNN	0.5
1952	NNGTACTCAGATCGNNAGAACCAGACAGNN	0.5
1953	NNAGGCGAAGTACANNTGTAAGCGCTCANN	0.5
1954	NNCTGGTGTGATGANNGTTCCTCTTGAGNN	0.5
1955	NNCAGTCATCAGAGNNCAAGAAGGTCACNN	0.5
1956	NNACGAGTCGTGATNNGCGCTTATGTCTNN	0.5
1957	NNATAGATGTGCCGNNCAAGGAAGTCAGNN	0.5
1958	NNTGACCGGATAAGNNAGGAGCCACATANN	0.5
1959	NNCAACTTCGCTGTNNGTTATGAGAGGCNN	0.5
1960	NNCGAATTACGTCGNNCACGTCTAATCGNN	0.5
1961	NNACGACCAGAAGTNNTAGGCTGCAAGTNN	0.5
1962	NNTACCGGATGAACNNGTGTAACCGAGTNN	0.5
1963	NNCATGAAGAGTCGNNACACACCAGATCNN	0.5
1964	NNACTCCACACACTNNTAAGCGGTTCGTNN	0.5
1965	NNTAGCATGGCACTNNCGATGCTCTAAGNN	0.5
1966	NNCGATTGCGTCATNNACCATGGTGTCANN	0.5
1967	NNGTTACCAGTTCGNNTGTGGAACCGTANN	0.5
1968	NNAGCCGTATTGAGNNACGAACCTGTCANN	0.5
1969	NNCAAGGTTGTCGANNCTGAGGACATGTNN	0.5
1970	NNGCTGTGGTCATANNTAGCCTGTTCCANN	0.5
1971	NNGCAGTCATGAACNNAGCGGATCTATCNN	0.5
1972	NNTAGCAGACGTGANNGTGAACAGCTTGNN	0.5
1973	NNAGGACTTGGTGTNNACGAGGAGCTATNN	0.5
1974	NNGTGTGGCTTGATNNTGTTGCCAACGTNN	0.5
1975	NNAGAGACAAGTGCNNCTAGTGGACAAGNN	0.5
1976	NNTGACCTCTACCTNNAGACATCCTCTCNN	0.5
1977	NNCTGTCTTCACGTNNATGGTCACTGTCNN	0.5
1978	NNTGCGTTCACATGNNTACCTCACCAGTNN	0.5
1979	NNGTCTAACCTACGNNTGAGTTAGAGCGNN	0.5
1980	NNCGCAATCTCACTNNCTACCGGATTGANN	0.5
1981	NNAGCTAGCTAGAGNNCTGGAAGAGTAGNN	0.5
1982	NNTACCTCTCGAAGNNACTCTCCGACTANN	0.5
1983	NNGTGTGTCACCTANNCAACCGACCTTANN	0.5
1984	NNCTATACGAAGGCNNCGAGCAACTAGANN	0.5
1985	NNTACACGTGACTGNNCGGATAGCATCANN	0.5
1986	NNCGAGGTAATTCGNNATGGCACCTCATNN	0.5
1987	NNAGATCGCACTAGNNGTTCACGGTTGANN	0.5
1988	NNGTTCTCAGAGAGNNAGCGAGCAATCANN	0.5
1989	NNCACTTGAATCGCNNTGAATGGTGCCTNN	0.5
1990	NNAGCTAAGCCGTANNCGTGTGTTGAAGNN	0.5
1991	NNCATCTCGGTTCANNACCACAATCCTCNN	0.5
1992	NNAGTAGGCCATCTNNTAAGCGTCCAAGNN	0.5
1993	NNATCATGCTCCAGNNGCAGAGTACAGTNN	0.5
1994	NNAGTTCCTGTCCTNNATACGCTTCCGANN	0.5
1995	NNTAACGTGGACTCNNTAATCTGCGTCGNN	0.5
1996	NNGCCTAACGTACTNNCGTTCTAGACCANN	0.5
1997	NNCTTCGAACAGGANNCACACGATCCATNN	0.5
1998	NNAGTTGGTGATGCNNCATACAGAGAGCNN	0.5
1999	NNTGAGTCTTGCTCNNACATTCGGTGCTNN	0.5
2000	NNTGATGATCTCCGNNGCTTAACGGTGTNN	0.5
2001	NNTGTACATTCCGCNNGTGTGCGGTATANN	0.5
2002	NNGCCATTCAGTCTNNGTAAGCACAAGCNN	0.5
2003	NNTAGAAGCGGCATNNTAGGATTGCCTGNN	0.5
2004	NNATGAGTCCTCGANNCTTCTGAGAGCTNN	0.5
2005	NNCTAACCTACGACNNAGTCCTCGTACTNN	0.5
2006	NNCTGAGACTACCTNNATTGTTGGAGGCNN	0.5
2007	NNTAGTTGCACGAGNNTACCTGCTTCCTNN	0.5
2008	NNGCTCTCACTTACNNTGTCTGACGTGTNN	0.5
2009	NNGTCCTATGCCATNNAGGATCGTTACGNN	0.5
2010	NNAGATGGAGAGTCNNTGAGTCTACGCANN	0.5
2011	NNAGTCATAGGCCTNNCGCAGACATAAGNN	0.5
2012	NNCTGAGCGTATGANNCTATTGCAGCGANN	0.5
2013	NNTGCCAACCTTACNNCAGGACATAGTCNN	0.5
2014	NNAGCTGAACGGATNNATTCAGGCGTTCNN	0.5
2015	NNACCGCATACAGTNNAGCCAACTGATGNN	0.5
2016	NNGTCGGTAGTACANNGTTGTCGCATCANN	0.5
2017	NNGCATACGACATGNNGCTGTAGCTAAGNN	0.5
2018	NNGCCGTTGTTACANNGTGCACACATGANN	0.5
2019	NNCTTCAGCTACCANNGTGCAACTTGTCNN	0.5
2020	NNGTACGTGTGATCNNTGCAACCAAGCTNN	0.5
2021	NNCACGATACGTCANNCGTCAACCATCANN	0.5
2022	NNAGAACTGAACGCNNCTATTGCCTCACNN	0.5
2023	NNATCGCTACAGTCNNAGAATCCACCTCNN	0.5
2024	NNCTGGAGCTAACANNCAGCTGATAGGANN	0.5
2025	NNACCGTTCCAGTANNATCACACGGACANN	0.5
2026	NNCTGATGTCGTGTNNCATAAGCGTCTGNN	0.5
2027	NNCGAGTATCCAGANNTGTGTCCTTCGTNN	0.5
2028	NNAGGTTATCCTGCNNCGTCTTCAGATCNN	0.5
2029	NNGCTCCATGGTTANNAGAGAGAGTGGANN	0.5
2030	NNGTGAGGTCCATANNAGCCATCTCTTGNN	0.5
2031	NNCAGCAATAGCTGNNTGAAGCGCCATANN	0.5
2032	NNCATTCAGTTGGCNNTGCATTGGACACNN	0.5
2033	NNCGAACGTTGTCTNNTGTGACAGTCAGNN	0.5
2034	NNACTCGCAGGATANNCTAACAGCTCCANN	0.5
2035	NNCGATGCGATCTANNGTGTGACACCATNN	0.5
2036	NNTGATGATGTGGCNNCATGGACTACCANN	0.5
2037	NNGCATCGCCTATANNCGATAGAGTCTGNN	0.5
2038	NNGCACTGATCCTANNACTCCTGTGTGANN	0.5
2039	NNGCGAACTTCTCANNAGGTTAGAACCGNN	0.5
2040	NNACTGCTGGTATCNNGTGAAGTTGCTCNN	0.5
2041	NNCTTGGCGTATAGNNAGCTACGCAATCNN	0.5
2042	NNCATCGTACAACGNNCGACCTTATCTGNN	0.5
2043	NNAGAACGGAATCGNNAGCGCAGATAACNN	0.5
2044	NNCGGTATGCAAGANNTGCGGTGTTCTANN	0.5
2045	NNTAATCACCGGCTNNTAACTGGAGGCTNN	0.5
2046	NNCGTTCTGTTGACNNCATGGACAGTACNN	0.5
2047	NNTGCTAAGTGGCTNNCGAAGACCATAGNN	0.5
2048	NNACTCAACATCCGNNAGAGGACCAACANN	0.5
2049	NNATCACGGACTAGNNTAGCTCTGAGTCNN	0.5
2050	NNGCTCTATAAGCGNNCTAGGATGCGATNN	0.5
2051	NNTGCCTCATTCGTNNCGTAGACGTTAGNN	0.5
2052	NNTAGATCCGCAAGNNACTTGTTGCGGANN	0.5
2053	NNAGACAGGTGTACNNTGTTCTTGCCGANN	0.5
2054	NNGTCTTCGTAGTGNNAGAGTTAGGACGNN	0.5
2055	NNACACGCTCTACANNACAGTGTGGCATNN	0.5
2056	NNGCCTGATCTAACNNTAGCCAGTGAAGNN	0.5
2057	NNATGGAGACTTGCNNCTTAGTCTGGACNN	0.5
2058	NNATGAACAGGCGTNNGTCAACAGGAGTNN	0.5
2059	NNCTGAACGAACTCNNACCATCCTATCGNN	0.5
2060	NNCGCCTCTAACATNNGTGCACCTTAACNN	0.5
2061	NNCTAGGCACACTANNCAGCTGAATCGTNN	0.5
2062	NNCATGAACGACACNNAGGCCAGATTCTNN	0.5
2063	NNGCATTCAGGCATNNAGACGTGTCAGTNN	0.5
2064	NNTGCTTAGGTACGNNGCAATACTAGCGNN	0.5
2065	NNGCAGAAGACAAGNNATCTCCTTCCACNN	0.5
2066	NNGTCAACTTCACGNNCACAGTACGTACNN	0.5
2067	NNAGCTCAGAGAGTNNGCGTTCCGTAATNN	0.5
2068	NNGCATTGATCGCANNCATACGCGTAACNN	0.5
2069	NNCGTCACTCAAGTNNCGAGTGTAACTCNN	0.5
2070	NNAGCGGAAGTTGANNCAGCATGCTAACNN	0.5
2071	NNATTAGACCGAGCNNACTACGACTTCGNN	0.5
2072	NNGTACATCATGGCNNACGAGGACTACANN	0.5
2073	NNCTTGGACTATGCNNGCGTATGGTTAGNN	0.5
2074	NNTGGCTTCAATGCNNCTGGCTATAGCTNN	0.5
2075	NNATGCAGTCAGTCNNCGCAATATCGAGNN	0.5
2076	NNCTAGGTATCCGANNCAATCGCAAGTCNN	0.5
2077	NNAGTCTGGACATGNNGCAGCAGTATCANN	0.5
2078	NNGCCAGAAGTTAGNNTGCTTAATGCGCNN	0.5
2079	NNTAGGTAGGAGGANNAGAGGAACCTACNN	0.5
2080	NNGCGTGATCATTCNNTGGTTAAGGAGCNN	0.5
2081	NNACGAATCCGACTNNGTTAAGACTCGCNN	0.5
2082	NNTACTGGTTCTCGNNGCTCGATATGCTNN	0.5
2083	NNATACACACGCGTNNAGCGGCAATAAGNN	0.5
2084	NNGTACCTACGTTCNNATTCACGACGACNN	0.5
2085	NNGCCTTCATTCACNNATGGAACTGAGCNN	0.5
2086	NNTAATTCGGTGCGNNAGTAGATAGCGCNN	0.5
2087	NNACCAACAGTTGCNNTGCATATCCTCGNN	0.5
2088	NNCTTGCTATCAGCNNGCTGACTCTTAGNN	0.5
2089	NNACCTTCTCTCCTNNCAGACTTCAGTCNN	0.5
2090	NNCTTGTTACTCGCNNCGAACTCAGGTANN	0.5
2091	NNCGAAGAGCGAATNNTACCGTTCGTGTNN	0.5
2092	NNACCAGCCATCTANNATGACCTACGCTNN	0.5
2093	NNGTTGCTCCAAGTNNTGTAGTCTGGTGNN	0.5
2094	NNTACACCAGCACANNGTGCCGTGTAATNN	0.5
2095	NNCAAGCGCTATCANNATCCACTCGGATNN	0.5
2096	NNCATAGGCCGAATNNCATCCTGAAGTCNN	0.5
2097	NNCTAGACTGCTGTNNAGTCAGCGTTGTNN	0.5
2098	NNCGAGTCCTTCTANNATCGACTATGCGNN	0.5
2099	NNCGAATGTGGACANNACACCGACAACANN	0.5
2100	NNACAGGCTGAGTANNGCATAATGACCGNN	0.5
2101	NNCGCATACGGAATNNAGATTCGCGAACNN	0.5
2102	NNTAGCCAACCTAGNNCTATACTCTGCGNN	0.5
2103	NNAGAGTCATGCGANNGCCGTAACTAGTNN	0.5
2104	NNACCTCGTTAGTCNNCTACTCCTTCCTNN	0.5
2105	NNCTTCCAGTAGTGNNGCTTGTCGGATANN	0.5
2106	NNAGAGCGACTCATNNGTGATTCACAGCNN	0.5
2107	NNTGCCATCTACAGNNCGAGAATGGTTGNN	0.5
2108	NNAGACTCTACTCGNNCAGGTCTTCATCNN	0.5
2109	NNGCCACACGTTATNNATCGTGGTCACANN	0.5
2110	NNACCACATGCACANNGCTACTGTAGAGNN	0.5
2111	NNGTGTATCGCAGANNATCACGTGCAAGNN	0.5
2112	NNCATTCGCGTACTNNCGCTCTGTCATANN	0.5
2113	NNATCATGGCTGTCNNGTAGGCTACGATNN	0.5
2114	NNCTAGTACGTGGANNACAGAGCCATCTNN	0.5
2115	NNTAGGACCGAGTANNCGCGACATTCTANN	0.5
2116	NNAGCATCTTCCACNNCAACGTCGCTTANN	0.5
2117	NNGCTAGCAACAACNNGTCCTAATACCGNN	0.5
2118	NNATGTAGACGCCTNNTGATCACACGGANN	0.5
2119	NNAGGTCAAGCTGANNAGAGTGTAAGCGNN	0.5
2120	NNCGTAGAGATGTCNNCTACAGTTCCTGNN	0.5
2121	NNACTCCAGCTAGTNNTACAACATGCCGNN	0.5
2122	NNCGGTTGTTCAGANNTATTGCTGCGGANN	0.5
2123	NNGTTGAGTGACACNNAGAGTTCTCGCANN	0.5
2124	NNATGTAAGCGAGCNNTGTACGCTACAGNN	0.5
2125	NNCACAGGTGATAGNNCACTGCCTCATANN	0.5
2126	NNGTGACCTGTAGTNNACCAAGCGTCTANN	0.5
2127	NNCGGAGGTATAGANNAGTGCTTGAGCANN	0.5
2128	NNGTGTCAGTCATCNNGCGGTTAACCATNN	0.5
2129	NNAGTCATGTACGCNNATAGCTGAAGGCNN	0.5
2130	NNGTAGGCAGCATANNCTGACTAGTGTCNN	0.5
2131	NNGTGCCAATTGGANNTGTGACGTGATGNN	0.5
2132	NNATGCAGACCTACNNGTGATTCGACACNN	0.5
2133	NNACTGACAGCGTANNACGTCAGTTGACNN	0.5
2134	NNACAAGGCTCTCTNNTATGGTCTGGCTNN	0.5
2135	NNTATCACCATGGCNNCGAGTTCCTTCANN	0.5
2136	NNATGACCAACTCGNNGTATCAGGACTGNN	0.5
2137	NNCAGACTCCATGTNNCTAGCTCAACCANN	0.5
2138	NNGTCGATAACGCTNNATCGGTCTTGAGNN	0.5
2139	NNACGAATGACGCTNNCGTTCCTCACATNN	0.5
2140	NNACGACCGGTTATNNACTCGTCAACTGNN	0.5
2141	NNATCTCCTCCTAGNNGTAGTGCGTAGTNN	0.5
2142	NNGCGAAGACAATGNNCGAAGAAGCAACNN	0.5
2143	NNGCTACTCCATCTNNATGGCGGAATTGNN	0.5
2144	NNACAGATCCGTTCNNACCTGACTTGCANN	0.5
2145	NNGTGAGTCTCAAGNNATACACGCTGACNN	0.5
2146	NNCGACCTAGTTGANNGTAACAGAGCACNN	0.5
2147	NNCGAGCTCATAGTNNGTACCTTCAACGNN	0.5
2148	NNTAATGCACGCTGNNGTTCTGCTTGTCNN	0.5
2149	NNAGGAGCGATACANNACGTACCTACAGNN	0.5
2150	NNTACATCGCATCGNNCACAATCCGTGANN	0.5
2151	NNTGAACGTCATCGNNGTAGTCGCAACTNN	0.5
2152	NNCGATTAGCCTCTNNATGCCATCAGAGNN	0.5
2153	NNACGAATGGACTCNNTAGGAAGACTGCNN	0.5
2154	NNTACATGGCTGTGNNGCATGTGTGTTCNN	0.5
2155	NNAGAATGGCCAGTNNCGGTAAGTCAGTNN	0.5
2156	NNGCTTCTTCTTGCNNCATACGGCAGTANN	0.5
2157	NNGCAGACATCTTGNNTAGGCTTGTAGCNN	0.5
2158	NNCGTATACGGCTANNCGTCTACTGTGTNN	0.5
2159	NNCTTCTCCTATCGNNTAGTCGATGGCTNN	0.5
2160	NNCTTCAGGTCTGANNCTACGCTCCAATNN	0.5
2161	NNGCACTTACCTGANNGCTCTGATTCGANN	0.5
2162	NNCTTCGCAGAATCNNTATAGCTTCGGCNN	0.5
2163	NNTGTAGAGAGCACNNCAACTAGCCAAGNN	0.5
2164	NNGTGCCTGGAATANNGCGGCATATAACNN	0.5
2165	NNCATGGTCCATCANNTGCCACTGTTGANN	0.5
2166	NNGCAGAGAATCCTNNCACGATAGAGCTNN	0.5
2167	NNCACCTAACGCATNNGTGGACGATATCNN	0.5
2168	NNAGGCCGTACATANNACAAGTACGCGANN	0.5
2169	NNCTTCGTCCTTCTNNACTTCCAGTCAGNN	0.5
2170	NNGTTCTACCACAGNNAGTGCGGACAATNN	0.5
2171	NNTGATGTGCCTTGNNTACTCACAGGAGNN	0.5
2172	NNCGTTGCCAATTGNNCGCAAGCATATGNN	0.5
2173	NNCAGCGTCAATGTNNTGTGCCTCAGTANN	0.5
2174	NNCTAATCGAGACGNNAGGCAAGTTGCTNN	0.5
2175	NNGTACCTTCGTCANNGTAAGTGAGAGCNN	0.5
2176	NNAGTCGTCTTGTGNNACCAGCAATGAGNN	0.5
2177	NNTGCCTACGATAGNNAGAGCCGATCATNN	0.5
2178	NNGCTACGAAGACANNGCACAATAGCACNN	0.5
2179	NNAGAGTCAGAGGANNTGTTGACCGTTCNN	0.5
2180	NNATTCCATGACGCNNGTCATGACACTCNN	0.5
2181	NNAGCGTATGTCTGNNCAGTTCTCCTGANN	0.5
2182	NNACCATACCGGATNNTACTGTGTGCGTNN	0.5
2183	NNTGGTGTGAACTCNNATACCTCTAGCGNN	0.5
2184	NNCGTAGCAATAGCNNTACAACTTCCGCNN	0.5
2185	NNATACTGACTCCGNNAGTGCTCCGAATNN	0.5
2186	NNAGAACGAAGGCTNNTGCAACTTGTCGNN	0.5
2187	NNTGACGGAACATGNNAGCACGTCAATCNN	0.5
2188	NNGCCTATGTCTACNNACTCGTGAGATGNN	0.5
2189	NNACTTGATGGCGTNNCGAGAATGACAGNN	0.5
2190	NNGTGCATTCCACTNNGTTAGACAGCGTNN	0.5
2191	NNCTACCTTGACGANNATCAGGTCAAGCNN	0.5
2192	NNCATACGCATCGTNNCTGATTCTCCTGNN	0.5
2193	NNTGAGTCAAGACGNNCAACCTTCACAGNN	0.5
2194	NNTGTACCTACCAGNNACATCGGAGTCTNN	0.5
2195	NNCTTGCAGGATTCNNCAATGCGTTGAGNN	0.5
2196	NNATTCCACTCACGNNTAGCCAGACATGNN	0.5
2197	NNTGTATAGCCGCTNNTGTATCGTACGCNN	0.5
2198	NNGTCTATACGTCGNNGTCTGAGGTAAGNN	0.5
2199	NNGTTCGGTCTAGANNGTCCGTAAGTGTNN	0.5
2200	NNGTACATCACCTCNNTGAACACCGAAGNN	0.5
2201	NNAGTGGCTGATTGNNAGCGATCAGAGTNN	0.5
2202	NNGCCAGTATCTAGNNTGTACGTAACGCNN	0.5
2203	NNCGCCAACAATGANNACGCATCTTGTGNN	0.5
2204	NNCGAATTCGCGATNNCAACACGTGTACNN	0.5
2205	NNCGTCATCCTAGTNNATTGTGTCGGCANN	0.5
2206	NNTACACCTACGACNNTAGTCTGCTGCANN	0.5
2207	NNATACGCCTCTTCNNCACTAGTCACGTNN	0.5
2208	NNCTGTTCCTCGTANNAGTTGGATGGCTNN	0.5
2209	NNAGAGCTTCTCCTNNACCATACGCCTANN	0.5
2210	NNACGCTTACTCTGNNTGGTGTCTTCTCNN	0.5
2211	NNGTCCGAGATGATNNGCTTGTCTAGTGNN	0.5
2212	NNTACAGAGCGTCANNCAACTCTTCCGTNN	0.5
2213	NNAGCAGCTGTCTANNTACAGGTAGCTGNN	0.5
2214	NNTGCGTTAATCGCNNCTTCTACAGGCTNN	0.5
2215	NNGCGGTTCGTATANNAGCGAATCCGATNN	0.5
2216	NNAGCACAACATGCNNTACGACAGTGGANN	0.5
2217	NNGTGCCACTAATCNNACTGATCCAGTGNN	0.5
2218	NNTGGCCACAACATNNATTGCTAAGGCGNN	0.5
2219	NNACTGCCTTGGATNNAGTATGCGCCTANN	0.5
2220	NNTAACGATGCAGCNNACCGAGCTATAGNN	0.5
2221	NNGCAACGTGGAATNNAGAAGTGCACACNN	0.5
2222	NNTGTGTCTATGCGNNCACGACTACGATNN	0.5
2223	NNAGTACTGGACTCNNATTGAGCACCAGNN	0.5
2224	NNATACTCGCCTACNNGTCGGTTGATTCNN	0.5
2225	NNAGACAGCGGAATNNGTTCGCGTCTATNN	0.5
2226	NNAGACGAGAGAAGNNTGGCCAGCATTANN	0.5
2227	NNATCTTCTGCACGNNCTGTTGTGTGTGNN	0.5
2228	NNCTGTGTCAGTGANNCGCCTGATTATGNN	0.5
2229	NNACACGTGGTTACNNGCGTTGTTACGTNN	0.5
2230	NNACGGTAAGCTAGNNTAAGTGCACAGCNN	0.5
2231	NNGTAGCCAACTCANNCATGGCGTTAAGNN	0.5
2232	NNTGTCACAGAGAGNNTGTCCAAGACGANN	0.5
2233	NNACGTTGGTGAAGNNCTAGATGAGCTGNN	0.5
2234	NNAGGATCAGGAACNNGCAGCTCAATAGNN	0.5
2235	NNGTGCAAGACTTCNNCTACCACTCTCTNN	0.5
2236	NNGTAACGGTGTGANNGTTCTCACTCAGNN	0.5
2237	NNAGGAAGATTGGCNNAGGTTCGTGCTANN	0.5
2238	NNACTATCCTCACGNNTGGTGGTGTACANN	0.5
2239	NNGTACTCCTACACNNACAGAGGTGGTANN	0.5
2240	NNTGAGCTGTACAGNNAGCATTCCAGAGNN	0.5
2241	NNCGGTAAGTTACGNNATTCGGCTGTACNN	0.5
2242	NNGCTGAATCTGTGNNAGGAACTACGTCNN	0.5
2243	NNCATCGAGATAGCNNTATCCAGGCAACNN	0.5
2244	NNGTAACGCGATAGNNAGCCTTATCCGANN	0.5
2245	NNATTGACGTTCGCNNGTAGTGCATCACNN	0.5
2246	NNGTGCGCTAACATNNCGCAACTCTTACNN	0.5
2247	NNCATGGCTGGTTANNATGGATGCCTGANN	0.5
2248	NNCATGTTCGAGCTNNCGGTCAATCATGNN	0.5
2249	NNAGCCGTCTCTATNNCTAACAAGTCCGNN	0.5
2250	NNTGTAGGTAGTCGNNTGTCGTTCAACGNN	0.5
2251	NNTGAAGCAACGTCNNATGAAGTCCTCGNN	0.5
2252	NNTGAGCGATCACANNAGCTGATTGCCTNN	0.5
2253	NNCACAGCTACGTANNGTTATCGTCGCANN	0.5
2254	NNCAGACTCTCCTANNTGGTGTCAGTTCNN	0.5
2255	NNATGATGGCACCTNNCGATTGCGACTANN	0.5
2256	NNGTAGTTCCTGCTNNCTGGTTGGTATGNN	0.5
2257	NNACACCAAGCCTANNCAACTGGCATCANN	0.5
2258	NNGTATGCGAGTCTNNGTGTTCAGTGAGNN	0.5
2259	NNCTTGGTGCTCATNNACCGCATAACTCNN	0.5
2260	NNAGCGACTCTCTANNCACACTCTGTCANN	0.5
2261	NNTGTTCCGACTCANNATATCCGACGTGNN	0.5
2262	NNGTGAGAGCATTGNNACCGTACATACGNN	0.5
2263	NNTAAGGAAGCCTCNNACTGCGAGAAGANN	0.5
2264	NNTGCATCATACCGNNGTTCGGTAGTTGNN	0.5
2265	NNCACTGCTACATGNNTGCAGTCGAATCNN	0.5
2266	NNAGTGAGTGCGTANNAGAAGACAGGCTNN	0.5
2267	NNTGGACGATCTTGNNCAAGACAATGCGNN	0.5
2268	NNACTTCGGTCTTCNNCAATGGCATCTGNN	0.5
2269	NNACTCAGGCTACTNNCGTAGTTCGGATNN	0.5
2270	NNCGGTAGTGTTGANNAGGCCAAGTAGTNN	0.5
2271	NNACGATCCGATTCNNACGATCTGCAACNN	0.5
2272	NNCTGACGCTATAGNNAGCTTCCTTCCANN	0.5
2273	NNGCCGAAGATTACNNGCTAATGGACTGNN	0.5
2274	NNTGTGTCTGACGTNNGCTTGCGATAACNN	0.5
2275	NNTGAACTCCGAGTNNATGTGAATCGGCNN	0.5
2276	NNAGGCAGTTGATCNNCATGGCCTTAGTNN	0.5
2277	NNTACGAAGGCATGNNGCACGAATCAACNN	0.5
2278	NNACATAGCGCAAGNNCGCTGGAATACANN	0.5
2279	NNTGAGAGGTCTGANNTGCGTCAAGTCANN	0.5
2280	NNTAGGAGCCTAGTNNATTCGAGCCTTGNN	0.5
2281	NNTGTGTGGTTCTCNNCACTACGAGCTANN	0.5
2282	NNCACAGAACGACANNATTGGAGCCACANN	0.5
2283	NNGTGATACCAGTGNNATTGCGTTCCGTNN	0.5
2284	NNTATCCAGCGTGTNNAGATAGTTCCGCNN	0.5
2285	NNCTACGATCTCACNNCGTGCAATCAGANN	0.5
2286	NNAGGCCTCATATGNNTGTACGTGCGATNN	0.5
2287	NNAGCAATTCGCCTNNAGAAGTCAAGGCNN	0.5
2288	NNCTGGATTCCAGTNNGCGTACATCTGTNN	0.5
2289	NNGTTGCCTTGTACNNTACCTACCGTCTNN	0.5
2290	NNAGCATACGTCGTNNGCCTACAGTTACNN	0.5
2291	NNTGAGTACTGTGCNNCATCGATTCCTCNN	0.5
2292	NNTGGTTAGGCACTNNAGGCTCAGAAGTNN	0.5
2293	NNGTGCTTAAGACGNNCAGCCATAACCANN	0.5
2294	NNAGTCGGTTGGTANNTGGCATACTCACNN	0.5
2295	NNCGTCTGTGTTCTNNACCATGCTACACNN	0.5
2296	NNCTTCAACCGATGNNAGAAGGCCGAATNN	0.5
2297	NNCATAGAGAGGTGNNACCATCAGTGCANN	0.5
2298	NNGTGTGCACAATCNNCTGGAGTCCTTANN	0.5
2299	NNCGAGCAATGAACNNAGATACGAGAGCNN	0.5
2300	NNTACTCGCCATTGNNGCAAGCTTCAAGNN	0.5
2301	NNGTCTACACTGACNNTGAGTAACTCCGNN	0.5
2302	NNATCAGCTCTCGANNGCGTTCCAATAGNN	0.5
2303	NNGCGTCCATGTATNNCTTCTAGACTCGNN	0.5
2304	NNTAAGTGGACGTCNNGCACAATTCGAGNN	0.5
2305	NNCTGTCCGATAGTNNTGCTAACTGGAGNN	0.5
2306	NNTGCTATTCTGGCNNCATTCAGGCTGTNN	0.5
2307	NNCGAGTGAACATCNNATGTGGAGGATGNN	0.5
2308	NNAGCCAGAGTAAGNNACATGGTCGTACNN	0.5
2309	NNATCGTGACTGCANNCTATGCTACAGCNN	0.5
2310	NNGTGAAGTCGATGNNCGATCCATCAGTNN	0.5
2311	NNAGTAATGGCAGCNNGTCTAGGTCTGANN	0.5
2312	NNATGACTCTCACGNNCAGAATCTCGGANN	0.5
2313	NNCTGATCCAACTGNNGCAGTTATCTGCNN	0.5
2314	NNAGTCCAGCATCTNNTGACGTATGCGANN	0.5
2315	NNTACTACGCGAAGNNTGGCAGTGTCTANN	0.5
2316	NNATCTCTCCTACGNNAGTCCTGTTGTCNN	0.5
2317	NNCAGCTGTAGTCTNNACATGTGTCACGNN	0.5
2318	NNCAGGAAGAGAGTNNGCCACATCTACANN	0.5
2319	NNCATCTTCGTCCTNNCTTGGTCACGTANN	0.5
2320	NNCGTCAATGCTAGNNATCGTCAAGCGTNN	0.5
2321	NNTGGAGCTTGCATNNCTATTCCGGAAGNN	0.5
2322	NNATTCCGACAGTGNNCGAATCTCGAACNN	0.5
2323	NNTAACTAACGCGCNNCAAGTGTTGGCTNN	0.5
2324	NNTGGCCACTAATGNNGTCTTGGTTGTCNN	0.5
2325	NNAGAACCTATCGCNNTGGAGATGTCTGNN	0.5
2326	NNCTGGAGTTGGTANNGCATATTCGGAGNN	0.5
2327	NNCTGTTGAGGTAGNNGCACAGACTGATNN	0.5
2328	NNTAGACTGCTCCTNNTGAACAGCTCGANN	0.5
2329	NNCTAGAAGCGGTANNATCTGGCTCTTGNN	0.5
2330	NNGTTAGGCGCAATNNTGTGCGAAGTCANN	0.5
2331	NNCTTCCGCAGATANNTGAGGTATGGAGNN	0.5
2332	NNCAGCGAATGTGTNNTACAGCCTGGTANN	0.5
2333	NNGTCGTGCTTGTANNCAGCTAAGGAGTNN	0.5
2334	NNACCGAATTGGCANNACTTCTCTCGCTNN	0.5
2335	NNGTATGGCCATCANNACAACGGTGTACNN	0.5
2336	NNAGCCAACAGTTCNNGCTAGTCGTAAGNN	0.5
2337	NNACGACTACAGTGNNTGTGCCTTAAGCNN	0.5
2338	NNGTAGCACTACAGNNAGAGCTAACGGANN	0.5
2339	NNGCGAGAGTAATCNNCTGTCAGGTCTANN	0.5
2340	NNGTTGCCGAATGTNNTGTCACGAGTCANN	0.5
2341	NNGTCGCTATTGCANNATTGTGGCCTTCNN	0.5
2342	NNCGCGACTAATGTNNACTCATCACGAGNN	0.5
2343	NNGTTGCACATGTCNNATGACGGCTAACNN	0.5
2344	NNTAAGCAAGCCAGNNAGCTTGCTGCTANN	0.5
2345	NNGTAGACCAGTGTNNACGGTGAAGTGTNN	0.5
2346	NNGCTTCTTGGACTNNGCACTAGACCTANN	0.5
2347	NNAGAATTCGCCGANNGCCACCTTAATGNN	0.5
2348	NNTGATTCCGACTGNNGTACTGAAGAGCNN	0.5
2349	NNCATAGATCTCGCNNTGTTCCAACTGCNN	0.5
2350	NNCGATGCGTTATCNNCTTGGCATCATGNN	0.5
2351	NNTAAGGTCCACCTNNATCCGTTCAGCTNN	0.5
2352	NNACCGGACATTACNNCAACAGAGAACGNN	0.5
2353	NNTACGTGGTCTGTNNACGAGATTCGTCNN	0.5
2354	NNTGTCTCTCGTAGNNCTAGTCCGAATCNN	0.5
2355	NNAGTGGTGAGAAGNNCAGACAGTCACTNN	0.5
2356	NNGTATTGTCCAGCNNCAGACACGGATANN	0.5
2357	NNAGCTGCATTAGCNNGCGCTCATTAACNN	0.5
2358	NNCACATATGGCTGNNCAGGCTCTCAATNN	0.5
2359	NNACGTAGCTGTCTNNTACGGTTCTGGANN	0.5
2360	NNGCTTGAGGTATCNNCGTACATTCCAGNN	0.5
2361	NNTACAGGCTCATCNNATCTGTGTCGCANN	0.5
2362	NNCTGCCACAAGATNNGTCTTGGAGACANN	0.5
2363	NNCACGTGTGATGTNNCAGGTTGAATGCNN	0.5
2364	NNCTTGGTAAGTGCNNTGCACAAGCTGTNN	0.5
2365	NNCGTGGCTATAGANNAGAGTATGCCAGNN	0.5
2366	NNAGGTTCCTGTACNNCATAGCAGAGCTNN	0.5
2367	NNATGACTGGACGTNNCATTCCATGAGCNN	0.5
2368	NNGCAGTTGAGTCTNNCGCGACTTATTGNN	0.5
2369	NNATGATGCGCTAGNNAGCGTGACTAAGNN	0.5
2370	NNTACTCTGGCTCTNNGTCACGCTTAACNN	0.5
2371	NNCGCTAAGAGGATNNCAAGAACGGAACNN	0.5
2372	NNGCATGAGGTTAGNNCGGACTAGATAGNN	0.5
2373	NNACTCCTGAGTACNNCTACCTTCGAAGNN	0.5
2374	NNGCTGTGTTACAGNNCAAGTCGTAGACNN	0.5
2375	NNACTAGTAGTCGCNNGTTGCTGGATGANN	0.5
2376	NNTGGTACACCTACNNATCTCACTGCAGNN	0.5
2377	NNACTTGTGCCTGANNGTGCTCACACATNN	0.5
2378	NNCACTAGGAACTCNNCTGAACGAGTCANN	0.5
2379	NNATGCCATTGGCANNTACTACCATCGCNN	0.5
2380	NNAGTAGTCTCCTGNNTACTCCTGATCGNN	0.5
2381	NNAGCTAGGCCTATNNTGTCCGGCTTATNN	0.5
2382	NNAGGCAATACCTCNNGCGGTTAGTTGANN	0.5
2383	NNCTGGTATCTCTGNNAGCTACCGTATGNN	0.5
2384	NNGTCCATACTGCANNGTGCCAAGATTGNN	0.5
2385	NNAGCTGAAGGATGNNAGGCAACGGTTANN	0.5
2386	NNCAACTGTCCATGNNTAAGGACAGCCTNN	0.5
2387	NNAGTTGTCTCGACNNAGGACAATCACGNN	0.5
2388	NNTGACTTCACCACNNCAATGGCGGATANN	0.5
2389	NNGTAGAGACGTTCNNTACATGCAAGGCNN	0.5
2390	NNAGCATTCCAAGCNNGTTCGACTACCANN	0.5
2391	NNTGGCCAACGAATNNGTACTGCTCTCTNN	0.5
2392	NNCAAGAGGAGAACNNACTCTGTTCTGCNN	0.5
2393	NNATGAGGCTTCTCNNGCAGATTAGTCGNN	0.5
2394	NNCGCGGTTAACATNNCGGTACGGTATANN	0.5
2395	NNTGAACGGTAGTGNNCTGGATGATACGNN	0.5
2396	NNCTACTACACGACNNGCTTGAACCTTGNN	0.5
2397	NNCACCAACTACCTNNTGCGCTTGTGATNN	0.5
2398	NNTAAGGACGGAGTNNACGCATTCCTGANN	0.5
2399	NNGTTGATGCGTACNNATAGCGGACTACNN	0.5
2400	NNCACGTAAGTGGANNCTTACAGATCGCNN	0.5
2401	NNATACAACGCGCTNNAGTGACCTGTGTNN	0.5
2402	NNCACTTAACACGCNNGCCATCTAAGCANN	0.5
2403	NNACTCGATAGGCANNGTAGCTAATGGCNN	0.5
2404	NNGTGCAGAACCTANNTAGGAAGGTAGCNN	0.5
2405	NNCTACAAGTGGAGNNATACGTCCGTTCNN	0.5
2406	NNAGCGGTTAACTCNNGCTCTGTCATCTNN	0.5
2407	NNTATAGTGCCGGANNCTGGACACAAGANN	0.5
2408	NNTGAGAGCCTTGTNNCTAGGACACCTANN	0.5
2409	NNTACTGGACGCATNNCGTGAACTGTGANN	0.5
2410	NNCGACTGCAATAGNNACACATGCACGTNN	0.5
2411	NNTGGTGGAATGGANNCACGACCAATAGNN	0.5
2412	NNGTTGCGTACTCTNNTGGATTGTCGCTNN	0.5
2413	NNCTGCTTGCTACANNTGCATGCTGAACNN	0.5
2414	NNGCACATGAACACNNAGCGAAGCAATGNN	0.5
2415	NNCATTCAGTGCCTNNTGCATATGCGACNN	0.5
2416	NNTGAACTCACGTGNNCTGATCCGCTTANN	0.5
2417	NNGTTAAGTGCGGANNGTCTTAGGCTCANN	0.5
2418	NNAGGCTGTACTTGNNTAGCCTAATGCGNN	0.5
2419	NNCTGCTCTGATAGNNAGCATCGTTCGANN	0.5
2420	NNGTATCGTTGGTGNNAGGTATCACGACNN	0.5
2421	NNTAGTCGGTCTGTNNACTTCACAGCTGNN	0.5
2422	NNCGGTAATGAGGANNAGACGTAAGAGCNN	0.5
2423	NNAGTGAGATCCTCNNTGTTGTGTGCTCNN	0.5
2424	NNCTACGCTGTTGANNAGTAACTGGTCGNN	0.5
2425	NNAGACTCTCTACGNNACATGACTGCGTNN	0.5
2426	NNAGACTACGACGTNNCATAAGGAGGACNN	0.5
2427	NNATAGCAACACGCNNGTGTCTACCAGANN	0.5
2428	NNCATACACCTCGANNTAAGGCGGTGATNN	0.5
2429	NNTAGGAGAAGCCANNAGAGCCTGTACANN	0.5
2430	NNCGAGTTCCAAGANNACTAAGACGGCTNN	0.5
2431	NNTGGAGTCTATCGNNCTAAGGCGTCTANN	0.5
2432	NNCGTGTTGTACCANNTATGCTACGGTGNN	0.5
2433	NNTAGTCTCTCCACNNTACGAAGGTCGTNN	0.5
2434	NNCAATGCTGCCATNNAGTGTCTGTGCTNN	0.5
2435	NNTACCTACGAGTGNNTAGCCTAACCGTNN	0.5
2436	NNCTAGTGCGTTAGNNCAAGTGGCTTACNN	0.5
2437	NNCTACATGTCCGANNCGCGAAGTGTTANN	0.5
2438	NNGTAGCTGTTCAGNNAGCAAGCAACAGNN	0.5
2439	NNCTAACTCGAGTGNNCATCATGCACGTNN	0.5
2440	NNAGAGGATGTGCANNTGCCACGTCAATNN	0.5
2441	NNTGATTCTGTCGCNNGTGGCACAACATNN	0.5
2442	NNAGTCGTCCAAGTNNCGCTACTTCCTANN	0.5
2443	NNAGTATCCGTCTGNNTGTGACAGGACANN	0.5
2444	NNGCAGTGACTATGNNATCAACGAGCAGNN	0.5
2445	NNACCGTATCCAAGNNAGTAAGGAGCACNN	0.5
2446	NNGTAGGACAATCGNNCGTTCTGTGAGTNN	0.5
2447	NNACCTAGCGTTCANNACTGCAGAGTCTNN	0.5
2448	NNTAGCTCCTAGGANNTGGTCCAATCACNN	0.5
2449	NNCAGGAGCATACTNNACCTTACTCCGANN	0.5
2450	NNCGTCGAATTCGANNCAGTATACGCGTNN	0.5
2451	NNTGTGTCCACGTANNTGGTCAACAGGANN	0.5
2452	NNTGGTCATTCCACNNCAGGCATTAGGANN	0.5
2453	NNCTTACCGCTATGNNTAGCGGTGTTCTNN	0.5
2454	NNCAGCATCGTATCNNGCCACCAATATCNN	0.5
2455	NNACTGAGACTGACNNTGTGGACCACTANN	0.5
2456	NNGCTATTGTCGACNNACACGATAGCTGNN	0.5
2457	NNTGTCAGATAGGCNNCTTCTTGCAAGCNN	0.5
2458	NNTGTATCAGGCTCNNACGAAGGATGTGNN	0.5
2459	NNACTGATCGTCACNNAGGTCCTTACACNN	0.5
2460	NNGTTCATGCACCTNNGTCCTATCACTCNN	0.5
2461	NNACGTTCCGCTATNNTGTTCCGTCGATNN	0.5
2462	NNGCTGTATCCTGANNCTTATCTGGTCGNN	0.5
2463	NNCATCACTGAACGNNCTTCAGCACGATNN	0.5
2464	NNGCGGATGAATTCNNCATTCTGAGGTGNN	0.5
2465	NNCACTGCTGATGANNAGCATTACCGCTNN	0.5
2466	NNACAAGTGACCGTNNTGGAGCACTTCTNN	0.5
2467	NNAGCTCGTGTTCTNNGTGTTGCAGTACNN	0.5
2468	NNCTGAACAACTGCNNCGCAAGCCTTATNN	0.5
2469	NNTGACACTGTCTGNNAGCTCCATACCTNN	0.5
2470	NNGCTTGGTAACTGNNACACACGTAGTCNN	0.5
2471	NNTAAGTCGACGGANNAGGCTGAGCAATNN	0.5
2472	NNCTGCGCATATCANNTATGTGCCTGCANN	0.5
2473	NNTACCTGTCTCTCNNTAGACTGTGGCANN	0.5
2474	NNGTGACTGGTAGANNCACGCACATTGANN	0.5
2475	NNTGTCTGTTAGCGNNACAGGTGAGACTNN	0.5
2476	NNGTGTCTGAGAGTNNGTCAACACAGTGNN	0.5
2477	NNCTACGATCGTAGNNCGGAATACAGACNN	0.5
2478	NNGTACTACGCAACNNCTAAGTCGGAACNN	0.5
2479	NNAGAGGCGATTACNNCTTGTTACGCCANN	0.5
2480	NNTAGCGTGCTACTNNATAGCCACTCGTNN	0.5
2481	NNGCTATAGTGTGCNNTGTCCTCGAATCNN	0.5
2482	NNCGAGACAAGTCTNNGTGCGCTTAATGNN	0.5
2483	NNCTGTATGGACAGNNACTTGCGGTTACNN	0.5
2484	NNATCAGGCATTGCNNCTTGGTACCTACNN	0.5
2485	NNCATACTCATGCGNNTGCTTCTGCAGTNN	0.5
2486	NNAGCCTTACCAGTNNGCCTTCCAGAATNN	0.5
2487	NNAGCATGCGTATCNNTGTGCGGTTACTNN	0.5
2488	NNCAGCTCTGTTGANNGCAAGACCTTACNN	0.5
2489	NNGTTGGTCGTTCTNNGCTAAGGTAGCTNN	0.5
2490	NNTATGGTGCCATGNNACCTCGTTGTGTNN	0.5
2491	NNGTCGAAGCATACNNCAGCACGAGAATNN	0.5
2492	NNCAGCATAGGACANNATGAGGTCCAGTNN	0.5
2493	NNTGGAACCGATGANNAGGCTATCAAGCNN	0.5
2494	NNGCCTTCTTAACGNNCTGAATCAGGTGNN	0.5
2495	NNATCGTCTTCGCANNCATAGCTACCAGNN	0.5
2496	NNAGCATCGTACCTNNCGACTTGAAGACNN	0.5
2497	NNCAACTCTGAGAGNNCAATAGGAGGCTNN	0.5
2498	NNGCGAGTACATGANNATCTCCTGCCTANN	0.5
2499	NNTAGCGAATAGCGNNAGCGAGTGTTGANN	0.5
2500	NNTGAAGAGAGCGTNNTGACTTGAGACGNN	0.5
2501	NNGTATACGTGGCANNCGGCTGATTAACNN	0.5
2502	NNGCCAACCACAATNNCGCGTTCATCATNN	0.5
2503	NNTGACCATCTCACNNGTAGCTCCATTGNN	0.5
2504	NNACTGCAAGGCTANNCTGTACTGTGGANN	0.5
2505	NNTGCTCTAACGAGNNCTACCAACGTGTNN	0.5
2506	NNACCGGCCTTATANNAGAACACGAGCTNN	0.5
2507	NNATTGGACACGTGNNACGTCGCATAGANN	0.5
2508	NNTGTCTCACAGTCNNCATCTAAGTGGCNN	0.5
2509	NNATACTCCGAGCTNNTGGCATGACGATNN	0.5
2510	NNATCACCAACTGCNNAGCCATGACAACNN	0.5
2511	NNCTATCGGACAGTNNTGATCCACGCATNN	0.5
2512	NNGCAATGTACTGCNNGTACCTCGTATGNN	0.5
2513	NNGTAATGGTCCGTNNGTCCATGATGAGNN	0.5
2514	NNCGGTGCTTATCTNNCATGCGAGGTATNN	0.5
2515	NNCAACCGTTGATGNNGCTTATCTGAGCNN	0.5
2516	NNGCATAACGAGCTNNGCTCGTAGTTGANN	0.5
2517	NNATCACTTCCGGANNCGGTTATCTGAGNN	0.5
2518	NNCATGAAGTCCAGNNCTTAATGACGGCNN	0.5
2519	NNCACTTCTGCTGTNNCTATACCACTGCNN	0.5
2520	NNATCCTTGTAGGCNNGTCACCTGAAGANN	0.5
2521	NNACTCTCGTCAGTNNTAGTGAGGACGANN	0.5
2522	NNATGCTCTTACGCNNCATGTGAGTTGCNN	0.5
2523	NNATGTGGTTGCTCNNATTCGGCATCAGNN	0.5
2524	NNAGGTGTTCCGATNNATGCTACTCCTGNN	0.5
2525	NNAGGATGGATCCTNNGTCTGAAGCACANN	0.5
2526	NNATAGGTCCTTCGNNATTCGTTGCGCANN	0.5
2527	NNTGTGTCATCACGNNTAGCTTGAGGAGNN	0.5
2528	NNAGGCACTAACCANNGTGCTAGAACCANN	0.5
2529	NNGTCCGATAGTCTNNTGATGAGCTGTCNN	0.5
2530	NNTGGAGATATGGCNNCGCATTCAACAGNN	0.5
2531	NNACGCAATGGTAGNNAGCCGAACACATNN	0.5
2532	NNGTACGGCCTAATNNAGTTGGTCCACTNN	0.5
2533	NNTGTCTCAACGGANNTAGCGGTCTACANN	0.5
2534	NNACGGACAACATGNNCTAACACCGAGTNN	0.5
2535	NNCGTGGATTAGGANNAGCGTACCATTCNN	0.5
2536	NNGTCTACCATCGANNACACGTAGGTTCNN	0.5
2537	NNGTTCGATTCAGCNNACCGGTTCTAACNN	0.5
2538	NNGCGAATTCTTCGNNAGTGCAGTCCATNN	0.5
2539	NNAGTGAGCATCGTNNACGAGCATCCTANN	0.5
2540	NNCACCGCATACTANNATCCACCAACTCNN	0.5
2541	NNAGTCGCGTATAGNNATGGTTGGTGGANN	0.5
2542	NNACGAGTAGGAAGNNATGGCGCATATGNN	0.5
2543	NNTAGATTCGCGCTNNAGGTTAGTGGTGNN	0.5
2544	NNGTATCACAACGCNNCGCTATATGCTGNN	0.5
2545	NNCTGTCGTGTTGTNNGCATGCTTAGCTNN	0.5
2546	NNAGTGCTCATGACNNGCTTGCGTATCTNN	0.5
2547	NNCTGTTCTTGGCANNACAGCTGCTAAGNN	0.5
2548	NNAGCAGGAAGGATNNCGTCTTCAACTGNN	0.5
2549	NNCATCTTCTCCAGNNATCTAGCATGCGNN	0.5
2550	NNTAAGTCAGACCGNNCTTAAGGCCTTGNN	0.5
2551	NNGTCAGTAGGACTNNCTGGTGGAGTTANN	0.5
2552	NNCGCTGAATTCGTNNTGCGTGTTCAAGNN	0.5
2553	NNGTAGGTACCAACNNAGGCGATTCTCTNN	0.5
2554	NNGCTTCTGCTCATNNCGCTGATATGGANN	0.5
2555	NNGCAGTTGTCAGANNAGAGCCTTACTGNN	0.5
2556	NNTGAATGTCGCGTNNCACTCGAGTAAGNN	0.5
2557	NNCGAGGTGTGATANNTACATGTGGCGTNN	0.5
2558	NNGTTGACCGATGANNATGCGGTCATACNN	0.5
2559	NNCTACAAGGTCGANNACTATGTGAGCGNN	0.5
2560	NNTAATCCTCGCCANNCTTGACCGGAATNN	0.5
2561	NNGTAGACTCAGACNNATTCCGCAAGTCNN	0.5
2562	NNACAATGTTGGCGNNCTTAAGCTGACGNN	0.5
2563	NNAGCTTGCGATTCNNCTTGCCATGTTGNN	0.5
2564	NNCATTATCCGGACNNGTACACACGATGNN	0.5
2565	NNTAGGACTCTCAGNNGCAACAAGTGTCNN	0.5
2566	NNATCGTTCGAGTGNNATGGCTTGGTACNN	0.5
2567	NNCGACCTATACAGNNAGTTCCGCTTCANN	0.5
2568	NNCTGTTAGCCATCNNCTAGTTCCGTGANN	0.5
2569	NNACTTCCGCACATNNGCCTTAATTGGCNN	0.5
2570	NNTGTTCGCAGATGNNAGGTCACACAGTNN	0.5
2571	NNCACCTCCTATGTNNATCACACGTGGANN	0.5
2572	NNTGTCTAGCTGTGNNTACATCCGCCATNN	0.5
2573	NNACTTCCGAAGACNNATTCTCCAGGCANN	0.5
2574	NNGCTCCTGTATCANNTGTTGGCGTAGANN	0.5
2575	NNGTGGAATCCTCANNTGCGTAACAACGNN	0.5
2576	NNAGTCGGATTGTCNNTAACACCGTCACNN	0.5
2577	NNTACGCTACCAGANNGTCTATCGAGCANN	0.5
2578	NNCTGGTTGATGACNNCGTAACGCAACANN	0.5
2579	NNAGTGTGCATTCGNNTATAGGACCGTCNN	0.5
2580	NNGCTACACCTCTANNTATACTCGACGCNN	0.5
2581	NNCATTACGACCGTNNATCTAGACCGAGNN	0.5
2582	NNGTACCGAATGCTNNACATGCAGCCATNN	0.5
2583	NNGCAAGTCAAGAGNNTACTGGAGCTACNN	0.5
2584	NNAGTCTTGTGCTGNNGTGCCTTGTTGANN	0.5
2585	NNCGAAGATTCGTCNNAGCCATAGCACANN	0.5
2586	NNCGCTGTCAACTANNCGATTATGCGCTNN	0.5
2587	NNTGGTCAAGACCANNGCATGACGCAATNN	0.5
2588	NNGCATCATGTACGNNGTAGTACGGAAGNN	0.5
2589	NNCGCTGAACCTATNNTGGCGAATGCTANN	0.5
2590	NNCACATGACTCGTNNGCTCTGATAACGNN	0.5
2591	NNCGCTTCAGTTGANNGCGGATAGATCANN	0.5
2592	NNTGGCTGTTGACTNNTGTAGTCACTCGNN	0.5
2593	NNCGGCCTTGATATNNCATTCAGCCACANN	0.5
2594	NNTGCGCAATCGATNNCATTCGTCAGTCNN	0.5
2595	NNTGTCACAATGCGNNTGCTTCATCGGANN	0.5
2596	NNCTATGAGCACACNNCTATCGAGGCATNN	0.5
2597	NNGTTGCCAATCTCNNAGAGATCCGCATNN	0.5
2598	NNCACGCTGTATCTNNCGACGGTAGAATNN	0.5
2599	NNACGATAGTGCACNNTGCAGGTCGATANN	0.5
2600	NNCACCAGTCAATCNNGTGTGTTCCTTCNN	0.5
2601	NNATGTCTCCGACTNNCAGTGCCTGTTANN	0.5
2602	NNTAGCGCACGAATNNACAAGGCGACTANN	0.5
2603	NNTGTCAAGTCGCANNGCCTACTATTCGNN	0.5
2604	NNCTATCGAGAGTGNNGTGCCATTACCTNN	0.5
2605	NNCAGAGTGAAGCTNNCAATGAGCTCGTNN	0.5
2606	NNATGGAAGGTCCTNNATCGCTCTCACANN	0.5
2607	NNCGTCTGGTAGATNNGCTGGTTAGACTNN	0.5
2608	NNAGGAGGTACTAGNNTACCAGGAATCGNN	0.5
2609	NNACGTAGCAGACANNCGATAAGGTGTGNN	0.5
2610	NNCTTGTGGACGATNNGTCACAATAGGCNN	0.5
2611	NNCGCCAGCAATATNNCAACGACATGTGNN	0.5
2612	NNTGTGCGTATTCGNNTGTTGCCTGTTGNN	0.5
2613	NNATCAACGCCTGANNACTCGGTCTGTANN	0.5
2614	NNCAAGGATGAACGNNAGGATGAGAAGCNN	0.5
2615	NNAGTCTCCAGTTCNNGCTGCCTAATTGNN	0.5
2616	NNCTAGTCCTCACTNNCGCACCTATAAGNN	0.5
2617	NNTAGGTGGATGTGNNGCTCCATATCTCNN	0.5
2618	NNTGTGATGCGATCNNCTTGCATGTAGCNN	0.5
2619	NNTACGTGGACAACNNCGTCTCGTCAATNN	0.5
2620	NNACCAGACTCACTNNGTTGCAGATCCTNN	0.5
2621	NNATTGTAGGCAGCNNCACCTAGGATGTNN	0.5
2622	NNCAGTCACTCTGANNATGACAGCTCTGNN	0.5
2623	NNCTATCTTCGAGCNNCTGTGTCTGGATNN	0.5
2624	NNGCGTTAATGCTCNNATCGCGTATGACNN	0.5
2625	NNTGCGTGTTAGCTNNATCTGCTTGGACNN	0.5
2626	NNCGATTCTAGGTGNNGTCTACGTCAACNN	0.5
2627	NNAGCTCCTACGTANNGCGAAGAGTGTANN	0.5
2628	NNGTCTGTAGCGATNNATTCACTCTCGCNN	0.5
2629	NNTAACCTGCCATGNNATTGCTGCGTGTNN	0.5
2630	NNACCACTTACGCTNNAGAGGAGCATGTNN	0.5
2631	NNCGTGGATTCCATNNCTAATAAGCCGCNN	0.5
2632	NNCAACACTTCGGANNAGTCCTACGAAGNN	0.5
2633	NNATCCGCTACTCTNNCACCTTACCTCTNN	0.5
2634	NNTAATGGCGCTGANNCATTGTGCGTTCNN	0.5
2635	NNAGACGGTGGTATNNCGACCATCAATCNN	0.5
2636	NNATGCCTGAGTAGNNACGTTAGTTCCGNN	0.5
2637	NNCACCTAATGGCANNGTCGATCTGTTCNN	0.5
2638	NNGTTCTCAGCGTANNGCATCTCCTTCANN	0.5
2639	NNTGTGTCGGTTCANNCGTAGACGATGANN	0.5
2640	NNTAGAAGTCGCACNNATCTGAGGTGCANN	0.5
2641	NNCAGTTAGAGGACNNCAAGCTCAATGCNN	0.5
2642	NNATTGCCACACTGNNACACTCTCTGTGNN	0.5
2643	NNGCATGGAACACANNTAGACCACTCCANN	0.5
2644	NNAGGACGAGTTGANNGTGAGCCATAAGNN	0.5
2645	NNACTATTCGGACGNNAGTACACGTTGCNN	0.5
2646	NNGTACGATGTCGANNCGAATTCATCGCNN	0.5
2647	NNGCTATACGTTGCNNCTATGACTAGCGNN	0.5
2648	NNGCGTGAGTGAATNNGTGTTCTAACGCNN	0.5
2649	NNACTGCTCTGAGTNNATGGACCTCCATNN	0.5
2650	NNACTAGTGTGCGANNAGATAGACCACGNN	0.5
2651	NNTACCTGCGTGATNNTGTGATCCGGTANN	0.5
2652	NNGTACTCGAAGTCNNACGGTTCTCTCTNN	0.5
2653	NNTATCAGCAACCGNNGTAAGATGGTCGNN	0.5
2654	NNCGACCTATCGATNNAGAACATCCACGNN	0.5
2655	NNGCAGATTCACCANNTAAGCACACGACNN	0.5
2656	NNTGACCTTAGCCTNNCGGCTCATCATANN	0.5
2657	NNATGAGCTCGTTCNNGTGCATGCACTANN	0.5
2658	NNGCTAGTAAGTGCNNCTTCGGTATGTCNN	0.5
2659	NNCTGAACTCCGATNNCAGCTAATCCACNN	0.5
2660	NNGTTCGTCGTGATNNATCATCTCCGTGNN	0.5
2661	NNTAGACGCGATCANNATTGTGCCGTGANN	0.5
2662	NNTGTACGCACAACNNCTGCTAAGCTTGNN	0.5
2663	NNCTGAGACAACACNNAGTCTAACGCTGNN	0.5
2664	NNACAGATCCACGANNTGGCGATAGACTNN	0.5
2665	NNCATGTTATCGGCNNAGGCTTCTGCTANN	0.5
2666	NNATTAGCGGTGTCNNCAGGCGTAGTTANN	0.5
2667	NNGCCTTACGTAGANNTAGCAAGTGCCTNN	0.5
2668	NNCATCAACTGCGTNNTAAGCTGGCGATNN	0.5
2669	NNATGAGCCGAAGTNNAGGAAGAGCAGANN	0.5
2670	NNGTGGTTCATCCTNNTAGACCGCTGATNN	0.5
2671	NNATGGACACACCTNNGTTAAGAGCCTGNN	0.5
2672	NNGTCTGTTATCGCNNATTGTGACCTCGNN	0.5
2673	NNCACTTCCAACGTNNATCTGCGAGCTANN	0.5
2674	NNCGACTAGACACTNNCAGGTGAACTTGNN	0.5
2675	NNAGCCTAAGCTTCNNCGCTAGACCAATNN	0.5
2676	NNAGAGTTCAACCGNNACTACGACGAGTNN	0.5
2677	NNGCTAGTGAACGANNACCACTATGCGANN	0.5
2678	NNGCCAATTGGTCANNCTTCAGGTGATCNN	0.5
2679	NNGTGTAGTGTCTCNNCGGTTCAGATACNN	0.5
2680	NNCTTATAACCGCGNNCTAATTGCGCTGNN	0.5
2681	NNTGACCACACCTANNACTCACACGGATNN	0.5
2682	NNTAGGCGATACCTNNACAGTTAGGCTCNN	0.5
2683	NNGTCAACTGCTGTNNATCCTGGCTTGANN	0.5
2684	NNATGAGTCGGATCNNTACCAGTTCACGNN	0.5
2685	NNTATACTGCTGCGNNTGACTTCCAGAGNN	0.5
2686	NNGCCTTAACACCANNGCCATAAGACACNN	0.5
2687	NNACTGCATCCTTCNNTGGATCCTAACGNN	0.5
2688	NNACAGAATAGCGCNNATCCATGACCGTNN	0.5
2689	NNCAGCTAGGTGATNNACGACCTAGTCTNN	0.5
2690	NNTGTGGTGAACACNNGCCTAGAACTACNN	0.5
2691	NNTACGGCCATACTNNAGAAGCAGTAGCNN	0.5
2692	NNCGACAAGCTACANNATAGCGCAATCGNN	0.5
2693	NNTAGCCTCGCAGANNCGCCAGATTAATNN	0.5
2694	NNAGTCCGTGAACGNNACTTGAGTGGTANN	0.5
2695	NNATACTGGTGGCGNNATCCAAGTGAAGNN	0.5
2696	NNGTTCGTAGCCACNNACATGGTCCAATNN	0.5
2697	NNCGGCTAACGTCANNGTGTATATCTCGNN	0.5
2698	NNACCACGTGGTTCNNCTACGAGTTAGANN	0.5
2699	NNTAACGCTCCGTCNNACATGGCATTGANN	0.5
2700	NNTGAAGGCCACAGNNCAGTAACTACCANN	0.5
2701	NNGTTGTGGAGAGCNNACACATTCCTACNN	0.5
2702	NNGTTGTCGAGCAGNNCAATGTCCACATNN	0.5
2703	NNTGCCGAAGTGGANNTGTACTAGAGCTNN	0.5
2704	NNGTCGTCCTTGACNNGCCATTATTGTGNN	0.5
2705	NNTACCTCACCGAGNNCTAAGTAGTCAGNN	0.5
2706	NNGTGTTGTGCCGANNCTACTACGATCTNN	0.5
2707	NNCGAGGATCTGTGNNAGACAAGACCATNN	0.5
2708	NNCAAGCGCACTGANNTAGATATCGGAGNN	0.5
2709	NNACCTCACTCGTGNNCAAGCTTACGATNN	0.5
2710	NNCTGCGTATTCGCNNGCAATATACGAGNN	0.5
2711	NNCGCGAAGATCTCNNAGGCAATGTGTANN	0.5
2712	NNGTGAGATAGCGCNNCGTTCAAGTATGNN	0.5
2713	NNATGGACCGGTAGNNCACATTGTGACTNN	0.5
2714	NNACGCGTGTCTGANNCAGATAATGACGNN	0.5
2715	NNTAGCGGCGAGATNNATACAGGCTTCTNN	0.5
2716	NNCAGCCATCTCTGNNTGATCCGTGTTANN	0.5
2717	NNCAGAACCACCTCNNGCGGATAGTTATNN	0.5
2718	NNCACAACTCCTGCNNCATTCTAAGTGCNN	0.5
2719	NNCAGCCAATGGTGNNATACACTCTGGANN	0.5
2720	NNCGTGGACTCTCANNTGGTAGAGATGTNN	0.5
2721	NNCTGAGGAGCAGTNNAGGTAAGTACCANN	0.5
2722	NNTGACCGTCGTGANNGTATTGGAAGAGNN	0.5
2723	NNCGGCTAACAGAGNNCTTCTTCGTTACNN	0.5
2724	NNGCGATCAGCTTCNNTGGATGTTCAACNN	0.5
2725	NNACGACAACTGCGNNGTGATCTTGAAGNN	0.5
2726	NNTACGCGGTGCTANNAGCTAAGGAGATNN	0.5
2727	NNTGACCAGGAGAGNNGCTACGTAATCANN	0.5
2728	NNGTTACGCGAAGCNNATAATGAGCCTGNN	0.5
2729	NNGCACGAGCACATNNCGGAACTTAGTANN	0.5
2730	NNATGTCCGGTTGCNNCAAGCACATGATNN	0.5
2731	NNCACTACCGGTAGNNTAGGTTCTGCATNN	0.5
2732	NNCACACTGGTTCGNNACTCGTTGACTANN	0.5
2733	NNTACACAGCACGCNNCAATCTCTTCCTNN	0.5
2734	NNGCCATCGTCAACNNGTTGTGGTTCATNN	0.5
2735	NNTGTCGTGCGGATNNGTTATCCACAGANN	0.5
2736	NNTAACAGTCGCGCNNACTCAGGAATTGNN	0.5
2737	NNGCCTTAGCGCTANNTAGAGCGTTCTANN	0.5
2738	NNCTAGTCCGTCTGNNTACTTGTACGGANN	0.5
2739	NNCGCAGGTTGTCANNAGCCTCAAGATANN	0.5
2740	NNCTAGGCTGGACANNTACAACCGTAGTNN	0.5
2741	NNGCATGGCCTACTNNCTATCGAGTAGTNN	0.5
2742	NNACGCTTGAGCACNNACGTAAGTAAGCNN	0.5
2743	NNCGATAGCACCAGNNCACATGATCAGTNN	0.5
2744	NNAGTCGACGTCGANNTAGTGTGGTTCANN	0.5
2745	NNACGGTAGGCCATNNTAGTACGCGTATNN	0.5
2746	NNACAGGACCTCGTNNATAGCTCTACCTNN	0.5
2747	NNCGCACCTATCGANNCAGGACTATATCNN	0.5
2748	NNGTGACAACGCCANNTAAGCTGACACANN	0.5
2749	NNCTACGGACGACANNATCAACCTGAGTNN	0.5
2750	NNTGGCTGATCGTCNNAGAGCAGACTTANN	0.5
2751	NNCGAACTGCCATGNNACACTACAGTGTNN	0.5
2752	NNGTTGCTGGTGACNNTAACTAGACAGCNN	0.5
2753	NNACGGCACACTGANNTGTAATGAGGTGNN	0.5
2754	NNCGCTAAGTCCTCNNTACAGTAGATGCNN	0.5
2755	NNCGATCGTTCTGCNNAGACTCCTAAGANN	0.5
2756	NNCGATACTCCGTCNNACTCAATCGGTANN	0.5
2757	NNAGATTCCGCAGCNNTATATGGCTGCTNN	0.5
2758	NNGCCAAGGAATGCNNTACACTCGCTTANN	0.5
2759	NNTGCCTAACCAGCNNCATTAACGGAAGNN	0.5
2760	NNGCGCTCCTTAGTNNTAACGCATCCTANN	0.5
2761	NNACCTCCTAGCAGNNCATCAGTCGATANN	0.5
2762	NNAGAGGCCAAGGANNAGTACATCGATGNN	0.5
2763	NNCAGGCTGGTGATNNAGCGTTAACTCTNN	0.5
2764	NNGTGCTCAAGCGTNNGTCATGTGATTGNN	0.5
2765	NNACTCACGGTTGCNNACTGAATTCGAGNN	0.5
2766	NNGTGTACGCTGCTNNTACAGTGAACTGNN	0.5
2767	NNGTGCGATGAGCANNTATGGATAGCCANN	0.5
2768	NNGCAGGACGTAACNNACTATTCGGTACNN	0.5
2769	NNTGTGCTCGCGTANNACTGCAACAGATNN	0.5
2770	NNACCTCGCTACGTNNTACCGTATGCATNN	0.5
2771	NNCAGGCGAGAGTANNATGTATGAAGGCNN	0.5
2772	NNAGCGACGAACCANNACTAATAAGGCGNN	0.5
2773	NNAGGCATTCCGAGNNTACGTAACGTAGNN	0.5
2774	NNACCTTCCTCGACNNCTAGTCTATAGCNN	0.5
2775	NNCAGGAAGCACACNNTACTGACCTTACNN	0.5
2776	NNGCAGGTATCGCTNNATGAGTATCTCGNN	0.5
2777	NNACGCTAGCATCGNNTACAGAGCTACTNN	0.5
2778	NNTATCGTGTGCCGNNCTGACTAGTTCTNN	0.5
2779	NNCGTGAGCTATCGNNCGTTAATCCAAGNN	0.5
2780	NNTACCGAGTTGGCNNTACAGTGACTCANN	0.5
2781	NNAGCGGATTAGGCNNACCTTCCATATCNN	0.5
2782	NNCTGAGCCACTTCNNTGGACGAATACTNN	0.5
2783	NNTAGGAGGTGGACNNACCAGCTAAGATNN	0.5
2784	NNACGCCTTCACAGNNACCTTGTCTTACNN	0.5
2785	NNCGGCCTAGTAACNNCTAGATCTCGTANN	0.5
2786	NNCGCAGCAGTTCANNATGTGTCAGAGTNN	0.5
2787	NNAGGCTAGTCGCANNCATTGATAGCGANN	0.5
2788	NNCAGCTATCCGAGNNAGATCGCTCTTANN	0.5
2789	NNCATCTCGGCAACNNATTAAGACCAGCNN	0.5
2790	NNGCATACACCTGCNNATGTCGATGGTANN	0.5
2791	NNAGACGGTGAAGCNNTGAATCAGGTAGNN	0.5
2792	NNACCGGCTGTAGTNNCAATTACGAGCANN	0.5
2793	NNTGCACTCGTGTCNNTAGTCTATCGCANN	0.5
2794	NNTGAAGGCAACGCNNAGCTAGTTATCGNN	0.5
2795	NNATGTACGGCGCANNGCAGTGAGAATANN	0.5
2796	NNGTTCGTCGATGCNNATCTGGTAGTCTNN	0.5
2797	NNTGACCAGCCTGANNGTTGTCAACTTGNN	0.5
2798	NNGCTCACGCATACNNTGTCTATCATCGNN	0.5
2799	NNTGGACGTCGTCANNCAATGGAATCCANN	0.5
2800	NNCGGTAGGCGATANNGCGAACATAAGANN	0.5
2801	NNTGCGTCCTGCTANNAGGTCTAGTTCANN	0.5
2802	NNGTGAGAAGGACGNNATCACTACACAGNN	0.5
2803	NNCAAGTCACAGCGNNTAATCGGCATGTNN	0.5
2804	NNAGACAGTCGCCANNCGAACTATAGTCNN	0.5
2805	NNACAAGGAGCCACNNGTTAGTCTCTGANN	0.5
2806	NNCTAGACGGACGTNNGCCTATACACTANN	0.5
2807	NNATGGCAGCGTACNNAGGCATCACTATNN	0.5
2808	NNGCGGTTCTAACGNNGTATGTCAAGTGNN	0.5
2809	NNAGGCTCCTAGCANNTGGTAGAAGATGNN	0.5
2810	NNGTGTCCTGCTAGNNACACGTAAGTAGNN	0.5
2811	NNCGGAGGATCAACNNGCGTACAATAAGNN	0.5
2812	NNCGACAACGAGTCNNAGCTATGTGTGTNN	0.5
2813	NNCGGTAATCACCGNNGTCTTACTATGCNN	0.5
2814	NNTATCTAGCGCCGNNAGACTGTTCAGANN	0.5
2815	NNTGCAACAGCGTGNNACGGAACATAGANN	0.5
2816	NNCGCAATGCAGCTNNTGTCGCTCAATANN	0.5
2817	NNTGCACACAAGGCNNATGGCATGTCTANN	0.5
2818	NNGTCGCGTTGACANNTATGTCACACTGNN	0.5
2819	NNCTTCGCCATCTGNNTGTATCCAGGATNN	0.5
2820	NNCGGCATATCCAGNNATGCCGTGTATANN	0.5
2821	NNCATGCCGCTCATNNCGCTAGAACATANN	0.5
2822	NNTGACCGTCAGTCNNGTCAGCAATTGTNN	0.5
2823	NNAGGTCTAGCCGTNNTATGGCACTTGANN	0.5
2824	NNAGTGGTCCTAGCNNTGGTAAGCTTCTNN	0.5
2825	NNGCTGGACATCCANNAGAGGTGTTATGNN	0.5
2826	NNACTCGGACGTAGNNTAGCGTACAATCNN	0.5
2827	NNACCAACTGAGCGNNATTACAGATCCGNN	0.5
2828	NNCTTGTCCGAGTGNNCATCCGTAATAGNN	0.5
2829	NNGTGTCCTACGACNNTGTCGAACAAGANN	0.5
2830	NNATCTGCTCGTGCNNGTGGTACGTAATNN	0.5
2831	NNCGACGTGTTAGCNNGTCAGGATTATCNN	0.5
2832	NNCAATGGTCCACGNNATGCTGACCATANN	0.5
2833	NNTATCGTGGCAGCNNATGAAGGTTGCTNN	0.5
2834	NNCGACGTGATGTCNNATCTCATCTGCTNN	0.5
2835	NNATGCGCTCCGTANNAGGCTAACACTANN	0.5
2836	NNCATCTGACCGCANNCAAGATTACCTCNN	0.5
2837	NNGCCAGATAGACGNNAGTGAATCATGCNN	0.5
2838	NNAGGCCATGCAACNNATAGTAGACGGANN	0.5
2839	NNCAATGACGGCACNNATGTAGGATCTCNN	0.5
2840	NNCGCAGGAAGAACNNGCTGTTAGTTCTNN	0.5
2841	NNAGGCGCCGTTATNNACAGCCTTGTTANN	0.5
2842	NNGCTGAGAGGATCNNAGTGAACAAGCTNN	0.5
2843	NNACAGTCAGCCGTNNATTGGAATCGGANN	0.5
2844	NNCACTGCCTAGTCNNCAATTACGTTGCNN	0.5
2845	NNCGTCTGCTCTCANNTGCTACCTAATGNN	0.5
2846	NNCATCAGAGGTGCNNAGGATTAGTGGANN	0.5
2847	NNGCACTCATGCGTNNGCAGACAATCTANN	0.5
2848	NNCACATTGGCCAGNNATAGACTTACGCNN	0.5
2849	NNAGGCACCTCAACNNTACAACTCTCGTNN	0.5
2850	NNCATAGGATGGCGNNTAAGTGCAAGGANN	0.5
2851	NNACGCATGACGACNNACCTGAAGATTGNN	0.5
2852	NNGCGGAGGTTATGNNTGTGTAACCTTGNN	0.5
2853	NNCGGACGGTATACNNCGTCTTAGAACTNN	0.5
2854	NNCACGTACGCCATNNGCTTACAAGAACNN	0.5
2855	NNAGTGGTACCGTCNNATCATTGAGCGANN	0.5
2856	NNGCCTGTTGCTTCNNTGATCGATGTTCNN	0.5
2857	NNCGTCAAGGTTGCNNTATAGACTCCGANN	0.5
2858	NNGTAGAGAGGAGCNNTACACTGGTCATNN	0.5
2859	NNGCACTGTGGACTNNGCATGTGAATACNN	0.5
2860	NNTGGCGCTACAGANNTAATGCCATTCGNN	0.5
2861	NNCAAGCCATTCCGNNTGTATCGACACANN	0.5
2862	NNAGTCGACGCAAGNNCATCCTCTTAGANN	0.5
2863	NNTACCGGACGTTCNNTGCAGCTAATTCNN	0.5
2864	NNCAAGAGGCCGATNNCTACCAAGCATANN	0.5
2865	NNAGTAACCTCGGCNNATGGCAGTAGATNN	0.5
2866	NNTGTCACGCCAAGNNTATTGCTCAGACNN	0.5
2867	NNAGGCATGCACCANNAGATACAACGCANN	0.5
2868	NNCGTCCACCAAGANNTATCACGAACTCNN	0.5
2869	NNCTAGAGCTGTCGNNAGTTAATGACGCNN	0.5
2870	NNCACAGGTGCAGANNAGCTCTTAGTAGNN	0.5
2871	NNCATCGACGCACANNATGCTAGATAGCNN	0.5
2872	NNACGACTGGCTAGNNACATGTTCGCTANN	0.5
2873	NNCGCGATCCTCTANNATGCCTTCAACANN	0.5
2874	NNCGAAGCGCATTGNNTGAACTAAGCGANN	0.5
2875	NNACGTTGCGACGANNTAGCTGGAGTATNN	0.5
2876	NNCGCTCTCAGAAGNNAGGCTAGATCATNN	0.5
2877	NNGTCGCTTCCATCNNCTGCCTGTATTANN	0.5
2878	NNTGCGCTTCGTAGNNAGTGAACCATTGNN	0.5
2879	NNTATGACGTCGCGNNTACAGAGTACACNN	0.5
2880	NNTGGTACAGCCGTNNACTTAGCATCACNN	0.5
2881	NNGCAATGGCTGCTNNGTCATTACTTGCNN	0.5
2882	NNGTAGGCTGTGTGNNAGAATCTCAGCANN	0.5
2883	NNTACTGCCGAGGANNATACTCTAGGACNN	0.5
2884	NNCGTGCTAACGCANNAGAGTGTTCACTNN	0.5
2885	NNGTTCGTCCACGTNNCTTAGCACATCANN	0.5
2886	NNTGCTACGATGCGNNTATCTCTCCGTANN	0.5
2887	NNGTTCCAGATGGCNNTATTCCTAGCACNN	0.5
2888	NNGTCCACTCCAGANNTACCTCATCTGANN	0.5
2889	NNCTGTTGTGCAGCNNCTATGCATGTAGNN	0.5
2890	NNAGGAGTAGCACGNNAGGAGTCATTAGNN	0.5
2891	NNGTACATGCGCTGNNGTGTGTGAATGTNN	0.5
2892	NNTGCAAGGCCACANNCTATGCCTTACANN	0.5
2893	NNACATGGCCGACANNCTTGACACACATNN	0.5
2894	NNGTACCAGACGTGNNCTAACACAACAGNN	0.5
2895	NNCGGTTGTGACGANNTGTTCCTGTTAGNN	0.5
2896	NNACTGTACAGCCGNNCTGTAGTTACTCNN	0.5
2897	NNTGCTGCGCTAAGNNACTGAGTTCAACNN	0.5
2898	NNCGTCCATAGCGANNCAACACTCCTTANN	0.5
2899	NNTGTACGAGAGGCNNACATAGGTACACNN	0.5
2900	NNGCGTAGTGACCANNCGCATGTTACTANN	0.5
2901	NNCGTGCCTCGTATNNATTGCATAGAGCNN	0.5
2902	NNATGTCGCGACGTNNGTTGCGTTAAGANN	0.5
2903	NNGCAGGTTGCTACNNCACGTCAATTACNN	0.5
2904	NNTAGGACGCTGGANNCTATAAGGCTACNN	0.5
2905	NNGCACCTATAGGCNNTACTGAATCCACNN	0.5
2906	NNGTATAGCTGCCGNNCGTTCGTAATCANN	0.5
2907	NNTGCAGTCATCCGNNAGACAGTCCATANN	0.5
2908	NNGTACGTTCAGGCNNCACTAGTGCTTANN	0.5
2909	NNACCATGGCTCTGNNATCTCAGAGGATNN	0.5
2910	NNCACCTGAAGGAGNNATCTTGGAGGTANN	0.5
2911	NNTGTGCACAGGACNNTAGCCATGTAGTNN	0.5
2912	NNTGAATGCGAGGCNNACTGAATGCTCANN	0.5
2913	NNAGCGAGGTAGTGNNCGGTACATAACTNN	0.5
2914	NNGCGGCATCATAGNNACTGTCTGATACNN	0.5
2915	NNACGGCTTGCAGTNNTGCTAAGTGCTANN	0.5
2916	NNCAGCGGTAATCGNNATTATCGCAGGANN	0.5
2917	NNCGACTTCCAGTCNNTGCAGACATAGANN	0.5
2918	NNCGCGTTGGAACANNATCGGAACTTGTNN	0.5
2919	NNCACCATCAGGAGNNACGCGGTATTATNN	0.5
2920	NNAGTGGATGCACGNNTATGTGTTCTCGNN	0.5
2921	NNCGCAATTGCCGANNTAAGTGATGCACNN	0.5
2922	NNCGGCTTGTTCGANNATCTGTAGCTGTNN	0.5
2923	NNGCGTGACGTCATNNGCGATTCATACANN	0.5
2924	NNCGTCTAGCTAGCNNTGAGGAAGTCTANN	0.5
2925	NNATCGCGCAACAGNNTGCAGTTAAGCANN	0.5
2926	NNTAAGCTCGGCACNNCATATGTTGTCGNN	0.5
2927	NNACCGCCAATAGCNNTGTGTGATCCTANN	0.5
2928	NNCGGCCAATGGATNNGCCATAATAGTCNN	0.5
2929	NNAGCGTACGTCACNNCTTGTTGAGTCANN	0.5
2930	NNACAGCACCGGATNNGTAACAGGATGTNN	0.5
2931	NNCGTGCTATCTCGNNACATATCCGTGANN	0.5
2932	NNCGAAGAGGAGCANNTAACGATTCGCTNN	0.5
2933	NNCGCATCAGGACANNAGCTAGAAGAACNN	0.5
2934	NNTACTGCCTCGACNNACGTAATGACCTNN	0.5
2935	NNCACGTGGATTGCNNATTAGGAGAGCANN	0.5
2936	NNATGGAGCACGCTNNACATACCTCTTGNN	0.5
2937	NNCTGCTACAGCACNNATATCCTGGTCANN	0.5
2938	NNACCTTCTGCGTGNNAGACGAACCAATNN	0.5
2939	NNCGGTCGATTAGCNNACATATTCGCACNN	0.5
2940	NNACAGCAGCGTGANNACGCTCAATTAGNN	0.5
2941	NNCGCCGACGAATANNGTAGTCTGGTATNN	0.5
2942	NNTAGCCGGAGGTANNATCTAGTGGATGNN	0.5
2943	NNGCAGCCACAGATNNTGAACTAGACACNN	0.5
2944	NNCGCAAGTGCTTCNNAGTGTAATCCACNN	0.5
2945	NNCGAGCATGTACGNNCTTGCAGATTCANN	0.5
2946	NNAGCGGACTGTTGNNATATAGGAGCCTNN	0.5
2947	NNACCAACAGCTCGNNAGTAACGTTCGTNN	0.5
2948	NNACGCCGGTGAATNNAGTAGTAGCTAGNN	0.5
2949	NNCGCTTCACCAACNNACGATACCACATNN	0.5
2950	NNAGTAGGTACGCGNNACAACGGAATTCNN	0.5
2951	NNCGTTCTCTCCGANNCAGTTAAGCTAGNN	0.5
2952	NNTGCATGACTGCGNNATGGTACACAAGNN	0.5
2953	NNGTGTCTCAGCACNNTGTACAGTTGACNN	0.5
2954	NNGCTCGTTGCGATNNCTACGTAATGAGNN	0.5
2955	NNACATGGCGCTACNNAGTAACGAGCTANN	0.5
2956	NNAGGTTCGCTGTCNNACCTGACTGTTANN	0.5
2957	NNACGGACTACGCTNNTGATAGTGCATCNN	0.5
2958	NNACGGACCAGCATNNCACATAGAGACANN	0.5
2959	NNCGCGTATTGCTGNNTGACCAATGAGTNN	0.5
2960	NNAGACAAGTGCCGNNATAAGCAACCTCNN	0.5
2961	NNTGTGGCTTCTGCNNTACAACCTAGTGNN	0.5
2962	NNGCCGCCATACATNNCTGACTCCTAATNN	0.5
2963	NNCTGTTGCGGTGANNTATAACCGCAGANN	0.5
2964	NNGCGACCTGATGANNTATACGGTTCGANN	0.5
2965	NNATCCGCGACTACNNATTCTGTTCCACNN	0.5
2966	NNCAGTTGTGCGAGNNACCAAGGATAGANN	0.5
2967	NNGCTGGATTCGTGNNAGAGTTATCAGCNN	0.5
2968	NNGTGGAGACTGTCNNCATCTTGAACCTNN	0.5
2969	NNAGTGAGCTTCCGNNACTTGCTAGAGTNN	0.5
2970	NNAGCGCAGAGCTANNGTGATGTAGGATNN	0.5
2971	NNTGGTCACACCTGNNACAGCGAATAAGNN	0.5
2972	NNGCCTCCGTAACTNNTGTTATGATGGCNN	0.5
2973	NNGTGATCTGAGGCNNTATCGGATCGATNN	0.5
2974	NNGTCTGCATAGCGNNATAGACGAGAGTNN	0.5
2975	NNACTGGCTTCCTCNNATTATCGGTCAGNN	0.5
2976	NNATGCCAGGCTGTNNTGCTCTAGATTCNN	0.5
2977	NNCTTGGCCGTACTNNATGGTGAAGATCNN	0.5
2978	NNGCAGGATACGCTNNTATCCTCACGTANN	0.5
2979	NNACAAGCGCCAAGNNCAAGAGATTCTGNN	0.5
2980	NNGCTATCCGTTCGNNATCTTCACTGAGNN	0.5
2981	NNCGAGATAGCGCTNNACGCCTATTACTNN	0.5
2982	NNGTGGCAACTAGCNNCAGTCTTATGGANN	0.5
2983	NNTGACTGCGACAGNNCACCGTTAGTATNN	0.5
2984	NNGTCCTACGGTCANNCAGAGATAGCTANN	0.5
2985	NNACCATGGAGCAGNNATACCATCTCCTNN	0.5
2986	NNGTGCGCTAGTCANNATAGCATCTGACNN	0.5
2987	NNGTGAGGAGTGACNNGTCTACGGAATANN	0.5
2988	NNATGCGGCTGAGTNNTACGGAATGTGANN	0.5
2989	NNGCTCGTCTCACTNNCGAGTATTGTACNN	0.5
2990	NNTGACGGTGCGTANNATGAACTAGCCANN	0.5
2991	NNCGAGTGGTCATGNNACTACTTGGATCNN	0.5
2992	NNGCACGCTTGAGTNNATGTGTCTCATCNN	0.5
2993	NNCGGATAGAGCGTNNATGCACGTTCATNN	0.5
2994	NNCAGCTCTCCACTNNATGACCAATGACNN	0.5
2995	NNACACCAGTGCACNNTACAGCTAAGGANN	0.5
2996	NNGCCACTTCTCTGNNAGCATTCAGAAGNN	0.5
2997	NNCGCTGAATCTGCNNTATCCTCTGTTGNN	0.5
2998	NNCAAGATGCGACGNNTGGCGAAGTTATNN	0.5
2999	NNCGCTATCGGAGTNNCTACTATCGTCANN	0.5
3000	NNTGTCAGTGGTGCNNACCACATAGTACNN	0.5
3001	NNAGGTGCGGTATCNNACATACTCCGATNN	0.5
3002	NNCGACCTCGCTATNNTAATGTCACCTGNN	0.5
3003	NNCGATACGTTCGCNNCAACATTGTGTCNN	0.5
3004	NNGTGTGGATCCAGNNTACGATCGTATCNN	0.5
3005	NNGCAACGGCATGANNTATCAGTGCATGNN	0.5
3006	NNGCGAGAACTGTGNNGTCTGTATGAACNN	0.5
3007	NNCGTGGTCAGTGTNNATCGTACTGAGTNN	0.5
3008	NNGTAGTGGCTTCGNNTGAGTATCGATCNN	0.5
3009	NNAGCATTGAGCCGNNAGAGTTCCATAGNN	0.5
3010	NNCGGTGCTAAGTGNNCTTACAGTTCAGNN	0.5
3011	NNTGCACTTGAGGCNNCATCTCATCTACNN	0.5
3012	NNCAGAATCCACCGNNCTGGACAGTAATNN	0.5
3013	NNCTGGCTGACGTANNTGAACATGCAACNN	0.5
3014	NNCACTGACGACCANNTATGGATGTACGNN	0.5
3015	NNGCATCTCAGGACNNCACACACCTAATNN	0.5
3016	NNCGAACGTGTCGANNAGATCTGCTATGNN	0.5
3017	NNAGAAGCACGCACNNATGAGTGTTACGNN	0.5
3018	NNGCCACTGATCACNNGTTCTAGGACTANN	0.5
3019	NNCACAGAGCTGCANNTGTACGTGATAGNN	0.5
3020	NNATTCGAAGCGGCNNTATCCGCTTGATNN	0.5
3021	NNCGCAGTTGTGCANNAGTACCTTAGTCNN	0.5
3022	NNGCAAGCCGGAATNNTGAGTCTGTAACNN	0.5
3023	NNCTGCCAAGACACNNATGTCAGTACGTNN	0.5
3024	NNGCGTTGCCAAGTNNTGCAGAACAATGNN	0.5
3025	NNCGTTGGCAACCTNNACCATAGTCTGTNN	0.5
3026	NNGCCAATCCGATGNNTGTTATAGCTGCNN	0.5
3027	NNGCGAGCTTACGANNTAGTAGTTCCACNN	0.5
3028	NNGTTACCGACCAGNNCAGATGAGGATANN	0.5
3029	NNAGGCGAAGTCACNNCTACTTGACTTCNN	0.5
3030	NNCGAGGTACACACNNGTACGAATGTCANN	0.5
3031	NNCGGATGCATCGANNACGCAATTACCANN	0.5
3032	NNCACTCGCACATCNNATTGGTGGTACTNN	0.5
3033	NNTAACGGCCGTCANNACTGTAGTCAGANN	0.5
3034	NNGCGTGACTGTTCNNGTTGTGAGATACNN	0.5
3035	NNTACTGCAGCGCANNTATTCGAGGCTANN	0.5
3036	NNTGCTCGATCGTGNNTGAAGTCGTACTNN	0.5
3037	NNTAGCGTGCACGTNNAGTATACGGAACNN	0.5
3038	NNATCAACGGAGGCNNCAATTACCTGGANN	0.5
3039	NNGCGTGCCACAATNNCGACTCATAATGNN	0.5
3040	NNCTGCACGCTAGANNGCATGCAATACTNN	0.5
3041	NNTACGGCGTCATGNNCATGAAGCTACANN	0.5
3042	NNGCGAGATGGCTANNATACGAAGCTACNN	0.5
3043	NNTGACGAGAAGCGNNACGATACTTCCTNN	0.5
3044	NNCTTGGACTGCGANNATCCGTTACCATNN	0.5
3045	NNGCCTAGCAGACTNNAGATTCTCCTGANN	0.5
3046	NNCAGACGAATGCGNNATGAGTATGCAGNN	0.5
3047	NNCGGTACGTAGTCNNAGACGACTTAACNN	0.5
3048	NNCGGCAAGCATGTNNGCATATTGGCATNN	0.5
3049	NNCTAGGCGCATTCNNTGAGCTAGTAGTNN	0.5
3050	NNCGGTGCATCTGANNTGTCGCTAATTGNN	0.5
3051	NNATGCAGACCGTGNNAGCACGTATTGANN	0.5
3052	NNAGCACTGACCTCNNTAGAGCTGATACNN	0.5
3053	NNCGCTATGGTTGCNNGTCTTCCATGATNN	0.5
3054	NNGTCTGCCACAGANNTGTTGACACTCANN	0.5
3055	NNCATGACCGCTAGNNATTCGGTGTCATNN	0.5
3056	NNATTGCAGCGCGANNACAGCATGTGATNN	0.5
3057	NNGCAAGTCACTGCNNTGTCCTTCCAATNN	0.5
3058	NNATCCGGTTGTCGNNGTATCATCTAGCNN	0.5
3059	NNAGCAGTGGCACANNATCGACGAATAGNN	0.5
3060	NNGCCACAGGAGATNNATTACTTCGCCTNN	0.5
3061	NNGTGTCCACGGTANNCGTCTGTATCATNN	0.5
3062	NNGTCACCACGTCTNNTAACACATCACGNN	0.5
3063	NNACGATCTCTGGCNNTGACTAAGTCAGNN	0.5
3064	NNAGACGGAGCTCTNNCAGGTGACTAATNN	0.5
3065	NNAGGTAGGCGCATNNAGATTGACCAGANN	0.5
3066	NNTACGGTACGCTGNNGTCACAGTTGTANN	0.5
3067	NNCTGTGAACGCCTNNGTATGAACCATGNN	0.5
3068	NNGCTGATTGGCCANNCAAGCCATAAGTNN	0.5
3069	NNCTGCTTACGCTCNNTGGTTCTTACCANN	0.5
3070	NNACGGTACAAGCGNNATCGAACTGCTANN	0.5
3071	NNATGCGGCCACATNNCAGACGGATATANN	0.5
3072	NNGCTCATATGGCGNNTGCTGTTGTAGTNN	0.5
3073	NNCGAAGCTTGTCGNNACTCAATAACGCNN	0.5
3074	NNCGGCTGTACTCANNGCTACGATATGTNN	0.5
3075	NNGCATCGACCTGANNGTGTACCTAATGNN	0.5
3076	NNAGCTCACTCGGANNATCTCTGACTCTNN	0.5
3077	NNCGCCATCAGAACNNCAGACTTAAGAGNN	0.5
3078	NNCGGCTGTGTACANNTACTACACCATCNN	0.5
3079	NNCACAGAGATCGCNNGTCCTCTATATGNN	0.5
3080	NNATTCGTTCGCGCNNTGCATGTAACACNN	0.5
3081	NNCTACGGAACCTCNNAGCGTAAGGTTANN	0.5
3082	NNACTGCAGGTGACNNACATGATCTGACNN	0.5
3083	NNCGAGCTTACAGCNNCATTCTCATAGCNN	0.5
3084	NNAGGTCCGAGTGANNGTTGTGTACACANN	0.5
3085	NNGTCAACGCGGTANNCAGATTCACTAGNN	0.5
3086	NNGCTTACCAGTGCNNTACCTGTACAGTNN	0.5
3087	NNGTCCATGCTTCGNNTATCATTCCGACNN	0.5
3088	NNCAGCCTTCAAGCNNCGTATACATCCANN	0.5
3089	NNAGCGCATCAACGNNGTCAATGCTATCNN	0.5
3090	NNGTGACTGCGTGTNNGTTATGCATGACNN	0.5
3091	NNTGTGCTGAGGAGNNACCAGTGTCTTANN	0.5
3092	NNTAGCCGCTGTTCNNACTCATAGAGCTNN	0.5
3093	NNTGCCTCTCCTTCNNCTGTAGCTGTATNN	0.5
3094	NNAGAACAGCGGTGNNTGTATGTATGGCNN	0.5
3095	NNGTTCGGTGAGTGNNTAGACTTGCCTANN	0.5
3096	NNAGAGGCAATGGCNNGTCGCCTTATATNN	0.5
3097	NNACTGTCCACTGCNNTGAAGGTCTACANN	0.5
3098	NNACGGACCAACCANNAGTTGTTACGAGNN	0.5
3099	NNTAGCGCACCTCANNGTGAACCTATGTNN	0.5
3100	NNAGTCCATGGCGTNNATTCCATCCTGTNN	0.5
3101	NNCAACCGATCGGANNTAACTACCACACNN	0.5
3102	NNCGGAGCATAGTGNNGTCTAGCATTGTNN	0.5
3103	NNAGGAGTGCGTACNNCAACACTACACANN	0.5
3104	NNGTGTGCATCACGNNTAAGGTCAGGATNN	0.5
3105	NNATCTGCCTAGGCNNCACGGATAAGTANN	0.5
3106	NNTATCAACGCGGCNNATTGCGTTGTAGNN	0.5
3107	NNCAAGTGCGTCACNNTGATATCGTACGNN	0.5
3108	NNTGGCAGCCTTCTNNGTAACACGGTTANN	0.5
3109	NNGCTTGTGTCCAGNNACTCACGGATTANN	0.5
3110	NNCGGACTCGCATANNATGGTGGCAATANN	0.5
3111	NNTAGGCAAGACCGNNTATTCTCTCCGTNN	0.5
3112	NNACACGTGCAGGANNAGTGTGCATCTANN	0.5
3113	NNCGAGCAACTCAGNNATCGATATGAGCNN	0.5
3114	NNGTTGCAAGCCAGNNTGATGGATCAAGNN	0.5
3115	NNCGGCCTACACTANNATAGACTATGGCNN	0.5
3116	NNTGAGCGTACCAGNNCGTCAATAACACNN	0.5
3117	NNCTGCAGCACATGNNTGTACATGCTGANN	0.5
3118	NNTGCGGTGGTTACNNATAACGTGCACTNN	0.5
3119	NNAGTGCACCTGTCNNACAGAACACTAGNN	0.5
3120	NNAGCGTCCACTCANNATTGACGTCACTNN	0.5
3121	NNCAGAGGAAGACGNNGTCATGTTGATGNN	0.5
3122	NNATGGACATCCGCNNATGAGTGCTTAGNN	0.5
3123	NNAGATGTGCGCGTNNCAATCGCTTATCNN	0.5
3124	NNACCAACCACGCANNCATAAGTCCGTANN	0.5
3125	NNAGCGTCTCGTTGNNCTTGTATGACCTNN	0.5
3126	NNGCCTCTGACGTANNTGAGTACACTCTNN	0.5
3127	NNTGTCGCGATTGCNNTGGAGTGATTGANN	0.5
3128	NNGCATGTGTGGCANNATCTGTTCTCGTNN	0.5
3129	NNGTGTGCGCAAGANNACTTATGAGCACNN	0.5
3130	NNCTAGTAGCCGTGNNCGGAATCTTATGNN	0.5
3131	NNCGCTGTAATGCGNNTGTAAGCTAGTGNN	0.5
3132	NNGTGAGCATCGTCNNTATGCCAGTAGTNN	0.5
3133	NNATGAGACGGCGTNNCGAGTCATTAAGNN	0.5
3134	NNCACAACGGTGTCNNCTTCCTATACCTNN	0.5
3135	NNATCCTCCTGGACNNCAGTAACATGACNN	0.5
3136	NNGTCCTGCAGTAGNNTAGGAATGTCCTNN	0.5
3137	NNGTTAGCCAGGTGNNCTAAGTCAGTGTNN	0.5
3138	NNTGTCGCCTAACGNNCGATGTACTATGNN	0.5
3139	NNCGACGCATGTTGNNCGTACAGTAACANN	0.5
3140	NNTGTTCTCCGGCANNGTTGCCAATTCTNN	0.5
3141	NNCGCATCAGCTTCNNCTTCAGTGTTACNN	0.5
3142	NNTGAGGCTGCACANNACAGCTCACAATNN	0.5
3143	NNCTAGCAGACCTGNNCGTTCATAGGTANN	0.5
3144	NNGTGCAAGAGCAGNNTAGGATAAGCACNN	0.5
3145	NNCGTAGTAGCCTCNNGCTGTTAATTGCNN	0.5
3146	NNTGCGCATAGGTGNNATGACTAGCTCANN	0.5
3147	NNCACCTCGCCTTANNGCAACTTCTAGTNN	0.5
3148	NNATGACGTGCGACNNATAACCACCGATNN	0.5
3149	NNAGAGAAGCGCACNNCGAACATAAGACNN	0.5
3150	NNAGGCGATGTCGTNNTAAGAGCCATGANN	0.5
3151	NNAGACGCATCCGTNNAGTGTTCTGTACNN	0.5
3152	NNGTGGAGCACTCANNCGGATCTAATTCNN	0.5
3153	NNATGGCAGTGCTGNNCAATCGTAGCTANN	0.5
3154	NNCGAAGGATCACGNNTGTTGAGCACATNN	0.5
3155	NNTAGGTGTCCGAGNNTGAATGAACTCGNN	0.5
3156	NNCGGTACCAACCTNNAGCTTACAGTACNN	0.5
3157	NNAGAGTAGCCTGCNNACTGGATCTTACNN	0.5
3158	NNATTAGGCGCCGTNNCAGATATTAGCGNN	0.5
3159	NNGCACTGCACATCNNAGTAGCCTAACANN	0.5
3160	NNGTCGACATGTCGNNACTCGCAATAAGNN	0.5
3161	NNACTCGTAGGCTGNNCATGGATATGCTNN	0.5
3162	NNGCACACCAGACTNNGTGAACAATCACNN	0.5
3163	NNAGCCAAGGCATCNNATCGAGCATACANN	0.5
3164	NNGCAGCAGGTTACNNCTGTTGCTATTCNN	0.5
3165	NNGCTCCGTAACGTNNGTTGTACACTTCNN	0.5
3166	NNGCGATGCAGCATNNTATGAGCTCTGTNN	0.5
3167	NNATCCTCCGCAACNNTATCGCTTACTGNN	0.5
3168	NNTACGTGCGTCCANNGTGGATTCTTGTNN	0.5
3169	NNGCATTGCGAGTCNNAGGTAATTCCGANN	0.5
3170	NNGTTGATGCGGCTNNACAGGTTATCAGNN	0.5
3171	NNCAGGTTGAGCGANNAGCAATTACCTGNN	0.5
3172	NNCTAGTCGGTGAGNNTAAGGACGTTCTNN	0.5
3173	NNGCTAGCGATGCTNNCTGGTATTGATGNN	0.5
3174	NNTGACGGTCTTGCNNCATCTAAGGAAGNN	0.5
3175	NNCGACAGTCCTGTNNACTACCTCTGATNN	0.5
3176	NNACAGTGAGCACGNNCAATGGAAGTTGNN	0.5
3177	NNGTGACAACCGTCNNCATCATAACCACNN	0.5
3178	NNTACGTATGGCCGNNTACGTTGCATCTNN	0.5
3179	NNGTTGCGTGCATCNNCATTAGCTGGTANN	0.5
3180	NNTGCCAGTGGAACNNTAAGCTTAGGCTNN	0.5
3181	NNACTCGTCTTGGCNNGTACGTATTAGCNN	0.5
3182	NNCTTGCATCCTGCNNATGCCGTATTAGNN	0.5
3183	NNCAGGTTGGCTGANNGTCTGTTCACTANN	0.5
3184	NNGTTGGCGTTCTGNNATATGCCTTCTGNN	0.5
3185	NNGCCGAATTCCACNNTGTCGTCATATCNN	0.5
3186	NNGCGTCATACTCGNNTGCTTAACAGCTNN	0.5
3187	NNTGTAGCGGTCTGNNACCTAAGATGCANN	0.5
3188	NNCACGTTAGTCGCNNGTCAAGACTCTANN	0.5
3189	NNCGGTAGCATACGNNATTACGCAACACNN	0.5
3190	NNCGCAGACAATGCNNTAGTCACAGTTGNN	0.5
3191	NNGTTCTCGGATGCNNTAGTCTAACACGNN	0.5
3192	NNTGCGTACTCACGNNAGAACAGTCGATNN	0.5
3193	NNGTCTTGATCCGCNNTGACATGTCACTNN	0.5
3194	NNATTCGGCCACGANNTGTCTAAGCCATNN	0.5
3195	NNACGAGAGGACGANNACAGGAAGAACANN	0.5
3196	NNAGCAGCGTTGTCNNACATAGTCCATCNN	0.5
3197	NNCGTTGGAATGGCNNTACTATCGACCTNN	0.5
3198	NNGTGTGGTGTAGCNNTGACTAAGACCTNN	0.5
3199	NNGCTGGAAGCCATNNACATGTTGCAGTNN	0.5
3200	NNGTGAAGTCTGCGNNTGTAGTCAACTCNN	0.5
3201	NNCGTGCCATGCTANNACATCGGATAGTNN	0.5
3202	NNCGCACTCTGATGNNTAATGTGGAGCANN	0.5
3203	NNCATCGTCGTCGANNATAGGTGATCCANN	0.5
3204	NNCGTACTTCTCCGNNAGTATACCAGTCNN	0.5
3205	NNACCTGCGGTACANNCTAGATTCGACTNN	0.5
3206	NNTGACAACTCCGCNNCTGCTACATGTANN	0.5
3207	NNCACCGGATAGACNNGTCATCTAGGTANN	0.5
3208	NNCGATCCTACCAGNNATCCGATACCTANN	0.5
3209	NNCAGCCAGGTAACNNGTTGAAGTCTAGNN	0.5
3210	NNCATGCATAGCGCNNCAGAACGTATCANN	0.5
3211	NNACTTAGCAGGCGNNACGCATCTGTTANN	0.5
3212	NNATCCAGACCTCGNNCATCAGAGAATCNN	0.5
3213	NNGCCAGAGAGTAGNNTGTCAACGTATGNN	0.5
3214	NNCGAGTCAGACCANNCTTCGAAGGATANN	0.5
3215	NNTAGTGGTCGTCGNNACTCAGTATCCTNN	0.5
3216	NNCGGATGGTATCGNNATGGAGATTGAGNN	0.5
3217	NNCTTGGTCGTCTGNNATAGACCTCACANN	0.5
3218	NNCAGAACGCACCTNNCGGTATCCTAATNN	0.5
3219	NNCGTTGGCAGTGANNTGAGGATAGAAGNN	0.5
3220	NNCTACGTTGGCTCNNATAACCGTACCTNN	0.5
3221	NNGCTGAGCTACGTNNACATACATTGCGNN	0.5
3222	NNCAACCGGAACGANNCATGTACAACTCNN	0.5
3223	NNTGGCACACTTCGNNTGTTCTTAGGACNN	0.5
3224	NNCGAGAGCCTGTANNCAACAATCTCCTNN	0.5
3225	NNTGATTGCACCGCNNACCTTAGTTCGTNN	0.5
3226	NNTAGCTACGGCGANNTAACCAGTAACGNN	0.5
3227	NNGCACCGTGATGTNNCTGATCCAATACNN	0.5
3228	NNGCAATTGGTCCGNNAGAGTCCTAATGNN	0.5
3229	NNCGACTCGAGTCANNTATAGCTGCTTCNN	0.5
3230	NNTGTGCAGCACTCNNATCACCATAGCTNN	0.5
3231	NNTGTGACCATCCGNNACTTGTGACTTGNN	0.5
3232	NNTAGGACCACCACNNATGCACAAGTACNN	0.5
3233	NNAGTCTCAGCCGANNTGGTTCTTGAAGNN	0.5
3234	NNTGAACGGCCTTGNNAGGTATCTTCACNN	0.5
3235	NNCTGACGTTGCAGNNGTGTAAGATCTGNN	0.5
3236	NNCACGAGGCTAAGNNTATACTGCCTAGNN	0.5
3237	NNCTACCTTGCAGCNNTAGGATGACCATNN	0.5
3238	NNACGCACCAGGTANNTGCCTAGTTATCNN	0.5
3239	NNACACCGTTGTGCNNATCCGTGATTAGNN	0.5
3240	NNACGTGAACCGACNNCTAGTCCGTAATNN	0.5
3241	NNTACGGCGTAGAGNNAGTGTACAATGCNN	0.5
3242	NNACCACTGACGTGNNCTGGATGCTAATNN	0.5
3243	NNCGACCGATTGTGNNATCGACTAGACANN	0.5
3244	NNTATGCAGGCGCTNNGTTCCAATGTCTNN	0.5
3245	NNGCTAGATGGAGCNNCTAGTCATCTAGNN	0.5
3246	NNAGTGAGGAGGCANNAGAGTAAGTGACNN	0.5
3247	NNATGCTGGCGTAGNNGTCATAACCAAGNN	0.5
3248	NNCAGTTGCGCCTANNCATCTGGTTATGNN	0.5
3249	NNACGGTGGTGACANNGCTGATTGTTACNN	0.5
3250	NNAGCGTACGTGCANNCATAGGTAACTGNN	0.5
3251	NNACACTCGAGGCTNNGTATGCAGTGATNN	0.5
3252	NNACCAAGCGTACGNNTACGATTCACCTNN	0.5
3253	NNCTTGTCGGAGCANNATGACTCCAATGNN	0.5
3254	NNGCTCGAGAGTTCNNGTGATAGATGGANN	0.5
3255	NNAGGCGATCGTGANNTGATCTACCGTANN	0.5
3256	NNCGCGACACGTTANNATAACTCCTGGANN	0.5
3257	NNACCACCGTAACGNNCTAAGGTATACGNN	0.5
3258	NNCAGACAGGTCCANNGTCAATCAACGANN	0.5
3259	NNCGAGCAGTCTTCNNCGTTAATTGTGCNN	0.5
3260	NNCGGCTTGATCCTNNTGCTTACTACTGNN	0.5
3261	NNTGAAGCCAGAGCNNCTAGAATGTTCGNN	0.5
3262	NNGCTAATCGGTCGNNATCTCACTGTGTNN	0.5
3263	NNTGCGGCAGATGANNATAGGTGCAACANN	0.5
3264	NNCGCGACCGTTATNNGTTGGTTCATACNN	0.5
3265	NNGCTAGCCAAGTCNNAGATGTAGTCGANN	0.5
3266	NNAGCATCGCTTCGNNATAACTCGCTAGNN	0.5
3267	NNAGGAGTTGCGCANNAGTTAGGTTCTCNN	0.5
3268	NNATGTGGAGCCTCNNTAAGAGCTACACNN	0.5
3269	NNTAGGTCCGCTTCNNATTCGAACTGCANN	0.5
3270	NNTGCGTCCGTTGANNCACACGATAATGNN	0.5
3271	NNCACCGTTGTCGTNNGTATAGCCACTANN	0.5
3272	NNACCGCTACTCGTNNTGATACCAGTACNN	0.5
3273	NNCTAGGCCTACTGNNGTTGATTAGGCANN	0.5
3274	NNAGCCGTCCTTGANNACACATTATGGCNN	0.5
3275	NNTGACTCCGGTTGNNCATCATCTAGAGNN	0.5
3276	NNCGTGCCGTTACANNAGTAGTCGTATCNN	0.5
3277	NNACTCGAAGACGCNNCACCACATTACANN	0.5
3278	NNCAACCGCTACTGNNCAGTGAGATAGTNN	0.5
3279	NNACAGCATGCAGCNNGTAAGAAGGCATNN	0.5
3280	NNCTGCTGTCGAAGNNCACGTAGTTACTNN	0.5
3281	NNGTCATGGTGCTCNNATCACACACTGTNN	0.5
3282	NNGCGTCTCTATGCNNCTAACCGATACTNN	0.5
3283	NNAGAACCGCGTGTNNCAACATACGTTGNN	0.5
3284	NNGCGGTTAGACAGNNTAATCGGAGTAGNN	0.5
3285	NNACAGTCGGTTCGNNCACTGTCAGTTANN	0.5
3286	NNGCAGTCTCAGGANNTGGACTCTTGATNN	0.5
3287	NNACTACACGGCAGNNTACGCGTATCATNN	0.5
3288	NNCGGAACCTACGANNATAACGCAATGCNN	0.5
3289	NNACTAGACGCGCANNGTGAGAAGACTANN	0.5
3290	NNATCAGACGAGCGNNATAGCTCAGGATNN	0.5
3291	NNGTGGAGCTCGTANNGTGGACTCTAATNN	0.5
3292	NNTGAACGGCGGTANNGTGAGCAATACTNN	0.5
3293	NNCAATGAAGCGCGNNACAATAGGCAACNN	0.5
3294	NNCAACAGCCAAGCNNAGAAGTTGGATCNN	0.5
3295	NNGCCGACAGAACTNNCGATGAACAACANN	0.5
3296	NNAGCTAACCGGACNNCTACATAACGGANN	0.5
3297	NNGCACCTAGGTTGNNATATCGTGTGCTNN	0.5
3298	NNCGCTAGGCAAGTNNTGAATCCTCAAGNN	0.5
3299	NNGTAGGCACGACTNNGCTAGCATTGATNN	0.5
3300	NNGCGTCGTCAATGNNGTCCTGAAGAATNN	0.5
3301	NNACGCGGTAAGTGNNTAAGTTGCAACGNN	0.5
3302	NNGCAAGACTCACGNNGCGAAGATTATCNN	0.5
3303	NNATGCACGCCTCANNAGATGTTATCCGNN	0.5
3304	NNAGAGCGCCATTGNNTGGAATGGTTCANN	0.5
3305	NNCGATCCTTCGCANNTGACTAGGTTCANN	0.5
3306	NNATGGCTACGGCTNNCAATTATCCGTCNN	0.5
3307	NNCGCTCCAATGTCNNTATACACGGTAGNN	0.5
3308	NNGCACGTAAGCGTNNCTAATGCAAGAGNN	0.5
3309	NNGCCACGCAGATANNATGCTTCTGTGANN	0.5
3310	NNACGGCTGTTGGANNATAAGTACCGACNN	0.5
3311	NNACGTGTGTCAGCNNGCAGATAGGAATNN	0.5
3312	NNGCGCCTAATCCTNNACCAATTGTCACNN	0.5
3313	NNCATCGTAGCGTGNNGTCTGATAAGACNN	0.5
3314	NNAGTGCACAGTCGNNGTTGATGGATTGNN	0.5
3315	NNACATCTCCAGGCNNTAGAGCAGTGTANN	0.5
3316	NNAGCCTACACCGTNNGCTACTTAGGATNN	0.5
3317	NNTGGCCAAGATGCNNGCTACAATTGACNN	0.5
3318	NNCGATTGCGTGTCNNACTGTCTTGATGNN	0.5
3319	NNGTCCAGACGTCANNCTATTACTGCGTNN	0.5
3320	NNGTACGGTATCGCNNAGTCATTACCGTNN	0.5
3321	NNCGAGTTAGCGTGNNCATTCAGTACTCNN	0.5
3322	NNCTTACGGTACCGNNAGACAGTAATCGNN	0.5
3323	NNGTTCTCGCGACANNAGAACTTCACAGNN	0.5
3324	NNCAGGCCGATTACNNCATGTATCAGGANN	0.5
3325	NNCACAGCCAGTTGNNAGATTAGACAGCNN	0.5
3326	NNTAATGGCCGGACNNCTTAGAGAGCATNN	0.5
3327	NNCTGACTTCGGCTNNATTGTGCTGCATNN	0.5
3328	NNTGTGGACCTGCANNATCAGTAGTCCANN	0.5
3329	NNCAAGACGAGCAGNNATGATCAGCTACNN	0.5
3330	NNAGCCTCTCCGATNNAGCACATTCTGTNN	0.5
3331	NNCGAGCTCAAGGANNACTAAGAGGTCANN	0.5
3332	NNCAGCCAGTCTGTNNTACGCAATGAAGNN	0.5
3333	NNGTCGTTGCCTGTNNGTGGCTTACAATNN	0.5
3334	NNCAACTCGTGTCGNNGCTATTGATCTGNN	0.5
3335	NNTACGAGCGCAAGNNTGTTGTTCGATGNN	0.5
3336	NNAGACGTAGGCCANNCTTAGTTGGACTNN	0.5
3337	NNCGTGCTGAGTTCNNCGATACATTGCANN	0.5
3338	NNCGTGAACCGAAGNNCACGTTGTCATANN	0.5
3339	NNACGAACCTGGAGNNCGTAATGTACGANN	0.5
3340	NNGTGTGCGTTGCANNGTAAGACACGTANN	0.5
3341	NNTGGCGTTGATCGNNGTATGGTTAACGNN	0.5
3342	NNTGTACGGTCAGCNNACGACTACAAGANN	0.5
3343	NNGCAAGGATTCGCNNAGTTACGAAGGANN	0.5
3344	NNAGGCGGCAGTTANNATTGTGTTCACGNN	0.5
3345	NNATACTCCGGCAGNNATTAGTCCGACTNN	0.5
3346	NNGTAATCAGGCGCNNATGATCACACTGNN	0.5
3347	NNATCTGGACAGGCNNCAATGTAGTCACNN	0.5
3348	NNATGCCTCGGTGTNNATGAGAGATCCTNN	0.5
3349	NNCAGTTCTCGCCANNGTTAGAGCCTATNN	0.5
3350	NNGCGTCTACAGAGNNAGCAACGATATGNN	0.5
3351	NNCTGACTTCTCGCNNCTGAAGGTTAGANN	0.5
3352	NNGCCAACGGTTGANNTGCAGTACATGANN	0.5
3353	NNGCTGCTGACTAGNNATGCATTAGGCANN	0.5
3354	NNCGAGCACCAGATNNAGTACCTGGAATNN	0.5
3355	NNCGCGAGTGTAACNNCTACCGTATATGNN	0.5
3356	NNGCTCGGCTTATCNNAGACTTGAACCTNN	0.5
3357	NNTGCTCACGGCATNNTAATGGCACCATNN	0.5
3358	NNGTCGGCTTCTGANNTGGAACTGACTANN	0.5
3359	NNGCCGAGGTGTTANNACTTCTGTGAACNN	0.5
3360	NNGTCAGTTCGTGCNNTATGGCAAGATGNN	0.5
3361	NNAGTCCGGATCTCNNCAAGATTGGTCANN	0.5
3362	NNCAACAACGGCCANNGTTACTTGGTTGNN	0.5
3363	NNACAACGGACAGCNNCAGTCTTAGACANN	0.5
3364	NNCGCGTGACTAGANNAGAAGTCACCTANN	0.5
3365	NNCGCTAGCTTGACNNATAGGAGCTTGANN	0.5
3366	NNGTCACGGAGCATNNTGACCTCATGTANN	0.5
3367	NNCGCCAAGATCAGNNCATATCGTGGATNN	0.5
3368	NNGTGATCCGGTGTNNATAAGCAGCTGTNN	0.5
3369	NNCTTGGACACAGCNNTGTTATCGGTTGNN	0.5
3370	NNGCCGATGAGATGNNTGGAAGTGTAGANN	0.5
3371	NNACGGCGTGTTGANNCTTCCATAATCGNN	0.5
3372	NNCTAGTCAGGCGANNACCAACTAACACNN	0.5
3373	NNCTATGCGGTGACNNGTGCATCTATCTNN	0.5
3374	NNCACAGATGGCCANNAGCTAACATGAGNN	0.5
3375	NNCGCGTCGTAACTNNCTGATATAGAGCNN	0.5
3376	NNTGACTCACCGCANNATTAGTGGCCATNN	0.5
3377	NNACCTCTCACGGANNATGAGGTGTTACNN	0.5
3378	NNCGGTCCAACTCTNNAGACGATAACACNN	0.5
3379	NNCGACTATCACGCNNTGAGCTAACGATNN	0.5
3380	NNCTGCACTCCTGTNNCAGTGCCATATANN	0.5
3381	NNGTCAGACCAAGCNNCATGAACTCATCNN	0.5
3382	NNATAGTGCGTCGCNNACCGTAAGAATGNN	0.5
3383	NNACCTCGTGACCANNTGTTACTCACGTNN	0.5
3384	NNATTACCTGCGCGNNAGAAGTCACAACNN	0.5
3385	NNAGTGGTGCCTAGNNTAGCGAGCATATNN	0.5
3386	NNAGAGTGGACGTGNNGTCTGAATACCTNN	0.5
3387	NNGCAGTCAACAGCNNCTTCAGCTTACTNN	0.5
3388	NNCGCTCCTACTGTNNGCTTATCTTGCANN	0.5
3389	NNCGACCGAGGAATNNACTAGCATGTACNN	0.5
3390	NNACACGGAGGATGNNATTGCTCGTCATNN	0.5
3391	NNCAGCTTAGAGGCNNCAATCAGAGATGNN	0.5
3392	NNAGCGAGAATGCGNNACAGTAGAACACNN	0.5
3393	NNGCACTGTAAGGCNNAGACTCCATTCTNN	0.5
3394	NNAGCCGGTATGCTNNTGGCTCTATTGTNN	0.5
3395	NNGTGTTATCGGCGNNTATGAGGACATCNN	0.5
3396	NNGTGTTGGCAGGANNTAGAATCCTGCANN	0.5
3397	NNCGGCATTCGGATNNAGCAATGAACCTNN	0.5
3398	NNCGGCCGCTATTANNATCATACTGGCANN	0.5
3399	NNAGGCTAGGTGGANNACATGTCTCAACNN	0.5
3400	NNACGAACAGCCTCNNACGAAGATAGACNN	0.5
3401	NNAGCCGCAAGTTGNNTGAACCGTTAGANN	0.5
3402	NNGCATGGCATGTGNNATTCATGGACGANN	0.5
3403	NNTAGACGAGGTCGNNCAATAGTGGAAGNN	0.5
3404	NNGCGAACCAGTCTNNACTTCCAGTTCTNN	0.5
3405	NNGCCAACATCCTCNNCTGTTCAGTTGTNN	0.5
3406	NNCTGTCTAGGCTGNNAGGAAGCATGTANN	0.5
3407	NNTACCACCTGCTCNNACAACGACAATGNN	0.5
3408	NNCGTTAGATGCCGNNCATACGTGAGATNN	0.5
3409	NNATCTCCACCAGCNNCATCGAGAATCTNN	0.5
3410	NNACCGGACGTCTANNTACAACCACTCANN	0.5
3411	NNTGCTTGGCTCACNNTACAATTGGCACNN	0.5
3412	NNACCGTTCAGGACNNCTGCAGGAATATNN	0.5
3413	NNCACGAGCTAGCTNNAGTTCAGTACGANN	0.5
3414	NNCGCTGGTATGTGNNACGTCACTTGTANN	0.5
3415	NNGCCGTCGAACATNNAGCATTGGATTCNN	0.5
3416	NNAGTGCGACTGAGNNTACTCGCGAATANN	0.5
3417	NNCAAGTCTGCTCGNNTGTTCAATTCGCNN	0.5
3418	NNCAGTTCTGTGGCNNGCTTAATGTCGANN	0.5
3419	NNGCTGTCGCAGATNNCAGTAGTTACAGNN	0.5
3420	NNGCTTATGGTCGCNNACATAAGACCGANN	0.5
3421	NNTGGTCTGTGGACNNCTAGTGATGAGTNN	0.5
3422	NNCGCATAGTGCTCNNCTTGTGAGTACTNN	0.5
3423	NNCAGTGGTGGACTNNTATACAGAGGCANN	0.5
3424	NNGCTTGTAGCCGANNTGTGGTAGATCTNN	0.5
3425	NNCACGATCGCTGTNNACAAGCCATATGNN	0.5
3426	NNGCCTTGCGTGTANNTGCCAATCCAATNN	0.5
3427	NNAGGACGCGTAACNNTAGTAACTTGCGNN	0.5
3428	NNAGCAGGTGCTACNNAGAGTACATGAGNN	0.5
3429	NNCAATGGTGGCTGNNTATTCGCTCTTGNN	0.5
3430	NNTGCCTTCATGGCNNTGTCTCATGAAGNN	0.5
3431	NNCTGCTTGCGAGTNNCGGCATTCTATANN	0.5
3432	NNTGTGTTCGCGACNNCTTCGTAGCTTANN	0.5
3433	NNGTACGGTGGCATNNAGGTAATGGTTGNN	0.5
3434	NNGCCGGACTTAAGNNTATAAGCTTGCGNN	0.5
3435	NNCAGACTTCTGCGNNCGCTTGTTAAGTNN	0.5
3436	NNGTCCAGGTAGCANNTGAAGTCTCGATNN	0.5
3437	NNACCTGCCAGGTANNTAATCGCCAGTANN	0.5
3438	NNGTCAGCTCGTAGNNACAGAAGACGATNN	0.5
3439	NNTACCGGTAGCACNNATGTAGCTTGTCNN	0.5
3440	NNCTTACTGCCGCTNNAGTTGTGTTCAGNN	0.5
3441	NNGCACTGTACCGANNATACATCCAGTGNN	0.5
3442	NNCGACTCGTAGGANNTAATCGGCTCTANN	0.5
3443	NNCGACATACGGCTNNTGATCAACTACGNN	0.5
3444	NNAGGCCTATGGCTNNCGGTTATATGTCNN	0.5
3445	NNATCGGAGCACACNNCTTGCAACATAGNN	0.5
3446	NNCTATGCGCAGGANNATTAGGCGAACTNN	0.5
3447	NNGTCGGCTACATCNNTATAGCGCTAGANN	0.5
3448	NNCGATGCAAGCCANNGTACAGAAGGTANN	0.5
3449	NNATGGCCAGTGCANNTACACGTAAGTCNN	0.5
3450	NNCAGTGCGTTCGTNNAGCGAATTGATCNN	0.5
3451	NNACCTTCCGCTCANNTGTACGATCTGANN	0.5
3452	NNGCGTTGGAAGTGNNTAGTCGCAATGTNN	0.5
3453	NNTGCTTAGTGCCGNNCTGACTAATCTGNN	0.5
3454	NNCGAGGCCAAGATNNTATGTCTGCACANN	0.5
3455	NNCGAGAAGTCGTGNNTAAGATCCAGCANN	0.5
3456	NNTGATCGTGACGCNNACTAAGAGTGTGNN	0.5
3457	NNCGTGTGTAACCGNNATTAGCGTTGCTNN	0.5
3458	NNTGGACAGCTGCTNNCTAGAACTAGTGNN	0.5
3459	NNCGCTATCAGGCANNCACATTAGGCTANN	0.5
3460	NNACAGGTCTGTGCNNTGTAGTGGATACNN	0.5
3461	NNTGTGAGCACGGANNGTAGGATGGAATNN	0.5
3462	NNCAGAGGCAGTTCNNCGGAATGTTGATNN	0.5
3463	NNGCCAACATGGACNNCTAAGCATGAACNN	0.5
3464	NNCAGTGTCCGTACNNATGGCGATTAGANN	0.5
3465	NNACACCGCCGAATNNAGTTCTACCAGANN	0.5
3466	NNGCTTGTGTGGACNNAGCTAGACTTCTNN	0.5
3467	NNGCGCCTTAGTTCNNATATGTTGAGCGNN	0.5
3468	NNGTCGAACTGGTGNNGTCATAGACTTGNN	0.5
3469	NNCAGTCGTCGTCTNNTGTCTGCCTAATNN	0.5
3470	NNAGCGATAGACCGNNATTCATGCGTGANN	0.5
3471	NNGCTTAACAGCCGNNAGCATATACGCTNN	0.5
3472	NNTGTCGACGGTCANNAGATCTCGCATANN	0.5
3473	NNGTGTACCTGCACNNATTGAAGCGTCTNN	0.5
3474	NNCGACTTGTCGTGNNCATCTGTTCGATNN	0.5
3475	NNCGGCGTGCAATANNATTATGGCCGATNN	0.5
3476	NNACGACTCCTGCTNNTGAGATGTTGGANN	0.5
3477	NNCGGCGTATCACANNCATGCTACATACNN	0.5
3478	NNACCGGTGTAGCTNNGTCTATTGAGTGNN	0.5
3479	NNCACGCACGTACANNCAGTAATCGACANN	0.5
3480	NNCAATGCCTGGTGNNCAAGACCTATGTNN	0.5
3481	NNCGTGAAGCGAGTNNCAGTGGATTAGANN	0.5
3482	NNCTATGTGGTGCGNNTGGTATGTAGCTNN	0.5
3483	NNGCTGCTACCTCANNAGATGCATAGAGNN	0.5
3484	NNCGGCTCTTGTTGNNCAGATAGGCAATNN	0.5
3485	NNGCGTATGGCAGTNNATATTCACGCGANN	0.5
3486	NNCGCCTATACTGCNNATGAAGAGAACGNN	0.5
3487	NNACGCATGTGCGANNCGACCTATAACTNN	0.5
3488	NNGCGAGTCTACAGNNCTGAATCATCACNN	0.5
3489	NNATCGGTTGGACGNNGCGACAACTAATNN	0.5
3490	NNCGGAGCTCTATGNNATATGTGCAGACNN	0.5
3491	NNACACTCTCCGACNNAGGTTGAGAGATNN	0.5
3492	NNGTCCTCACCTTGNNAGGAACGGAATANN	0.5
3493	NNGTCAGTGGTGGANNGCGTACTGAATANN	0.5
3494	NNGTACCGCCAATCNNGCGCACATTATANN	0.5
3495	NNCTTGGCTTACGCNNATTAGCGAAGTGNN	0.5
3496	NNGTGCTCCAGATCNNTGATTGGATACGNN	0.5
3497	NNAGAGCCATACGCNNACATCACGAAGTNN	0.5
3498	NNGCCGCTCACTATNNGTAGTAGTACGANN	0.5
3499	NNAGCCTTGTGAGCNNCACTGTGATTCANN	0.5
3500	NNCGACACATGGACNNATTGTGTCAAGCNN	0.5
3501	NNAGCCTAGTACGCNNCACGTTGTTGATNN	0.5
3502	NNAGGTGCTGTCTGNNGCTGAACTATACNN	0.5
3503	NNTACATGCCGGAGNNATTCTTGCTGTGNN	0.5
3504	NNAGGAGCTCGAGTNNTATGGTCACTAGNN	0.5
3505	NNCATGCCTTCCACNNATCAGAGGAATGNN	0.5
3506	NNCGACGTCTACGTNNATGAAGTCTGGANN	0.5
3507	NNAGAGATACCGCGNNAGGTGAATTGTGNN	0.5
3508	NNGCGGCAGAATGANNTATGGTTGTCCTNN	0.5
3509	NNACACCTCACCTCNNGTCTGGATATTGNN	0.5
3510	NNACCAAGCTAGCGNNCATCAACCTTGANN	0.5
3511	NNTGCGAACGCTAGNNCTGCTATACGATNN	0.5
3512	NNGTTCCACACTGCNNACATTCGCAACTNN	0.5
3513	NNAGACTCTGCCGTNNTGATATGCGGATNN	0.5
3514	NNCGCAGTATCTCGNNTGCGTTAGAAGTNN	0.5
3515	NNATGTGGACTCGCNNATTATCGTGCCTNN	0.5
3516	NNCAGCGAAGTGCTNNCAATAGGATGTGNN	0.5
3517	NNCATCGAGCCACTNNCTGCAGCATAATNN	0.5
3518	NNGCGCGTTGTAAGNNTAGGAATCCAGANN	0.5
3519	NNGTTGCACAGGCANNACATCGTATGTCNN	0.5
3520	NNCAGTGGATGTCGNNTGTTATGGACGTNN	0.5
3521	NNATCCGATTGCGCNNCAACTTCAAGCANN	0.5
3522	NNCTTCCAGGTGGANNGTTATACGGAGTNN	0.5
3523	NNAGTTCCACACCGNNCAAGTGTGTAGANN	0.5
3524	NNTATGTGTCGCGCNNAGACGCTTATGANN	0.5
3525	NNGCTAGTTCGCTGNNATTCTGAGAAGCNN	0.5
3526	NNTGTCGACCGAAGNNGTATAATGCACGNN	0.5
3527	NNGCGTGCAATGACNNTATCAGCATCGTNN	0.5
3528	NNGTGTCGCGCTATNNTACCTTACTCAGNN	0.5
3529	NNTGCGCCTTCAGANNATCCTGATAACGNN	0.5
3530	NNCTGCATGGAAGCNNCTTGGAATTAGCNN	0.5
3531	NNCGCGCTATTACGNNGTGTCATGCATANN	0.5
3532	NNCGCTCTCCTACANNCATCCAATCACANN	0.5
3533	NNACTCCACGACTCNNACCAGAGTTAGANN	0.5
3534	NNGTGACCTGCATGNNTGTTCAGATGCTNN	0.5
3535	NNGTTCAACGGCCTNNGCATGTGATCTANN	0.5
3536	NNAGATCGTCAGCGNNTGGACTGTCATANN	0.5
3537	NNCAGGTGAGCAGTNNCAACGTTCACTANN	0.5
3538	NNACTGCCATGCAGNNCTATTCGTCAGANN	0.5
3539	NNGCGGAATGGATCNNCATGATTGGAGTNN	0.5
3540	NNACGTAGGCGATCNNACTCCATTGTCANN	0.5
3541	NNGTAGACCTGCTGNNTAGGAAGAACCANN	0.5
3542	NNGCCATCTCCTGANNATTGAGACTCTGNN	0.5
3543	NNCGTCCTCAGACANNATCATCCTAGGANN	0.5
3544	NNCGTGAGAAGAGCNNCATACTCTGGATNN	0.5
3545	NNCAATCCTGACGCNNGTGTCGACAATANN	0.5
3546	NNGTCGCCATTCACNNATCGAATGTGAGNN	0.5
3547	NNTGTCCGCATCCTNNGTGTTATACCAGNN	0.5
3548	NNGTGTACGCAGACNNGTTCAACGTTGTNN	0.5
3549	NNTGCAGTGGTCGANNGTAAGGTAAGAGNN	0.5
3550	NNAGTGTTGCCAGCNNATGCATCGTGTANN	0.5
3551	NNCTTGCCTCAGAGNNACGTTATCCTCTNN	0.5
3552	NNGCGATGGATCGANNCTGTAATACGACNN	0.5
3553	NNGTGGTGTGGAAGNNATCTGTTGCATCNN	0.5
3554	NNCGAGCGTATGCTNNGCGTGAATTGATNN	0.5
3555	NNCATCACCGGTGANNTGTCTCGTTAGANN	0.5
3556	NNAGAACGGAGCTCNNCAGATAAGAGTCNN	0.5
3557	NNCTTGCCTCTCTCNNCGTTCACAGTATNN	0.5
3558	NNTGCTTCGCCGATNNGTGTTCGTTCTANN	0.5
3559	NNCTGCACATCCACNNGTCATATCGATCNN	0.5
3560	NNTGTACTGCGCGANNCACCTCTTGTATNN	0.5
3561	NNCGAATCGGACTCNNAGTGTATTCGCTNN	0.5
3562	NNATCCACTGGCCANNACGAATTCGTTGNN	0.5
3563	NNATCGGTCGTCCTNNTACGTAAGTCCTNN	0.5
3564	NNAGACGGCCAATGNNCACTTACACTGANN	0.5
3565	NNTGTCACGGTGCANNGTACGTTGTACANN	0.5
3566	NNAGACGCCTGACANNAGTAAGCGTATGNN	0.5
3567	NNCTGGTTCACGCANNAGAATAACACCGNN	0.5
3568	NNCATGCACCATCGNNCAATTGAACTCGNN	0.5
3569	NNCGCATGACGTTCNNCAAGGTATGATCNN	0.5
3570	NNGCTACCGTAGCANNTACCAACCAATCNN	0.5
3571	NNCACGATTGCGAGNNTGCACTTACTCANN	0.5
3572	NNGTCTGTTCCGCTNNAGTGACAAGAGTNN	0.5
3573	NNACAGTGCCACACNNACTATGAGTCGANN	0.5
3574	NNCACTCTTCCTCGNNGTAGTTCTTAGCNN	0.5
3575	NNCGGTGAACACAGNNGTTGATCTGTAGNN	0.5
3576	NNCTAGCAGCGATCNNTACCTCGAATTCNN	0.5
3577	NNTAGTGCGAGGTGNNCTAACTTACTGCNN	0.5
3578	NNACCACACACGTCNNTAGACTTCTCGANN	0.5
3579	NNAGCACTGCGACANNAGTATAACCTGCNN	0.5
3580	NNTGTTCCGCTGTCNNAGGAAGGACTATNN	0.5
3581	NNACCGCTGAGTCANNAGGACGACTAATNN	0.5
3582	NNCAGAGCGAGAAGNNAGATTGATGGAGNN	0.5
3583	NNGTAGGTCGCTAGNNAGACAAGTTGTCNN	0.5
3584	NNTGACTACCGGTGNNGCAAGATAAGTCNN	0.5
3585	NNCTACCACCGACANNCTGTCAATTGACNN	0.5
3586	NNGCAGTTCTTGCGNNAGATAGAAGGTGNN	0.5
3587	NNACGGTGCTTCTCNNATATTCAGGACGNN	0.5
3588	NNAGGCCGTGACTANNTACACTGTAACGNN	0.5
3589	NNAGTGCTCGACGANNGTTGAGTAAGAGNN	0.5
3590	NNTAAGAGCCGCAGNNACAGTTGGACATNN	0.5
3591	NNGTTGCTGCTCCANNGCTGTAGTTGTANN	0.5
3592	NNGTCCAAGTTGCGNNAGTGTAGGTGATNN	0.5
3593	NNCGATGCGCTTCANNATGACTACCTAGNN	0.5
3594	NNTAGGAGCCTGAGNNTGAGTAACGGATNN	0.5
3595	NNGCATGCACACAGNNGCTTCTAACTCTNN	0.5
3596	NNCGATAGGCGTAGNNGTCGTTACTATGNN	0.5
3597	NNCGTGGAGGTATGNNACTGTTAGACGTNN	0.5
3598	NNTGGACCGACGATNNGTAACTAGCAGTNN	0.5
3599	NNCAGCAGGATCCTNNACTTACATCCGANN	0.5
3600	NNAGACGCTGTGGANNATTAGGACTTGCNN	0.5
3601	NNCGCTGCTTCTTCNNATCGCGTTATACNN	0.5
3602	NNCACCTTCCGTCANNACGTGATCGTTANN	0.5
3603	NNAGGACCGTCAGTNNAGAATCTCATGCNN	0.5
3604	NNGTCACTGGCTCTNNATGCTGTTAGTGNN	0.5
3605	NNGTCAACCGCTCANNAGACTCTAACTGNN	0.5
3606	NNCTAAGAGCAGGCNNACACATTGGTGTNN	0.5
3607	NNTGCAGCGACTCTNNGCCTATGATTGANN	0.5
3608	NNGCTTCCGCTTGTNNCTGTGTGTAACANN	0.5
3609	NNCAGACAACTGGCNNAGGATAATCGCTNN	0.5
3610	NNCAGAGCACTGCANNATCCACATCATCNN	0.5
3611	NNCTACGCAAGTCGNNGTTAACTCTCGANN	0.5
3612	NNAGGATGCCGGATNNACCAGTATGGATNN	0.5
3613	NNGTGCGAGCGTATNNGCATATCCTTGTNN	0.5
3614	NNGCTCGGCATTGTNNTATCTCCGGTTANN	0.5
3615	NNACCTACGGCTGTNNTACGCACAACTANN	0.5
3616	NNGCTTACGTCTGCNNTGGTAATCAGCTNN	0.5
3617	NNCGAGCTGTGTCANNACTTCTAAGCAGNN	0.5
3618	NNCTTCGTCTAGCGNNATTGCGAAGTTCNN	0.5
3619	NNAGACACTGCACGNNTGAATGTGGTTCNN	0.5
3620	NNCACAAGTCGGTGNNCAGTAGAGGTTANN	0.5
3621	NNCGCTAAGCAGGANNGTACCATAACTCNN	0.5
3622	NNAGGACGAAGCACNNCTATGGCTCTATNN	0.5
3623	NNCGAGAAGAGCCTNNTGAACTGGTGATNN	0.5
3624	NNATTAGCCGGTCGNNACCAACTCACTANN	0.5
3625	NNACACTCTCGTGCNNGTTAACCTACAGNN	0.5
3626	NNCGGTCGAGTTAGNNTATTGGCATAGCNN	0.5
3627	NNCAGAGGCTTCGANNTGAGGATAAGTCNN	0.5
3628	NNTACCAGCTGCGANNGTGAACTATTGCNN	0.5
3629	NNGCAGTTGCACGTNNATCTTGCAACGANN	0.5
3630	NNTACCGTGCTAGCNNCAACACTTGGATNN	0.5
3631	NNGCGGATGCACATNNCTTGCCTTAACANN	0.5
3632	NNACTGACGCTCACNNAGCATGTTCTAGNN	0.5
3633	NNGCATTACCGCAGNNATGATTCCATGCNN	0.5
3634	NNGTCGTCAACCACNNTATACCACGTGANN	0.5
3635	NNGCCACATTCGAGNNATGACCATGTACNN	0.5
3636	NNCAGCTTCGCACANNTAGAATCGAACGNN	0.5
3637	NNCTGATCGTGCACNNATAAGGCTAGCTNN	0.5
3638	NNGTGCAGCTTCCANNATGTGCAACATCNN	0.5
3639	NNTGTGACCTCGCANNGCTAAGACATAGNN	0.5
3640	NNGCCTATGCTGCANNATCTCACAGATCNN	0.5
3641	NNAGATTGGTCGGCNNTAGCTCTTGTGTNN	0.5
3642	NNCAGCTCACAGTGNNAGGCTTACTTGTNN	0.5
3643	NNGCCTGTTATCCGNNTGCAGTTCAACTNN	0.5
3644	NNCATTGCGTGCGANNACTTGGCATGATNN	0.5
3645	NNCACCTATCGGCTNNCTTAACCGTAACNN	0.5
3646	NNACGGTTCGAGTCNNACCTACATGTTGNN	0.5
3647	NNCAGAAGGCCATCNNCGGTTAACTTCTNN	0.5
3648	NNTGTGCGAGGACTNNACACTATACGTGNN	0.5
3649	NNGCTTCGAGTCCTNNATAGTAGGTACGNN	0.5
3650	NNCGTCATGCGTACNNATTGAGCTGACTNN	0.5
3651	NNGCTACCACTAGCNNACGTAAGCAACANN	0.5
3652	NNAGGTCTGACGCTNNATATTGAGACGCNN	0.5
3653	NNGTGCTCGGAATGNNGCCTTATGTAAGNN	0.5
3654	NNGCTCGCTGAAGANNCTGGTACAATCTNN	0.5
3655	NNCATGCAGCTGTCNNATTCTGACGGATNN	0.5
3656	NNAGCGGTCGACATNNCGATAAGAACCANN	0.5
3657	NNTGGATCCTGGCANNTATAATGGCGTCNN	0.5
3658	NNTGGTCAGCATCGNNCAGCCATCAATANN	0.5
3659	NNCGTATGGCGCATNNCTAAGACGATCANN	0.5
3660	NNTATGGAGGCCTGNNATTAGCTCGACANN	0.5
3661	NNGCTGCTTACTGCNNGCTGTATTACCANN	0.5
3662	NNCAGTTGGCTCCANNGTCATTCTTGTCNN	0.5
3663	NNGTATGGAGCGCANNATACCAGGAACTNN	0.5
3664	NNCACGCTCAATCGNNGTGTGTATAGTCNN	0.5
3665	NNATCAGACGCGACNNTATCTGGTGGTANN	0.5
3666	NNGCGTCGATGCTANNCTAGAACAGACANN	0.5
3667	NNGCGTCACTACTCNNAGGTGTAATCCANN	0.5
3668	NNTACGCCACCTACNNGCTAGGCATAATNN	0.5
3669	NNCATGCTACTGGCNNTATTGCAGCGATNN	0.5
3670	NNCAAGATCCTGCGNNACGGTTCTACTANN	0.5
3671	NNGCGTCATGGAACNNTAATATGCGCCANN	0.5
3672	NNCGTTGCTACCACNNGCTTCAACTATGNN	0.5
3673	NNGCGCAACCTCATNNAGTCGTGGTTATNN	0.5
3674	NNATATCGTCCGGCNNCTAATCACAGTGNN	0.5
3675	NNGTGCTCCATCCANNCAGATGTCAGATNN	0.5
3676	NNCAACTGAGTCGCNNGTAACAGTCCATNN	0.5
3677	NNACTCGCGTAGCANNACTTAGTGTGCANN	0.5
3678	NNACAAGGAGAGGCNNGTGTAGAATACGNN	0.5
3679	NNTGGCTGGCCATANNTGACTTGCTAAGNN	0.5
3680	NNCTGCATGTTCCGNNGTAGTCCAGTTANN	0.5
3681	NNCAGACTCGCCATNNACTCTGGAATGTNN	0.5
3682	NNAGCTCAACGGTGNNAGGAACAACCTANN	0.5
3683	NNACCACGCATCGANNTGCCTTCTTAGTNN	0.5
3684	NNCGCACCATGTCTNNGTCCTTATAGCANN	0.5
3685	NNAGTCTGCGACTGNNAGGTCAGAATTCNN	0.5
3686	NNAGGTTCGCGTTGNNCAGTGAATGGATNN	0.5
3687	NNCTTGAGCTCCACNNCAAGATCATAGCNN	0.5
3688	NNCGAGGACAACGANNATCTACCATGTCNN	0.5
3689	NNCGAGCCATAGACNNTAGATAGCCTAGNN	0.5
3690	NNCGCGATGTTCAGNNGTCGAAGATATGNN	0.5
3691	NNCGCGGTACTGATNNCGTAGAGTTAAGNN	0.5
3692	NNAGATGTGGCGGANNTAAGGAAGTGGANN	0.5
3693	NNCTTCCACTCGCANNTGAAGAACACACNN	0.5
3694	NNACGACTGCTCACNNTATTACCTGACGNN	0.5
3695	NNCGCGCATGTTGANNTGGATCGGTATANN	0.5
3696	NNCAAGTGTCCGCANNGTCAACTAGTACNN	0.5
3697	NNCGACCGTGAAGTNNTAGACGTAACACNN	0.5
3698	NNCAGGAGTAGGAGNNAGAAGGATACTGNN	0.5
3699	NNAGTGCGAACCACNNCTATATCCATCGNN	0.5
3700	NNCAAGAGCTGCGANNTACATAGTCGTCNN	0.5
3701	NNTGCCAGCATACGNNTGATAGCCGTATNN	0.5
3702	NNCTGACTGGAGCTNNACAGAGAACAGANN	0.5
3703	NNGCGGCTAAGACANNAGCCACTGTATANN	0.5
3704	NNATGTCCGGATCGNNCTACTTGCACATNN	0.5
3705	NNCAGGACGGATCTNNTACATAAGGTCGNN	0.5
3706	NNCGCTTGCAGACANNACACATGGTACANN	0.5
3707	NNTACCAGCGTGTGNNTGCGTGTTCTTANN	0.5
3708	NNGCATTGCTGTGCNNTAGAGGAGACTANN	0.5
3709	NNTGCACCGCTTACNNAGCTTAGAAGGANN	0.5
3710	NNAGGTGAGACGACNNTAAGAGGATAGCNN	0.5
3711	NNGTCCAGACCTTCNNTAATGGTCGACANN	0.5
3712	NNGCATCCATGTGCNNTGACCGTTAATGNN	0.5
3713	NNGTGTCGTACCTCNNCATTAACGCTGANN	0.5
3714	NNGCAATCCAACCGNNATGATTCGCAGANN	0.5
3715	NNACTGACCTACCGNNACAGGAACTATGNN	0.5
3716	NNACCGAACGCATCNNTAAGGTAGAGAGNN	0.5
3717	NNGTTCGGCACAGANNATTACTCCGGTANN	0.5
3718	NNCTTCGATCCGACNNACCGATCATTCTNN	0.5
3719	NNATGACCGGCAACNNAGTATATCGAGCNN	0.5
3720	NNTGGCGCAGTACTNNCAGAGTCAAGTANN	0.5
3721	NNAGGACCAAGCCANNGTGTTGTTCAAGNN	0.5
3722	NNAGTAGCTCCGACNNGCACTGAATACANN	0.5
3723	NNTGTCGCAGCTGANNTACCGATGATTGNN	0.5
3724	NNAGCTGCCGTTACNNTGGATTAAGCCTNN	0.5
3725	NNCTTGTCGCCAGTNNTAGGCAATCAGANN	0.5
3726	NNCAGTAGGCGAAGNNAGTACGTACCATNN	0.5
3727	NNCGACGAGTCTGTNNCAAGAATTGGTGNN	0.5
3728	NNTGGATCCGCAGANNATCCTGTTGCATNN	0.5
3729	NNCGGAGGAGTCTANNCAGAATACCTCANN	0.5
3730	NNTGCACCGGATCTNNAGTAAGTCCATCNN	0.5
3731	NNGCGGCATAAGTCNNTATGAGCACACTNN	0.5
3732	NNATCTCGGCTCAGNNCACTGATCTTGANN	0.5
3733	NNCTGAACCGAGCANNCAGAATGACTTGNN	0.5
3734	NNGCAGTGGAACGANNACTAGCCTTCATNN	0.5
3735	NNGTAATGGCGCGANNCTTGTCAAGTGANN	0.5
3736	NNCTAGAGCGCATGNNCAGTAACGTACANN	0.5
3737	NNACAGGTCAACGCNNCTGTCGTATTCANN	0.5
3738	NNACGACAGGTGGANNACTATGAGGTTCNN	0.5
3739	NNGTGCTTGCCTAGNNTGTAGAATCCAGNN	0.5
3740	NNATCGCGCCTGTANNACAACAGAGACTNN	0.5
3741	NNGTGACCTGATCGNNAGTCCTTACAAGNN	0.5
3742	NNGCACAGGTAAGCNNATCCATGACATGNN	0.5
3743	NNAGAACGCCTCGANNAGCTATAACAGCNN	0.5
3744	NNCTTCGTGCTGGANNTGGAGCTATAAGNN	0.5
3745	NNCGATCGCTTGAGNNAGTAGATGTGCTNN	0.5
3746	NNGCCATCTCACGTNNGCATAACGTTACNN	0.5
3747	NNACGCACGTCACTNNTAACACAGTGTCNN	0.5
3748	NNCTTCATCCTCGCNNTACTGCTCTCATNN	0.5
3749	NNCATGACGTAGGCNNATCGTCCTGTATNN	0.5
3750	NNCGTATGCGTCCTNNATGAACACCAGANN	0.5
3751	NNTATTCAGGCCGCNNCAAGGACATAAGNN	0.5
3752	NNGCTGCTGTGACTNNTGTTCTACAGACNN	0.5
3753	NNCTGCGAGCTAGTNNTGAATACCAGGANN	0.5
3754	NNGTACCACCGGTANNTATCTAGTCACGNN	0.5
3755	NNTAGATCTGCGCGNNAGTGATGTCTGTNN	0.5
3756	NNATGGTTAGCCGCNNGCTCATACAACANN	0.5
3757	NNCGTCAGAAGCAGNNACATTACCACGANN	0.5
3758	NNGCACTATCGGAGNNTATGAGAGGTCANN	0.5
3759	NNACACGCACCTAGNNATGAACTGCTCANN	0.5
3760	NNGCCAGAGATCTGNNTGTATCGTTCCTNN	0.5
3761	NNTGAGAGACGTGCNNTAACAAGCAGTCNN	0.5
3762	NNCGTTCACCTGAGNNCTATAATCGGCTNN	0.5
3763	NNTGGTGTCACCACNNAGATAACCTCTGNN	0.5
3764	NNAGCAGTGCGTGANNCTTGAGTGTAGANN	0.5
3765	NNCGAGCAAGAGGANNACGTAGCTATACNN	0.5
3766	NNCGTCTCTCAGGANNTGACTCCTATGTNN	0.5
3767	NNGTGTCCTGCACTNNTACCATCATCTCNN	0.5
3768	NNGCCTAACAGCGTNNGTACGGTAATCANN	0.5
3769	NNACGTTCCTCGGANNCACAAGGTAATCNN	0.5
3770	NNGTCCTACGTGTGNNACACCTTCGTTANN	0.5
3771	NNCGTGTAACACGCNNGCCTGAATTACTNN	0.5
3772	NNCTTGCCGACCATNNACAACGGTTCATNN	0.5
3773	NNTGGCTGTCTTCGNNTGCTTGATCCATNN	0.5
3774	NNGTTCCGTACGAGNNGCAATTATACGCNN	0.5
3775	NNACAGAGGTCAGCNNCACATGAATGACNN	0.5
3776	NNAGCTGCTCACTGNNTATCGCAATCGTNN	0.5
3777	NNTGTGGCGCTCTANNTGAGGCTCTAATNN	0.5
3778	NNGCAAGAACGTCGNNCTGATTCTGTTCNN	0.5
3779	NNCTGGTCGTCAACNNTATAGAGGACTCNN	0.5
3780	NNCGACAAGAGCTGNNTGTTGCAAGAACNN	0.5
3781	NNGCAGAAGGACCTNNTAATCGGCTAAGNN	0.5
3782	NNCGATGGATTGCGNNCAGAATGGATACNN	0.5
3783	NNTACGCGGTGGATNNTGCGAATAGTCTNN	0.5
3784	NNGTCCATTGTGGCNNAGTGACCTATCANN	0.5
3785	NNACTCGTAACGCGNNACGTAAGTGATGNN	0.5
3786	NNACCGCTTCCATGNNATGTGATTCGTGNN	0.5
3787	NNAGCACGGTGACTNNCTTATCCAACCTNN	0.5
3788	NNACCTCGCTTGAGNNCTGTCTGTTAGANN	0.5
3789	NNTGGCGTGACTTCNNCTTCTATATGCGNN	0.5
3790	NNGTTGGTGCAGTGNNGCTTCATTCAAGNN	0.5
3791	NNACGCCACTGTCTNNGCAGAGAAGTATNN	0.5
3792	NNGCGTCATTCGTGNNAGCAACGTAAGTNN	0.5
3793	NNGTCTAGCGCTACNNAGTAGTTATGGCNN	0.5
3794	NNACGCTCAGCTCANNATTACGAGCTTGNN	0.5
3795	NNTACGCGTTACGCNNAGATGAGCTCTANN	0.5
3796	NNCTGAATGCCGCANNTACACATTGCTGNN	0.5
3797	NNAGCGTGTACACGNNACAATGCTCATGNN	0.5
3798	NNAGCCGTGGTAACNNCAGTAGAAGTCTNN	0.5
3799	NNCATGGTGTTGCGNNTGTCGACTTAGTNN	0.5
3800	NNCGGATGTACTGCNNTACTCTTGACCANN	0.5
3801	NNGCCAACTCAGTCNNACAGCAATATCGNN	0.5
3802	NNCGAATGAGCAGCNNTGGTTCAGATTGNN	0.5
3803	NNAGTGCCGCATAGNNATTCTCGTCCATNN	0.5
3804	NNGCGTTGTTCCACNNGCTCATTAACGANN	0.5
3805	NNGCCATGCGGAATNNAGTCCGATAATGNN	0.5
3806	NNCGAGCTACCATCNNCTATGAGACTGANN	0.5
3807	NNGTCACCTGCGATNNCATTGAAGTCGANN	0.5
3808	NNCATCGCTAACGCNNTACCTCCTACATNN	0.5
3809	NNCATCCGGCTTCANNTAGAAGGATCGANN	0.5
3810	NNTACGATGGAGGCNNACAGTCACATGTNN	0.5
3811	NNCGTGTAACCACGNNCACAGCTATTCTNN	0.5
3812	NNATCCGCTCTACGNNGCTAAGAGAGATNN	0.5
3813	NNCGGTATCGCAACNNCAGACAACCTTANN	0.5
3814	NNGTCCAGGTTAGCNNTGGATGTAGACANN	0.5
3815	NNGTGTTGCTTGGCNNGTATGTGTACTGNN	0.5
3816	NNCAGTCACGCAGTNNCAACGATCTATCNN	0.5
3817	NNGCCGTATGTCGTNNCTTCTTGTCAACNN	0.5
3818	NNCGCTCCTTGACANNAGCATTCCATCANN	0.5
3819	NNAGTGCGAAGCCTNNGTGCATATGGATNN	0.5
3820	NNACATAGCAGCGCNNATAGTCTCGTGTNN	0.5
3821	NNAGCGCTCGAACTNNGTCCTATATCCANN	0.5
3822	NNGTTCGACATCCGNNGCGGAATAATACNN	0.5
3823	NNGCTGGAGCAAGTNNACTCATGATAGCNN	0.5
3824	NNAGCGTCGTCAAGNNAGAGTGATACCTNN	0.5
3825	NNCGCGCCTGATTANNCTAAGTTAGCCTNN	0.5
3826	NNCATGGAGACGACNNATGGTTCCTTGANN	0.5
3827	NNTGGCTGGCATTCNNTAGTTACTCCGANN	0.5
3828	NNGTCGAGAGCAGANNGCACTATTGATCNN	0.5
3829	NNCATCATGGCTGCNNCAATAGACTGCANN	0.5
3830	NNGCGCTATGCATCNNCAATATACGAGCNN	0.5
3831	NNAGCAGAGTCCTGNNACAATGCAAGTCNN	0.5
3832	NNAGACGCACAGTGNNATCTGGTTCTCANN	0.5
3833	NNACGCTGCCAAGANNATCGTGATTCGTNN	0.5
3834	NNTGTTGGTCCGTCNNTACTGACTAGCTNN	0.5
3835	NNTGTCGACCACACNNCTAATGTACTCGNN	0.5
3836	NNCGCTAACTTCCGNNATCCGATAGATGNN	0.5
3837	NNGCAACCAACCAGNNGTACTTCGTTAGNN	0.5
3838	NNCACGACGTTGTGNNAGCTTGAGTCTANN	0.5
3839	NNACGCACCATCACNNCAACTTGTAACGNN	0.5
3840	NNGTCACGACCATCNNGTTAGTGAGATGNN	0.5
3841	NNGTCCATCCTGACNNGTCTACTCTTGANN	0.5
3842	NNGTTGCCTACCGANNCTGTGACTTATCNN	0.5
3843	NNTGTCCGTACGGANNAGCATGTAGTTCNN	0.5
3844	NNCGTACGAGTGGANNACAGCCTAATTCNN	0.5
3845	NNAGCGACCTCATCNNACAATAACGCAGNN	0.5
3846	NNGTGAGGATGCGTNNTACTGAGTCCTANN	0.5
3847	NNCTATCGGCCGATNNATCGCAATAGACNN	0.5
3848	NNCGACGTACCAGANNGTAATCACCTTCNN	0.5
3849	NNTGGCCACACTACNNGTACGTTACTTGNN	0.5
3850	NNATCTCGCGTTGCNNATGCCAATCGTANN	0.5
3851	NNATGGAAGGCCGANNGCAACCTAAGATNN	0.5
3852	NNGCTAAGGCACACNNACCTTAGATCACNN	0.5
3853	NNATAGGTCGCACGNNAGTTCATCAGGANN	0.5
3854	NNCGAGTCCACATGNNTGGTATACCAGANN	0.5
3855	NNTAGCCGGAAGACNNTGACAAGTACTCNN	0.5
3856	NNAGGCAGACTCCANNATATTCGTGGACNN	0.5
3857	NNACGCCAAGCTTCNNTGTTATACGAGCNN	0.5
3858	NNATCCATCGCTCGNNGCCTCGTAATTANN	0.5
3859	NNCGCTCGTTCCATNNGCATTCTTCGATNN	0.5
3860	NNCACCATCTCACGNNGTGTGTACATAGNN	0.5
3861	NNTGGCATCTCGAGNNCTTGAACCATACNN	0.5
3862	NNGCGTGAGATGGANNTATCCTGTCACANN	0.5
3863	NNGTAGGCATCCGTNNAGGACAATTCGTNN	0.5
3864	NNTGGACCGAAGTGNNTGCAAGGACTTANN	0.5
3865	NNCTGCACACTCTGNNGCAGAGTTACATNN	0.5
3866	NNAGAGCGATCTGCNNAGACTTGTGGATNN	0.5
3867	NNACACTGCCACGTNNTAACAGCAACGANN	0.5
3868	NNCTGGAGACGGATNNCTACGAAGTATGNN	0.5
3869	NNACAGGCAGGTGANNACATAGGCATCANN	0.5
3870	NNTAAGTAGGCGGCNNATAGTGGATGAGNN	0.5
3871	NNGCGCAGGTAGTANNTGAACAGATCTGNN	0.5
3872	NNACGCGATGGAACNNTAGGTTCATGACNN	0.5
3873	NNTGGTAGCGCACANNACGTGGAATTGTNN	0.5
3874	NNCATGGAGGTCGTNNTATCTGATTCCGNN	0.5
3875	NNAGTCTTGGTGGCNNAGTTGATTCCAGNN	0.5
3876	NNGCACGTACAGACNNCACAGTAGAGTANN	0.5
3877	NNCAGTGGCTTGTCNNACGTTATGTAGCNN	0.5
3878	NNACTAGCCGGAAGNNCTGATACTTACGNN	0.5
3879	NNCTAGCCACTAGCNNACAATGCAGTCTNN	0.5
3880	NNATGGTGCAGCCTNNCATGTAACTCCANN	0.5
3881	NNCGGCTTAACTCGNNAGGCTATATTCGNN	0.5
3882	NNTGCTTCCAGGTGNNCATTCACAACCANN	0.5
3883	NNACGCAGTTCGGANNAGGTGTCTTATGNN	0.5
3884	NNTAGCCTATGCGCNNGCATCTAGAGTANN	0.5
3885	NNCGGACTGACAGTNNAGGTGTAACGTANN	0.5
3886	NNTGCGCAATCTGCNNATATAACGACCGNN	0.5
3887	NNCTAGCCGCCTTANNATATTCCTCGTGNN	0.5
3888	NNACACCAGGACGANNAGAAGAGTAACGNN	0.5
3889	NNCACAGCCGCTATNNTGACGTAGTTACNN	0.5
3890	NNCGCAATCGTGAGNNTATGCTTCCAACNN	0.5
3891	NNACCGCTGAGAGTNNTGAGTATGACGANN	0.5
3892	NNACGCTGGTCAGANNTGTACAGGTCTANN	0.5
3893	NNGCAAGGTAGAGCNNAGACTTACGACANN	0.5
3894	NNCAGACCAGCTGANNCATGAACTTGGANN	0.5
3895	NNGCAGGAACCGATNNTGAACATCCGTANN	0.5
3896	NNGCACGTACTCAGNNATCACATGAGCTNN	0.5
3897	NNGTTCGACGGACANNCTACGCTCAATANN	0.5
3898	NNTGTCTCCTGGTGNNTGATCTGCAAGANN	0.5
3899	NNAGCTCAACGCCTNNAGCCAAGATAGTNN	0.5
3900	NNTATGCGCCAGTGNNATCTGTATGCCANN	0.5
3901	NNAGAATCGCCGAGNNAGATGATAGAGCNN	0.5
3902	NNCATACGACCTCGNNCTTCGAATGGATNN	0.5
3903	NNGCACTTAGGCCTNNTGCACACTTAAGNN	0.5
3904	NNTAGACGTCGGCTNNATGTGAGACACANN	0.5
3905	NNCGGACTACAGGANNATCAGTCCTAACNN	0.5
3906	NNCAACAAGTCGGCNNGCATAAGTCTAGNN	0.5
3907	NNCAGGCTCAGCTANNAGTAGGAAGTTCNN	0.5
3908	NNGTCCTGATGCGANNTAGAGAGTAGCANN	0.5
3909	NNATCGCGCTGAAGNNGTAGACACTAACNN	0.5
3910	NNGCCATGCTGTGTNNAGGTATTCCTTGNN	0.5
3911	NNAGGCCTTGGATGNNGTATTAAGGCGTNN	0.5
3912	NNTGCAGGCAAGTGNNAGATGGCAAGATNN	0.5
3913	NNGCTACCAGCCTANNACCTTATACGGANN	0.5
3914	NNCAGAGGCCACATNNGCTCAATACAGANN	0.5
3915	NNCAGGCTTGCGTANNATCTTGCCATCANN	0.5
3916	NNTAGGTTGACGGCNNTACTGAACTCCANN	0.5
3917	NNCGCTCTCCATTGNNCATTGCTAGCATNN	0.5
3918	NNTGTCGCCATTCGNNAGTACGTTGACANN	0.5
3919	NNACGCTGGTAGACNNCGGTTACTAATGNN	0.5
3920	NNGCGACTTACGACNNGTTGTCTTCAACNN	0.5
3921	NNGTGTGTCAACGCNNTATCGGTCTGATNN	0.5
3922	NNCGTACCTGTGTGNNGTTAATGTGCCTNN	0.5
3923	NNTGCGATCTCCGANNCTTGTCTTGGATNN	0.5
3924	NNTGCCAACCATCGNNGTGATTGAGATCNN	0.5
3925	NNTAGGCCGAATGCNNTGCGTATCTTGTNN	0.5
3926	NNCGGCGGATATCTNNATTAAGGAACCGNN	0.5
3927	NNGCGTCTGTTCTCNNCTATGTACAGCTNN	0.5
3928	NNCGGACTTCGTAGNNCTGAATACAAGCNN	0.5
3929	NNTGTGCCGCTGATNNCGTACTACTAGANN	0.5
3930	NNGCTGGTGCATGANNTATCTCCATGCANN	0.5
3931	NNTGCCGGTTACCTNNTACGATTGCAGANN	0.5
3932	NNCATTATCCGCCGNNAGTCAGCTACATNN	0.5
3933	NNACGTTCAGTCCGNNTATAGCATCGAGNN	0.5
3934	NNGTCGCGTAGAACNNTGCGTTCCATATNN	0.5
3935	NNGCTGTCACTGGANNGTGTTCAATCCTNN	0.5
3936	NNTAGAGACGCCTGNNCATATTCACCACNN	0.5
3937	NNCTGAAGGCGACTNNTAGTCAGATGTCNN	0.5
3938	NNTGGCGACTCTTCNNACAATGTGGAACNN	0.5
3939	NNCACCGACTTAGCNNATCCACATAGCANN	0.5
3940	NNATCCGCTTCAGCNNACAATTCAGAGCNN	0.5
3941	NNATTGGTGCCGACNNACGCTCTAATTCNN	0.5
3942	NNACAGGAGCGCATNNACCTAACGTGTANN	0.5
3943	NNCAAGTGCGTACGNNACACTTCTGACTNN	0.5
3944	NNGCGCCAGTACTANNTAAGCATGTCTCNN	0.5
3945	NNATGAATGCGGCGNNTAGCATTCATCGNN	0.5
3946	NNGTCGTTGGACCTNNCATACCAGACTANN	0.5
3947	NNGCTCACGGTCATNNCACGCAATAGTANN	0.5
3948	NNTGTGAAGCAGGCNNCATTCATGATGCNN	0.5
3949	NNGCTCAGACAGCTNNCAGAAGGAATCTNN	0.5
3950	NNGCCTAGAGGTTGNNATCGCTTATAGCNN	0.5
3951	NNCGCGACAAGAACNNTGCTTGTGGTTANN	0.5
3952	NNGTCTGGAGGTCANNGCCTTCTATTGANN	0.5
3953	NNAGTGAGGTGACGNNCAGTTACTTCGTNN	0.5
3954	NNCGACGAGATGCTNNAGAATGGTGGTANN	0.5
3955	NNGCTCAGGTACTCNNATACAGGTGTCANN	0.5
3956	NNAGCCGGAACAACNNATCCATTGTCGANN	0.5
3957	NNACGCAACAGCGTNNACTTACGAGTTGNN	0.5
3958	NNGCTTCGACGTCANNCGGTAGTATTCTNN	0.5
3959	NNTGGAAGTGACGCNNATCTTCGGAAGTNN	0.5
3960	NNAGTCACCTCGCTNNTAACAACGAGGANN	0.5
3961	NNACTTCGCGACAGNNTACGACTTCTAGNN	0.5
3962	NNCGAAGTGACCGANNTAATGTAGGCCANN	0.5
3963	NNGCGGCTCAATCANNAGTACCACAATCNN	0.5
3964	NNACATGCGCGTGTNNAGACACACTAACNN	0.5
3965	NNGCCATGTTACCGNNATCTTCGTCGTANN	0.5
3966	NNCAGGTCGACACANNAGCCATACACTANN	0.5
3967	NNCGCATACAGTCGNNAGAGTTGGTAGTNN	0.5
3968	NNACACGAGGAGCANNCATACCGTTGTANN	0.5
3969	NNTGCAGGACCACTNNCAGGAATTCTCTNN	0.5
3970	NNACCGATCGATGCNNGTCGGTTACTATNN	0.5
3971	NNGCTCCGCACTTANNCATCTGAAGCTANN	0.5
3972	NNCGCACTTCCTTCNNCGTAATCGATGTNN	0.5
3973	NNTGGACCGAGTCTNNTAACACGTCTCANN	0.5
3974	NNTGCCAGGCTAGANNGTCGTACTAATCNN	0.5
3975	NNAGGAACCGACGTNNATGACGTGATGANN	0.5
3976	NNGCTATGAACGCGNNTGTCAAGAGTGTNN	0.5
3977	NNGCACAGAAGACGNNAGTATCACGTCANN	0.5
3978	NNAGCTCCTTGGAGNNGTGTAGTAACACNN	0.5
3979	NNATCCGCCTAGTGNNCTTATGGACATCNN	0.5
3980	NNCTGCTGCTCCTANNACATAGCCTCTANN	0.5
3981	NNCATGGTGAGCTGNNGCTCAATTCATGNN	0.5
3982	NNGCAGCGGATTGTNNTGTAGACACGTANN	0.5
3983	NNTGTGCCGGAACANNACTATGTCCTGANN	0.5
3984	NNTATCTCGGAGCGNNACTACGAGATACNN	0.5
3985	NNCGCACCTCTACTNNACATCGGTAATCNN	0.5
3986	NNATACGCGGACTGNNGTTCTTGGCTATNN	0.5
3987	NNGTCCTCCGCATANNCAATGGTCATGANN	0.5
3988	NNGTGAGCCTCTACNNGCTATAAGGCTANN	0.5
3989	NNTGGCCGCAATTGNNGTTAGAGCTATGNN	0.5
3990	NNAGGCTACTAGGCNNACTAGTCACTAGNN	0.5
3991	NNGTTGCCAGTGTGNNTACACAGACTACNN	0.5
3992	NNCTACGGTTGGAGNNTATTGATGAGCGNN	0.5
3993	NNAGAGCCAGGACTNNTGACGTATAGCANN	0.5
3994	NNCTGCGGATCCATNNTAGACGCCAATANN	0.5
3995	NNAGCGGCATTCCANNGTACCATAAGCANN	0.5
3996	NNCGTCTTCGGAGTNNACAGTCCGAATANN	0.5
3997	NNAGTTAGCGGACGNNGTAGAACTTGAGNN	0.5
3998	NNGCTCCTTCCATCNNTATGTAATGCGCNN	0.5
3999	NNTACCGACACCGTNNGTGAACCTCATANN	0.5
4000	NNCGAGTCTACGACNNATCAGTATTCGCNN	0.5
4001	NNCTACTGCATCGCNNGTACTCTGTGTANN	0.5
4002	NNGTAGACCGTTCGNNCAAGGTTCCTATNN	0.5
4003	NNTGGAAGCGAGAGNNACGTCTATCCATNN	0.5
4004	NNCGCATGGATGGANNTATCAGACCACTNN	0.5
4005	NNATCGCGCAGTACNNCATCAATCCTTGNN	0.5
4006	NNCACCACGACTGTNNCAAGAAGAAGTGNN	0.5
4007	NNCACCGATGATGCNNATACTATCGCAGNN	0.5
4008	NNATGGCATCTGCGNNTGGTTGTTAGTGNN	0.5
4009	NNCACGCAGTACTGNNGTAGCAAGAATGNN	0.5
4010	NNACAGGCCTCCATNNACATCAGTGTAGNN	0.5
4011	NNCAGGTGGCCATANNCATTAGCGATCANN	0.5
4012	NNGCCTGCTGTGTANNGCATTGTAACCANN	0.5
4013	NNTGGCCACTCTCANNTAAGACCAGGTANN	0.5
4014	NNGTGACCGCGAATNNGCGATATGAACTNN	0.5
4015	NNCTGATGCGGTTGNNTGACTTGAGGTANN	0.5
4016	NNCGAAGTACAGCGNNTACCTTCGAACANN	0.5
4017	NNACGCGTGCATCANNAGTAGTTAACCGNN	0.5
4018	NNCACGTGGCGTTANNATCGATGTCCATNN	0.5
4019	NNGTCGCGAAGTTGNNCAGTATATACGCNN	0.5
4020	NNGTGTGCTGCGTANNCAATATGGCATGNN	0.5
4021	NNTGCTGTCGCGTANNAGGATACACTGTNN	0.5
4022	NNAGCGCTGTGCATNNCTGTAGATCAGTNN	0.5
4023	NNTGATGGCCTCCTNNCTACAGTACAACNN	0.5
4024	NNGCGGAGAATGACNNTATAACGACCAGNN	0.5
4025	NNGCGTCTGACTTGNNTATGTCGTAGTGNN	0.5
4026	NNCTGAGGTCAGAGNNCTGTCACTGATANN	0.5
4027	NNTGCTGTCTGCTGNNTGTCTTCACAGTNN	0.5
4028	NNATTGAGCGCGCANNTGTCTCTTCATGNN	0.5
4029	NNGTGCTGAACGACNNGCGCTTAAGAATNN	0.5
4030	NNCTAAGCAGTGGCNNTGATTAGACGTGNN	0.5
4031	NNCGCTGCAGATGTNNACAAGGAATGCANN	0.5
4032	NNCGGCTGCAGTATNNGTAGTCTATACGNN	0.5
4033	NNCACGCAGAACCTNNAGAACGTGAGATNN	0.5
4034	NNGTTGTGCGTCCANNCAATACTTCGAGNN	0.5
4035	NNATCGCTAGAGCGNNTGAGCTATTCACNN	0.5
4036	NNCGTAGGACTTCGNNACGTTACTAGCTNN	0.5
4037	NNACTACTCCAGCGNNTAGGTGTTAAGCNN	0.5
4038	NNGTTCAGACCGACNNCAGTCCATTCATNN	0.5
4039	NNCGATATGGAGCGNNCACCATGTATCANN	0.5
4040	NNCGGTGTTCACCTNNTGTCCAACGTTANN	0.5
4041	NNTACTTGGAGCGCNNATGGTAGAACTGNN	0.5
4042	NNCTGCGCACTTGANNTATTCGGCGAATNN	0.5
4043	NNGTAAGCAGCTCGNNCACGATGCATATNN	0.5
4044	NNGTCGATTGGTGCNNCTTACCGATAACNN	0.5
4045	NNCTGCTCGTCTGANNACTATAGCTACGNN	0.5
4046	NNGTGTTCGTCGGANNTACTCTTCTCGTNN	0.5
4047	NNGCAGAACCGAGTNNTAGGTCGTATACNN	0.5
4048	NNCAGCGACTGAACNNCACCTGTATATGNN	0.5
4049	NNTAGGCGCACACANNGCACTAACAATCNN	0.5
4050	NNCAGAGTGCAGACNNTGGCCAATTCATNN	0.5
4051	NNCAGGAGAAGCTGNNATCCGCTGTTATNN	0.5
4052	NNGCGTGGCAATCTNNCTTACGATCGATNN	0.5
4053	NNCGGTCTGACTACNNTGGACCATATCTNN	0.5
4054	NNGTGGACAGGCATNNCTTGTCTCCTATNN	0.5
4055	NNCGGAGGCTTACTNNACTAGTTGCTCANN	0.5
4056	NNTACCATCGTGGCNNTACATGCCGTTANN	0.5
4057	NNCACCGTTGTACGNNGTGTCTTGACTANN	0.5
4058	NNCGATGCTGACTGNNGTTGAGGTGATANN	0.5
4059	NNGTTACGCAGACGNNTACGATATCTGCNN	0.5
4060	NNTACGCGCAACACNNACTACCATCTTCNN	0.5
4061	NNTGAGCCTGATCGNNTAGCAGTTCGATNN	0.5
4062	NNACGTTAGGCGACNNTATGAGGCAACTNN	0.5
4063	NNGCAGGTGGAAGANNTGGTACTGTATGNN	0.5
4064	NNGCCTTCTTAGGCNNAGTCTACCGATANN	0.5
4065	NNCAAGTAGCGCCTNNCATGCATGAACANN	0.5
4066	NNCTGCTACACACGNNATGCCTATAGCANN	0.5
4067	NNCGGTGCGTATAGNNGCTCAATCTCTANN	0.5
4068	NNACGAGCCACTTGNNATATACTACGCGNN	0.5
4069	NNGCAAGACTGAGCNNCTATAGCTGACANN	0.5
4070	NNCGCGTACTCTCTNNCAATCGACTACTNN	0.5
4071	NNGCCGCTTCACTANNCACGTACGATTANN	0.5
4072	NNCTAAGCTGAGCGNNCAGCTCAATATGNN	0.5
4073	NNTAACTGGCGCTCNNTACGGTAAGAACNN	0.5
4074	NNCATGACTGCGACNNCGTGTTATTGCTNN	0.5
4075	NNTGGCCGGTAAGANNAGTGATGTCCTANN	0.5
4076	NNAGGCATCAACCGNNATCACGATTCTGNN	0.5
4077	NNGTTCGATGACCGNNACTGGAACTCATNN	0.5
4078	NNTGATGAGTGCGCNNCATGCATATCCANN	0.5
4079	NNGTCAGTCGGTCANNAGAGCACTATGTNN	0.5
4080	NNAGGTCGCTGAGTNNACAACATCAGTCNN	0.5
4081	NNGTACAGGCTGCANNACCGCCATAATANN	0.5
4082	NNCGTTCTCCGTGANNTGCAAGGAACATNN	0.5
4083	NNTAACGCAAGGCGNNGTGTCATTGGTANN	0.5
4084	NNGTACGACCTGACNNGCAGATTAACAGNN	0.5
4085	NNGCCATCACACTGNNCATCTCACATGANN	0.5
4086	NNCTGTCAGCTGCANNATGGTTCCAAGTNN	0.5
4087	NNCAGAGACAGGAGNNTATGGTCTACTCNN	0.5
4088	NNAGTGCCAGTTGCNNATGAGTCGATTGNN	0.5
4089	NNCGTTGGCGAACANNCATATCTAGAGCNN	0.5
4090	NNGTAGTCGCCAAGNNACACTTAGCTAGNN	0.5
4091	NNAGCGAGTCTCACNNACTTGCTAACGANN	0.5
4092	NNCGAGTGGACTACNNCGAACGGTTAATNN	0.5
4093	NNTGGTACACTGGCNNAGTCTAATGACGNN	0.5
4094	NNATGCCGACAAGCNNAGAGCAATCATGNN	0.5
4095	NNCGGCTGTCTCTANNATCTAGTGACAGNN	0.5
4096	NNCGCCACAACAGANNCGCTATATGACTNN	0.5
4097	NNGCGCTCTCAATGNNGTAATGAGCTCANN	0.5
4098	NNCATTAGTGCGCGNNACGTTGATCACANN	0.5
4099	NNACGCCGATATCGNNGCTCAATCATTCNN	0.5
4100	NNCGAACGGCATCANNATTCAGGAGAAGNN	0.5
4101	NNACCGCGAACAACNNCTGTAGATTGTGNN	0.5
4102	NNGCGTTCTGGTACNNATAGGCTCTGATNN	0.5
4103	NNAGCCACCGAAGTNNTACTTCGTCAGANN	0.5
4104	NNCTGCCTAGCATCNNCTACCAAGAGATNN	0.5
4105	NNCACAGTGCCACTNNGCTAAGTAGACTNN	0.5
4106	NNTGGCCTGTGACTNNCATTAGCTCTAGNN	0.5
4107	NNCGTAACGGTAGCNNATAGAATCGCCTNN	0.5
4108	NNGCATCCTTGCCTNNATGCTCTTCTACNN	0.5
4109	NNGTTGAAGCGCAGNNTACTCCTGGTATNN	0.5
4110	NNGCGTAGGCATGTNNGCAACATAGAGTNN	0.5
4111	NNATGTGGCCGTCTNNCTTAGAGACAGANN	0.5
4112	NNATTCCGGCTTCGNNCAAGAGTAGTGANN	0.5
4113	NNTGGACCGTGTGANNCTGTTAACCGATNN	0.5
4114	NNCACACGTGGAGTNNTGACTACTGAAGNN	0.5
4115	NNTAGTCAGACGCGNNGTCTTAGTGCATNN	0.5
4116	NNGCGCTGAAGATGNNGTGACTAGAATGNN	0.5
4117	NNTGACGCATTGGCNNAGCACGGAATATNN	0.5
4118	NNCGAGCGTTGTGANNAGCATTGCTATGNN	0.5
4119	NNAGTGGTAACCGCNNCTGTAACATAGCNN	0.5
4120	NNTGGATCCGTGTGNNCTTGAATGACTGNN	0.5
4121	NNGCAGCAACGTTCNNATATGAACACCGNN	0.5
4122	NNCACCGTCATGACNNGTTAACACCTCANN	0.5
4123	NNGCACCACAGCTANNACTCGGATTACTNN	0.5
4124	NNCTGGTTGCAGGANNGCCATGGATTATNN	0.5
4125	NNAGTCGAGTCGTGNNGTGCGTACTAATNN	0.5
4126	NNGTCTTGTCACGCNNGTTCTGTATCAGNN	0.5
4127	NNCAACTTCGCCTCNNATACTGTAGCCTNN	0.5
4128	NNTACACTGGCGTGNNCTAACACGTATCNN	0.5
4129	NNTGGTGCACACGANNCAATCAACGTACNN	0.5
4130	NNCGTGCTAGGTAGNNGCTATGTAGTTCNN	0.5
4131	NNGTAGCGCTGATCNNTAATAGAAGGCGNN	0.5
4132	NNGTGTTCCGAGGANNATGTCCATTGGANN	0.5
4133	NNACGGATGCGTCTNNCATACGATTCCTNN	0.5
4134	NNGTGTCTTCGCTGNNAGTTCAATCGACNN	0.5
4135	NNGTCGATTCACCGNNGTCTTGGTATCANN	0.5
4136	NNAGAGCACCGACTNNTGAACCTCACATNN	0.5
4137	NNCGTGCATGCTCANNAGGTCTATTCAGNN	0.5
4138	NNTACACTCGCCACNNAGTTATCAGCCTNN	0.5
4139	NNGTGTAACGCGCANNCTTCTGAATCCANN	0.5
4140	NNGTGGTGAGAGGANNACACTACTCACANN	0.5
4141	NNGTTCCGCACATGNNACTCTATACGACNN	0.5
4142	NNAGCGTCAAGCACNNTAACGAACGTGTNN	0.5
4143	NNAGATGGCCTGTGNNCACCATCTAATCNN	0.5
4144	NNACAAGGCCTGAGNNTAGGTTCCATTCNN	0.5
4145	NNACTCCAGTCGGANNCATCCGATTATCNN	0.5
4146	NNCAGCTCCACAACNNCGTCTCCTTATANN	0.5
4147	NNAGGCGGCATACTNNTGCAGTATTGTCNN	0.5
4148	NNGTTCGCTCACCANNGTGTGACAATTGNN	0.5
4149	NNTACCGTTGCGCANNTGCTCACTCTTANN	0.5
4150	NNGCTGTGACTCACNNAGGAAGAATCTGNN	0.5
4151	NNCTGGCACAAGGANNAGTCTCATGTTGNN	0.5
4152	NNCATCGTCGGTGTNNACTACTTGAACGNN	0.5
4153	NNTGACTCGCCAACNNTGACGAGATCATNN	0.5
4154	NNCGTGCTACACTGNNATTGAAGAGTGCNN	0.5
4155	NNTGTCGGCGACTANNTACTAGTTCGTCNN	0.5
4156	NNGCTACTGGCACANNACCTAACAAGTGNN	0.5
4157	NNAGGCACCAGTTGNNATCTATCCACGANN	0.5
4158	NNGCTGCGGTTAAGNNTAATCTGAACCGNN	0.5
4159	NNCACGATCCGTTCNNCGTAACTGATTGNN	0.5
4160	NNCAATCAACGCCGNNGTTGTAGTTACGNN	0.5
4161	NNATACGGCGCCTANNCATTGTTGCTCTNN	0.5
4162	NNAGGTGGACACCANNACAACCAGTATCNN	0.5
4163	NNTGCCTCCTTGCTNNAGAACTAGTACGNN	0.5
4164	NNTGCCAAGTCACGNNCAGCTTACGTTANN	0.5
4165	NNCACGTGCTATCGNNTAACGCGATCTANN	0.5
4166	NNATGGACAGCACGNNGCTGATGCTAATNN	0.5
4167	NNGTTACACACGCGNNATTACCATCACGNN	0.5
4168	NNGTGGTAGATGCGNNCTGACGTATAACNN	0.5
4169	NNGCATCTGGACGANNTGCGACAATTCTNN	0.5
4170	NNGTTCAGGCTTGCNNGTCTTGTACTTGNN	0.5
4171	NNGCGAGGATTCCTNNGCGCAATAATTGNN	0.5
4172	NNCAGCAGGTAGACNNTGGCAGAGTAATNN	0.5
4173	NNCGGAACAGACCTNNGTATCTAAGCCANN	0.5
4174	NNTGGAGCTACTCGNNAGACTGATCCATNN	0.5
4175	NNTGATGCGAGCAGNNTAGAAGAACCTGNN	0.5
4176	NNGCCGTTGTGAACNNAGCAATTCTGGANN	0.5
4177	NNCGTGAGACGTTCNNACCAGGAACTTANN	0.5
4178	NNCGCTGAGGATACNNATATGTCCTCCTNN	0.5
4179	NNCAGCTATGCCGANNCTTCATGATGACNN	0.5
4180	NNGTATGCTCACGCNNTAACCTTGTCAGNN	0.5
4181	NNTGCGTCTCAGGANNAGGCGCATTATANN	0.5
4182	NNGCCGTCTCTCATNNGTAACTCATGAGNN	0.5
4183	NNGCTCGGATCTTCNNTGTTATGTGCGANN	0.5
4184	NNAGGCCACGATAGNNACTGAGGTAATCNN	0.5
4185	NNCTGGTAAGCCGTNNCATAGGAGAAGANN	0.5
4186	NNCGCGTGAGAATGNNGCATATCATCCANN	0.5
4187	NNTGGACGGTGGATNNTGTGCTACTATGNN	0.5
4188	NNCGCCTAAGTGCTNNTACTCATCCAACNN	0.5
4189	NNCGCCGAATTACGNNTAATAGGTGCACNN	0.5
4190	NNACCGTGAGAGCANNCAATCTAGGTGTNN	0.5
4191	NNGTCCGACAAGCANNTGCCTCTTATGANN	0.5
4192	NNCTACGTGGAGAGNNTACCTAGATCGTNN	0.5
4193	NNAGACTCGCTCTCNNTGAGATTGTCCTNN	0.5
4194	NNATGGTGCGACTCNNACTATACTGCGTNN	0.5
4195	NNCGCGTCATCATCNNACCTCCGAATTANN	0.5
4196	NNACCTACCAGCCANNGCGGTTGTATTANN	0.5
4197	NNCAGGCATGTGCTNNACATACAACCTCNN	0.5
4198	NNACCGGATCGACTNNAGTGGTTCTATGNN	0.5
4199	NNTGTCCGCTGTGTNNCAGAAGATGATCNN	0.5
4200	NNCTGCTCGAACGTNNCAACATTCTTGCNN	0.5
4201	NNGCTGCTAGTAGCNNACGGTTAGGATANN	0.5
4202	NNGTACCGGCTAACNNACAAGGTTGGTANN	0.5
4203	NNGCAGTAGCTCGANNGTCTAAGAAGTGNN	0.5
4204	NNACACGAAGCGGANNTATAACCAGCGTNN	0.5
4205	NNAGGAGAGAGCGANNCTAACACTTGCTNN	0.5
4206	NNACAGAGGAGCGTNNCTAAGACGAGATNN	0.5
4207	NNGTACAGTCGGACNNAGCATCGAGAATNN	0.5
4208	NNCAATCGCGCCATNNTGACGAACTAGTNN	0.5
4209	NNCTGCACATCACGNNCTACATTCGTACNN	0.5
4210	NNACTCACCGAGAGNNATCGCAATCTTGNN	0.5
4211	NNGCTGCATCCGTANNTAAGGAGAGTGANN	0.5
4212	NNCGTGGTTCTGTCNNTAATCTCTCAGCNN	0.5
4213	NNCTTGGTGCTTCGNNTAACCATCCTTCNN	0.5
4214	NNGCAGGTCAGAAGNNTAATGTGCTCAGNN	0.5
4215	NNCAGCACCTATCGNNATCCAGAATGCANN	0.5
4216	NNACATCGCCACTGNNAGTAATCCGAAGNN	0.5
4217	NNCGACAGGACTAGNNCGTAGCACTAATNN	0.5
4218	NNCGGTACGATGGANNCTAATGGCTACANN	0.5
4219	NNCGAGAGAGCTTGNNTATATCGCGCTANN	0.5
4220	NNGCAGTTCGCCTANNATGCGCATAACTNN	0.5
4221	NNTGCAAGCCGAGTNNCAGAATTCGTGTNN	0.5
4222	NNAGGAGTTGCTGCNNACGACTACACATNN	0.5
4223	NNCGCACAATGTGCNNATAGGCTGACATNN	0.5
4224	NNAGCAACGCAGTGNNGCCTTCTGATATNN	0.5
4225	NNCGTGTGCTACGANNCATACCATAGAGNN	0.5
4226	NNCTAAGGTGCGAGNNTGGATCCAATCANN	0.5
4227	NNCAGACCTGCTTCNNATCTCATGAGGANN	0.5
4228	NNACACCGGCTTGANNCTTGTGAAGCATNN	0.5
4229	NNGCAGGACATGTCNNACAAGGTACACANN	0.5
4230	NNCTTCGTACGCACNNCACTGTTGTTACNN	0.5
4231	NNCTGGAGTTCTGCNNAGTAATTGCGCTNN	0.5
4232	NNCACCAAGCGACANNATGGTAGCATAGNN	0.5
4233	NNCACGTGCTTCTCNNCTTAAGTGACCANN	0.5
4234	NNCATAGGCTCGACNNTGGACGAACTATNN	0.5
4235	NNACAGAGAGGCACNNTGCGGACAATATNN	0.5
4236	NNCGATCCTGGTAGNNTAAGTCCGATTGNN	0.5
4237	NNAGAGCTGGTTCGNNTGGTGTGGTAATNN	0.5
4238	NNCACGGTTGGAACNNAGTTAGCCATAGNN	0.5
4239	NNTGGAGCACCGATNNTGCTGGTAATTGNN	0.5
4240	NNCAGTACGCAAGCNNCGGTATATGAACNN	0.5
4241	NNCACGGAGGATAGNNGTGATCAGTTCANN	0.5
4242	NNAGCTTCTCGCAGNNCTTCTTACACGANN	0.5
4243	NNCTTATACCGCGCNNAGATGCATTGCTNN	0.5
4244	NNTAGACCAAGGCGNNCTACTCTCTCATNN	0.5
4245	NNCATCCACCTCTCNNTGAATTGGTCAGNN	0.5
4246	NNCGGTGTTACACGNNGTATCTAGGTAGNN	0.5
4247	NNCAGACCGCCAATNNCAGTCATTGATGNN	0.5
4248	NNCGGTACCATCACNNTATCTCTGTTCGNN	0.5
4249	NNCAGCAAGGCATGNNTATCTTGTTGCGNN	0.5
4250	NNACCGGAGTGCTANNCATGCTTAAGGANN	0.5
4251	NNCGTCTTGCCAAGNNTGCTATGCTCATNN	0.5
4252	NNACTAGCGAGCTGNNTATGCTAGAAGCNN	0.5
4253	NNGCTTCCTACGAGNNCTTAGTCACACANN	0.5
4254	NNATGCACGAGCGANNTAGCAGTAGATGNN	0.5
4255	NNTGCGGCCTTGATNNAGCTTATAGCCANN	0.5
4256	NNGCACCAACCATGNNATCCTCTTCACTNN	0.5
4257	NNCAGAGAGAACCGNNCACAATTCTGCTNN	0.5
4258	NNGCGTACAAGCGTNNTACCGAGAATGANN	0.5
4259	NNATCGGCAGCACANNAGGCATCTAATGNN	0.5
4260	NNGTTCACCGCAGANNAGACAGTGAATGNN	0.5
4261	NNTATCGCGTCTCGNNTAGCTCAGTAGTNN	0.5
4262	NNATGGACCAACGCNNGTAATAGCGTAGNN	0.5
4263	NNTGGTAGAGCCACNNGTTATCTGAGTGNN	0.5
4264	NNCGGTATGGTGTCNNGTCGACAGATATNN	0.5
4265	NNCGGCTCGAATCTNNAGGTTATGTGCTNN	0.5
4266	NNGTGTACGGAACGNNAGCCTATCCTTANN	0.5
4267	NNTGGCACGGATAGNNACAACTCGGTATNN	0.5
4268	NNGTGGATTGCGAGNNGTTCAGTTCAAGNN	0.5
4269	NNGTACGGCTAGACNNGTCAGTAGAAGANN	0.5
4270	NNATTCGCCGGTGTNNCACTTAGTACGTNN	0.5
4271	NNCAGAGTTCCAGCNNAGATCTACGTTGNN	0.5
4272	NNATGGACGTCGGANNTAGATCATAGCGNN	0.5
4273	NNTAGCCGTCCGTANNAGTTCTCCACATNN	0.5
4274	NNAGAGGACCGTTCNNCTTGGTTAACGTNN	0.5
4275	NNCAGTGCCACTGANNGTGAAGTTAGAGNN	0.5
4276	NNTGCGAAGCCAAGNNCTTACCGGATATNN	0.5
4277	NNCTGCACAAGCTCNNCGTTAGTTACGANN	0.5
4278	NNCAGTCCTTCGACNNGTGCTTACTTACNN	0.5
4279	NNATGGCCTAGCAGNNTGAGGTCTATACNN	0.5
4280	NNGCTCGGAACATGNNCAGATGAGATCANN	0.5
4281	NNTGATGCGCGTCTNNCTTAACTAAGCGNN	0.5
4282	NNAGTCTGTGCGCANNTGATCGCTTACTNN	0.5
4283	NNCGTGACTCAGACNNCACTGCACTATANN	0.5
4284	NNATTGGCCGCTCANNCGGTTGCTATATNN	0.5
4285	NNTGGACTGCTGGANNCTGCGTATAAGTNN	0.5
4286	NNAGCGCACGCTATNNAGCTCTAATCCTNN	0.5
4287	NNCTACAGCAAGGCNNCGTTATCGTAAGNN	0.5
4288	NNGCACGTCTCTCANNCATTAGGTCAGANN	0.5
4289	NNCGACTGATGTGCNNTACCGACAGAATNN	0.5
4290	NNGTCCAGTCTGAGNNATCTATCGGCTANN	0.5
4291	NNGTCCGTGGTTACNNGTGGTTCCAATANN	0.5
4292	NNGTGAGGCCAATCNNCTAGGAACGATANN	0.5
4293	NNTACGCTCTTGGCNNACGAGACTATGTNN	0.5
4294	NNTAGCTCAGCACGNNATGAACATCCTGNN	0.5
4295	NNCGGTGCTGAACANNACTGATTAGGACNN	0.5
4296	NNTAGGCAGAGGAGNNTGATGTCAACAGNN	0.5
4297	NNATACTACGCCGCNNCAGAACTAGGATNN	0.5
4298	NNAGCATTCGCCTCNNAGAAGGTGTTCTNN	0.5
4299	NNCACCAACGCTCTNNTGATGTGTAGACNN	0.5
4300	NNAGACGTCGACCTNNTGTAGATCTCCANN	0.5
4301	NNCGTACGAACTGCNNTGTGTTCTCTAGNN	0.5
4302	NNCTGCGAGGTGTANNTAGTGTACCTTGNN	0.5
4303	NNATCGTCTTGCCGNNCATGATGTAGCTNN	0.5
4304	NNCAGGTCCGTATGNNCTATAGTCCAGANN	0.5
4305	NNCAGTGCCATGCTNNCATCATACCTTCNN	0.5
4306	NNACACTCCTACGCNNCACTAACTCTACNN	0.5
4307	NNAGCAGAGCGACTNNCTATTAAGGTGCNN	0.5
4308	NNACAGCCTGCTTGNNACAGGCGTTAATNN	0.5
4309	NNACGGTCAGACCTNNGTCTAGAGATGANN	0.5
4310	NNACGACCACACTCNNGCAGTATAGTTGNN	0.5
4311	NNTAGCGGAGCTGANNAGCAGTTAGAGTNN	0.5
4312	NNGCAGCTTAGCGTNNAGCTGATGTTCANN	0.5
4313	NNCGAAGAATCCGCNNGTTAGTAAGGACNN	0.5
4314	NNATTCGCGCCATCNNATTAAGCTTCGCNN	0.5
4315	NNAGCGCCTACATCNNACACAGAACTGTNN	0.5
4316	NNTGCTGCTCCTACNNACAAGTCTTCCTNN	0.5
4317	NNGCCGCAGATAAGNNACAGTCGACTTANN	0.5
4318	NNGCTCTCACTGTGNNACAGAACAGCTANN	0.5
4319	NNAGCGTTATCGCGNNCACATGTACTCTNN	0.5
4320	NNACGTGGCAACGTNNTGATATGGAGGANN	0.5
4321	NNGTGCTTCAACCGNNAGCATAGGAACTNN	0.5
4322	NNCATACGGTCCGTNNATTGCCTGTGTANN	0.5
4323	NNCTTGGCAAGACGNNTATACTGTCCTCNN	0.5
4324	NNTGACACTCCGGANNATAACCAAGCCTNN	0.5
4325	NNTGACTCGATCCGNNAGGAACCTATACNN	0.5
4326	NNCGTTCGAAGTCGNNATATGTAACGCGNN	0.5
4327	NNGTCCTACTCGACNNGTAATCGTTGTGNN	0.5
4328	NNAGCGAGAGCAACNNCAATACCACTAGNN	0.5
4329	NNTAGAACCGGAGCNNATCCAATCGTCANN	0.5
4330	NNACGTTCGAGTGCNNTGTAATGCGTAGNN	0.5
4331	NNAGCCGCAATGACNNCTATACCATGCTNN	0.5
4332	NNAGCGATGTGGCTNNCACTATGAGTAGNN	0.5
4333	NNCTGTACGGCAACNNACACTACCTGTANN	0.5
4334	NNGCTAGGCTTGTGNNAGGATGGAATAGNN	0.5
4335	NNGTCGGATGTCTCNNCATTAGTTCGACNN	0.5
4336	NNGCCACCGAATAGNNCGTCTAATAGTCNN	0.5
4337	NNTACGGACGTCGANNCAATGAACACTGNN	0.5
4338	NNACTGAGCCTCAGNNCTTAGTAGCATGNN	0.5
4339	NNCTAACGTCGGACNNAGAGAGTTAAGCNN	0.5
4340	NNGCGGCGTAGAATNNCTGTATGTGTGTNN	0.5
4341	NNTGCCACTTGCGTNNTGAGTCCTAACTNN	0.5
4342	NNGCGGATACCTCTNNCGATGAGAATTCNN	0.5
4343	NNATAGTGCGACCGNNGTGTAGTTGGATNN	0.5
4344	NNAGGCATGAGGTGNNGTCATTGTACGANN	0.5
4345	NNATCGTCGACCTGNNCTTCACAGAACANN	0.5
4346	NNCAACCAACAGCGNNCTTGAATACTCGNN	0.5
4347	NNGTCAGGCATCTCNNGCGTCTATCATANN	0.5
4348	NNCATCCGGAACTGNNCTTCCTTGATACNN	0.5
4349	NNGCTGCCTGACATNNTAAGACGGTGTANN	0.5
4350	NNATGAGGAACGGCNNAGGTATCGGAATNN	0.5
4351	NNCGACAACGTCTGNNAGGTATCCTCTANN	0.5
4352	NNACTGGTCGGTTGNNACTTCGAGCATANN	0.5
4353	NNCTTCGCGTTGACNNGTGTGAGTAATGNN	0.5
4354	NNCACTCAGGAACGNNCAACGCCATTATNN	0.5
4355	NNTGGTCCGTAGCANNCGCATATGTTACNN	0.5
4356	NNCATTGACGCAGCNNCATCAATTAGCGNN	0.5
4357	NNCGCACGTGTTCANNTGGATACCATCTNN	0.5
4358	NNGTGCTATCGCGTNNAGGTACTATGCANN	0.5
4359	NNAGATGCTTCGGCNNGTCAGATCATTCNN	0.5
4360	NNTGCCGCACTATCNNCTATTGTCGTAGNN	0.5
4361	NNCTGCAGGCAAGTNNAGATGACGATCANN	0.5
4362	NNAGCGCTTGGAAGNNCTAACGTAGGTANN	0.5
4363	NNCTAGCTTAGCGCNNCACCGATCATATNN	0.5
4364	NNGCGGAGTAACTCNNTGACTAGATCTCNN	0.5
4365	NNAGCAGTCTGCGANNCGAACAACAGTANN	0.5
4366	NNATCTTCCGGCGANNGTAGTAGAGAGTNN	0.5
4367	NNAGACGTGCCTCANNTGTGATGAGACTNN	0.5
4368	NNCGTATGGCAGGANNACATCTAGTGTGNN	0.5
4369	NNATGGTTGCGCCANNGCAATCATGTCANN	0.5
4370	NNTGACAAGGCCTGNNCGAGAATAGTCANN	0.5
4371	NNTGCCGTACCACANNCTACCTATCATGNN	0.5
4372	NNAGCCAATGGCTCNNCATATCCTCAGANN	0.5
4373	NNCAGGCACTTGCANNATGATGTCGACANN	0.5
4374	NNCGTTGCGGACTANNAGAGTTGTTCTCNN	0.5
4375	NNGCCGTGTTCTAGNNATTGCTGAGACTNN	0.5
4376	NNCGCCAACCAGTANNATATAGCGTCAGNN	0.5
4377	NNTAGAACGCCGTGNNATGCGATCAACTNN	0.5
4378	NNCTGTCTGCGAACNNATCCACCTGTTANN	0.5
4379	NNGCCACCATAGAGNNCGTTGTAGTTCTNN	0.5
4380	NNATGAGCTGTCCGNNTGATAGCTAGACNN	0.5
4381	NNCGTGTCGCCTTANNGTGCTTCTTACTNN	0.5
4382	NNCACCTCGATCAGNNAGTTGCAAGTAGNN	0.5
4383	NNGCGGTGATGAAGNNAGACAGTACTTCNN	0.5
4384	NNAGTGACGGCAACNNTACATAACGGTGNN	0.5
4385	NNACGTAGGCTGCANNTAATAGCGCAACNN	0.5
4386	NNGTCCGAGTACAGNNACATCATTCGCANN	0.5
4387	NNGTACGTCGGTGANNATGTCTTGTGCANN	0.5
4388	NNCGAACTGGACGANNAGAACGTTGTAGNN	0.5
4389	NNCAGCGGATCATCNNATTGGCGGATATNN	0.5
4390	NNGCAAGTCGCGATNNACTCAGGTCATANN	0.5
4391	NNCATCAGCGTTCGNNACGGATACTCTANN	0.5
4392	NNGCAGATCTCCTGNNATTCGCTTAGCTNN	0.5
4393	NNCAGTATGACGGCNNATATGTGACAGCNN	0.5
4394	NNGCTAGCGAATCGNNACCTCCAACAATNN	0.5
4395	NNTGTGGTACGTCGNNCATCTGACAGATNN	0.5
4396	NNCACTTACGCGAGNNACACTTCTAGTCNN	0.5
4397	NNGCAGCGATTGTCNNCGGATCTATAGTNN	0.5
4398	NNGCACAATCCACGNNTAGATGGCATCTNN	0.5
4399	NNTAACGCTGCGAGNNGTGTTGAATAGCNN	0.5
4400	NNACGGCTCGATTGNNCAAGTAGTGATGNN	0.5
4401	NNGTCCACCACAAGNNTACTGAACACTCNN	0.5
4402	NNGTCGTGTCGGATNNAGCTAACCAACANN	0.5
4403	NNACCATAGACCGCNNATAGTTCGCATCNN	0.5
4404	NNTGGCAAGGCTCANNCGAGAGTATAAGNN	0.5
4405	NNTGCGAATGCTGCNNCAATGCTGAAGTNN	0.5
4406	NNGTGGACTTGACGNNTACTCCAAGAACNN	0.5
4407	NNACGTTCAAGGCGNNTGAGATAAGCTGNN	0.5
4408	NNGTTCCGTTACGCNNACATCGTACAGANN	0.5
4409	NNGCGACATCGTTGNNGCCGATGTAATANN	0.5
4410	NNCGTCACTTCTCGNNCAATGAATCGTCNN	0.5
4411	NNCAAGAGGCGCTANNCGTATAGAGTTCNN	0.5
4412	NNACGACAAGGTGCNNTGATAACTGCCANN	0.5
4413	NNGCTCGATGTCACNNTGCGATTCTAAGNN	0.5
4414	NNGTCGACGACAGANNTGGATGGATAGTNN	0.5
4415	NNTGGTGACAGGTGNNCATCATGTGTAGNN	0.5
4416	NNACTCCAAGGCACNNCATGGCATTCATNN	0.5
4417	NNTAGTTGCGGCAGNNATTCATCGCTACNN	0.5
4418	NNAGCAACTGCAGCNNTAAGCTGGAATCNN	0.5
4419	NNTATGCCGTCGTCNNAGCTATACAGCANN	0.5
4420	NNTGGTCTTGGCTCNNCTTAGCTAAGGANN	0.5
4421	NNCGCCTGTTCTGANNACTACTTACCAGNN	0.5
4422	NNACGATGCGAGCTNNTGCTCTGTAACANN	0.5
4423	NNGCTCAGTGTTCGNNTAACCAGAGTTCNN	0.5
4424	NNGTCGGTGAGATCNNAGAATCTAGGAGNN	0.5
4425	NNTACCGCGTGAGTNNCATTCCGTTGATNN	0.5
4426	NNCGCATCACACCTNNTAACCTGTGCATNN	0.5
4427	NNCGCGGCGTTAATNNCTAATCACTCGANN	0.5
4428	NNAGGACTGCACCTNNAGTCATGCGATANN	0.5
4429	NNCGCTTCACAACGNNTGAACTGTGTTGNN	0.5
4430	NNACTTGACGTGCGNNACTGTAGTTCCTNN	0.5
4431	NNCTGTTGTCCTCGNNTGGAGTCAATACNN	0.5
4432	NNCTGACGCCTATCNNGTCAATACGTGANN	0.5
4433	NNCGCAATGGAGTCNNAGCAGTTCTTGTNN	0.5
4434	NNGTGAGTACCGCANNTGGTTCGTATGTNN	0.5
4435	NNGTGGCCTACTTGNNTACTGGTAGGTANN	0.5
4436	NNACGTGACGGTTGNNTACAGATGTGACNN	0.5
4437	NNGTGGACGAAGTGNNGTATGTATCGAGNN	0.5
4438	NNACGTCGTCGCATNNACTACTTGCGTANN	0.5
4439	NNCGTTGAGTGCACNNAGCAGTTACGTANN	0.5
4440	NNCGTAGAACCGACNNTACATGGCGTATNN	0.5
4441	NNCGTGCTCTCAAGNNTGTGATTCGTTGNN	0.5
4442	NNCTTGCGTCATCGNNTGTTCATTCGTCNN	0.5
4443	NNGTAAGACCGACGNNACTGTACGTTAGNN	0.5
4444	NNAGTGACACCGCTNNACTGTAACAAGCNN	0.5
4445	NNACGTCCGCCAATNNTAGTGTGAGGATNN	0.5
4446	NNCAGAGTAGACCGNNGTGGTAAGTAGANN	0.5
4447	NNAGTTCGGTGAGCNNTGGATTAACGCANN	0.5
4448	NNTACGTGCCGAGTNNACTACTATTCCGNN	0.5
4449	NNCGTACTCGACAGNNACCATTAACCGANN	0.5
4450	NNACTGCCACGGTANNATGCAACTGCATNN	0.5
4451	NNACGTGAGCTACGNNTACCGTTACTACNN	0.5
4452	NNGTGAGCGGAACTNNGTGACGTAGTTANN	0.5
4453	NNCACTGATCAGCGNNGCCTTGATAATGNN	0.5
4454	NNCTAGGACGTGACNNACATGAGGATGANN	0.5
4455	NNCGCGTGCAGAATNNCATGATCCACATNN	0.5
4456	NNCTGACGTGGCTANNCGTGATTATTGCNN	0.5
4457	NNCGACCGTATGGANNCTACTACTCAAGNN	0.5
4458	NNCGATGTGTGTGCNNATCACAACTAGCNN	0.5
4459	NNCTGGCGTTCGATNNTAGGCTAAGTCANN	0.5
4460	NNGTCAGTTGACCGNNGTATGATTCCACNN	0.5
4461	NNCGACAACCGAACNNATCGCTTCACATNN	0.5
4462	NNGTTCCGAAGCCTNNATACTGTACGCANN	0.5
4463	NNGCTAGACCACCANNTACGAGAATGCTNN	0.5
4464	NNGCTGGTTCTAGCNNGCGAGTACTTATNN	0.5
4465	NNCACGTTCGGTGANNACGAGTCAACATNN	0.5
4466	NNGTGAAGGCACTGNNTGAGCATCATTCNN	0.5
4467	NNAGTGCAACCGGANNCGTCTAGAGATANN	0.5
4468	NNTGTCACGTGGACNNTGGCTCGTATTANN	0.5
4469	NNAGTGATGCCACGNNGCTCTAATCACTNN	0.5
4470	NNACGTAGGACTGCNNCTACTGAGCTATNN	0.5
4471	NNCATGGCGCTTGTNNACGCTAATACACNN	0.5
4472	NNGTGGTCGGATTCNNATGCCGTATACTNN	0.5
4473	NNGTGAGCCTTCTGNNGTAACTTCACCTNN	0.5
4474	NNTGGTCTTGCGCTNNTACGACTTAACGNN	0.5
4475	NNGCCGGTTCATCTNNCAGCAATCAAGTNN	0.5
4476	NNTGACCTGTCGCANNACGTGTATACCTNN	0.5
4477	NNCTGGTGGCGTATNNACGATAGAGCTANN	0.5
4478	NNATCCTGAGCCGANNACAGTCAGTTACNN	0.5
4479	NNAGCCATCTGCGTNNCATCTAGCTCATNN	0.5
4480	NNGTTGCGTCCAAGNNACACAGATGTTCNN	0.5
4481	NNGTGAGGCATGTGNNTACTCCTAGACANN	0.5
4482	NNACCGTGCGTTCTNNAGAAGCATCACTNN	0.5
4483	NNGCAGAATCGCGANNTATCAGCGTTACNN	0.5
4484	NNAGCGATTGACGCNNATGTATGTCCGANN	0.5
4485	NNAGCGTGCTACTGNNCACTGTATAGCANN	0.5
4486	NNGCAGCACTCTTCNNGTAGAACAAGCANN	0.5
4487	NNCGTTCGATGCTCNNATAAGTACGGTGNN	0.5
4488	NNCTATTGGTCCGCNNGTCTATATCCAGNN	0.5
4489	NNCTGAAGGCACCANNACACAGGAAGTANN	0.5
4490	NNCATCACGCGTCANNGCGATTAACTAGNN	0.5
4491	NNCAAGTGTCCTGCNNCGGACATATTAGNN	0.5
4492	NNCACGGACTAGTGNNCACGTATACTAGNN	0.5
4493	NNAGGACTGGTGAGNNTGTAGGCTTATGNN	0.5
4494	NNAGGCGAGGTGATNNTAACCTTGATGCNN	0.5
4495	NNCGGTCCTTACGTNNTGAGTACATCCANN	0.5
4496	NNATAGGTACGCGCNNGCGTAATATGTCNN	0.5
4497	NNCGTGTGGTGTCANNCAGTTAATTCCGNN	0.5
4498	NNTAGGCCAAGGACNNTAGTCAATCCAGNN	0.5
4499	NNCATCACGTGCTGNNTACCATTCGACANN	0.5
4500	NNATCCGGCATGGANNGTTGAAGACATCNN	0.5
4501	NNGTATCGGCTGGANNCGTGCTCATTATNN	0.5
4502	NNCTGCTGACTGAGNNATAAGGTCGCATNN	0.5
4503	NNCTGCGTTCCTTGNNCGTTAGATAGTCNN	0.5
4504	NNTGCGATTCCAGCNNACATTATGGCAGNN	0.5
4505	NNCAGGTGGTCAAGNNTGTCCATCTAGTNN	0.5
4506	NNATCGAGATGCCGNNGCTTAAGAGATGNN	0.5
4507	NNGCGTTGCCATCANNTGATTGTGGCATNN	0.5
4508	NNAGTCAACCAGGCNNCGGATAATTGAGNN	0.5
4509	NNCGTGGATATGGCNNATGATGCGATCANN	0.5
4510	NNACGGATCGGAGTNNACCATATCCGTANN	0.5
4511	NNTGCCGAGACTAGNNGTAAGTAGGATGNN	0.5
4512	NNTGGAGAGACTGCNNTATACGGTTGTGNN	0.5
4513	NNCGGTGGTGGTTANNCAACTCGGTTATNN	0.5
4514	NNCGTGTCGCAATCNNGCCAAGTTATTCNN	0.5
4515	NNACGCGCAACTCTNNGTCTAAGAGTCTNN	0.5
4516	NNCATACGCCAGCTNNATCTTAGAGCTGNN	0.5
4517	NNAGCGGAGATCGTNNCTTGAGCAATGANN	0.5
4518	NNCGTATCGGCACTNNCGATTCCATACTNN	0.5
4519	NNTGCCTCTTGGAGNNCATACTTCCACANN	0.5
4520	NNCACAAGGTGCTGNNTAGACTCCATAGNN	0.5
4521	NNACCATTCCTCCGNNCTTGGATTCTAGNN	0.5
4522	NNACCAGACCGTGANNTGGAACACTGTANN	0.5
4523	NNCTTGCACCTGACNNTATACTGTGCGTNN	0.5
4524	NNTAGCCGTTGCTGNNTATCGTCCATCTNN	0.5
4525	NNTGCCGACAGTACNNGTTGATTCTGGANN	0.5
4526	NNCGCTACTCCTGANNATATGGCGTAGTNN	0.5
4527	NNCATCGACAGCAGNNAGGTCCTATTAGNN	0.5
4528	NNTAAGCGGCGTCTNNCGTATACTGATGNN	0.5
4529	NNCGGTCTATGCGANNACCTTAAGTCGANN	0.5
4530	NNCGCCGTAGTGTANNTGGTGTTCCTTANN	0.5
4531	NNCTTCCGATTCGCNNCGCTTATAACGANN	0.5
4532	NNGCAATGTCCGACNNAGTAGTATCCGANN	0.5
4533	NNGCACAAGGCATCNNGCTTATTGGAAGNN	0.5
4534	NNGTGGACACCATCNNTGTGTTGTAGGANN	0.5
4535	NNTGCTACGGCTAGNNCTGAATTCAGTGNN	0.5
4536	NNTGCATGGAGGAGNNATGAGTCTCCTANN	0.5
4537	NNGTGCTGTAGTGCNNGCACATATCATGNN	0.5
4538	NNGTATGAGTCGGCNNAGTTCAGTATCGNN	0.5
4539	NNCGCGTTCCTACTNNTATGAGTGTGTGNN	0.5
4540	NNCGCTGGCTCTTANNGTTAGAGGTTCANN	0.5
4541	NNGCGCATACTCCANNTATGACTGGCATNN	0.5
4542	NNCAGCTACTCTCGNNAGACACGTACTANN	0.5
4543	NNAGCACGAACTCGNNCGCATTACAAGTNN	0.5
4544	NNACGCGCCAACTANNTACGGATTGAACNN	0.5
4545	NNCGCCTTGATCACNNATCGCCAACTATNN	0.5
4546	NNCACGAATCGACGNNATAACCTCACTCNN	0.5
4547	NNCACCGGTTCTTCNNAGTTAATCGTCGNN	0.5
4548	NNCGCATGGTCTTGNNTACGAGCAGTTANN	0.5
4549	NNTAGGAGAGCAGCNNGTATGGATACTCNN	0.5
4550	NNCGTATGGACCGTNNCTTGTGGTAAGTNN	0.5
4551	NNCTAACCATCGCGNNATTAATCCGTGCNN	0.5
4552	NNGCATCAAGCGTGNNAGTCATATGCTCNN	0.5
4553	NNCTAGCGTGCTAGNNTGTACGAAGGTANN	0.5
4554	NNGCTCTGTCGAACNNTGTACTGAACCTNN	0.5
4555	NNCGCGTGTACAACNNACCGTTATGTGANN	0.5
4556	NNGCACCGACACATNNCTGTACTATGTCNN	0.5
4557	NNAGCTCTTCCGTCNNATTCCAGACTCTNN	0.5
4558	NNCAACGCAGATCGNNCAGAAGTGCAATNN	0.5
4559	NNCTACGCATGCCTNNCTGCAGAATTACNN	0.5
4560	NNGTGCAGGAACTCNNTGAACTGTTACGNN	0.5
4561	NNACTCCACCTCACNNCAGAATCGTTGTNN	0.5
4562	NNACCAAGATCCGCNNCAAGATACAGACNN	0.5
4563	NNCGAGCCAGCTATNNCTAACGGTATTCNN	0.5
4564	NNCGTTCCTGGATCNNATGCGTGTATAGNN	0.5
4565	NNCGACCTGGAACANNAGTACATAAGCGNN	0.5
4566	NNCGTCTGCTACAGNNCATATTGGCTTGNN	0.5
4567	NNCACCACTTACGCNNCACTAGTAGACTNN	0.5
4568	NNCAGCCTGCCTTANNCAGACCATGATANN	0.5
4569	NNGCTGTCCTGTGANNCATCACCATAGTNN	0.5
4570	NNCGTCACGGATGTNNCAATCTATCGTGNN	0.5
4571	NNGTGTAGCCGACANNACGCAGTTATTGNN	0.5
4572	NNCTGACACCGTGANNATGGCTTAATCGNN	0.5
4573	NNAGGCATCGTCCTNNCAGAGACACTTANN	0.5
4574	NNACCACGACCTTGNNAGGTGTAACTACNN	0.5
4575	NNCAGGAGTGCAGANNTGTAGATGGTAGNN	0.5
4576	NNCTGGTACAGCGTNNTAGGTTCAGATCNN	0.5
4577	NNACAGTCCGTCCTNNTAGTTCCTGTAGNN	0.5
4578	NNGTTCACACGGAGNNAGTGAACGTCATNN	0.5
4579	NNGTCTAGGTGGAGNNTATTAACCTGGCNN	0.5
4580	NNGCTAGAGCAACGNNTAGCTTCACCTANN	0.5
4581	NNGTTACGGTCGAGNNATACGAATCGCANN	0.5
4582	NNAGGAGCACAGGANNCTATCTATCGCTNN	0.5
4583	NNAGGTGACGCTCTNNGTAGTTAGCACANN	0.5
4584	NNGCGGTTACCAACNNCGTCTATGGTATNN	0.5
4585	NNAGGCACTCTGTGNNACCATATGTCCTNN	0.5
4586	NNATCGTCCTTGCGNNCAGTTATGATCGNN	0.5
4587	NNGCTCGTTCAGCANNTACCGTAGTAGANN	0.5
4588	NNCTGCACGCAATGNNACAAGGACATCANN	0.5
4589	NNCGAATAGCGACGNNATCTCAACAGAGNN	0.5
4590	NNACGACTGGCACTNNATCAGGCTCTATNN	0.5
4591	NNCAGGTGGTACGTNNACTGACCAAGTANN	0.5
4592	NNCACTGTTCGGACNNCAGAGTAGTATGNN	0.5
4593	NNTGTCTGGCGACTNNGCCAATTACATGNN	0.5
4594	NNGTGACACCGTTCNNATGAGAGGTAAGNN	0.5
4595	NNGCCTACTTCAGCNNCTGGCAATATTGNN	0.5
4596	NNAGCCTCTGGATCNNTGATCTACACCANN	0.5
4597	NNACCTCTCTTGGCNNGCTAAGACCATANN	0.5
4598	NNCAGAGCTGTCTCNNGTATGGACTAGANN	0.5
4599	NNGTCTGTCTCACGNNGCTCATGGATATNN	0.5
4600	NNCGTGGAAGCTTGNNACAAGAACGACTNN	0.5
4601	NNTGCTGCGCTGTANNATTGCGTCATGANN	0.5
4602	NNGCTAGTACTCCGNNTGACTAATGGACNN	0.5
4603	NNGCGCATGTATCGNNCAACGATTGACANN	0.5
4604	NNTGACCAGTCGTCNNATCCTCAATCTGNN	0.5
4605	NNCGCACTACACACNNAGATTGTGGATGNN	0.5
4606	NNTGCGCGTGATCTNNCAGTATCAGAACNN	0.5
4607	NNCTTGCTCAGCTCNNATGGTCATTAGCNN	0.5
4608	NNATGTGTGGCGTCNNAGACTGTCATCTNN	0.5
4609	NNCACCACTGGTTCNNTGCTATTCAGTGNN	0.5
4610	NNGTTCGCTGCCATNNCTTAGAACGTTGNN	0.5
4611	NNACCGTGGTCTACNNCACGTTACTCATNN	0.5
4612	NNGCGTGGTGAGATNNTAACCGATGGATNN	0.5
4613	NNCAGCCGCTTAAGNNCGAGTAGTAAGTNN	0.5
4614	NNAGCGATCCACCANNTGCTTCTGTATCNN	0.5
4615	NNTGTACGGCGATCNNCATTAGACCTGTNN	0.5
4616	NNATGTCGAGGTCGNNCTATCTTCACTGNN	0.5
4617	NNACGGCGAGTGATNNCTTAACTGCAGANN	0.5
4618	NNAGCGCGCAAGTANNGTGAACATTGAGNN	0.5
4619	NNAGGCCTGTGTACNNTAGCATGCTCATNN	0.5
4620	NNCGAGGTTGTCAGNNACTTGTTGAGTCNN	0.5
4621	NNCGGCCATTCAGANNATCGCTACTAACNN	0.5
4622	NNCAATGTTCGCGCNNCGACACTTATCTNN	0.5
4623	NNTGCTATAGCGCGNNTATCTAGACCGANN	0.5
4624	NNCACGGCAGATCANNAGCTGACTAAGANN	0.5
4625	NNCACACGTCTGAGNNTAGAGCCTTACTNN	0.5
4626	NNCGCATGATGTCGNNAGCTAGACATTGNN	0.5
4627	NNGCCAGTCGGTATNNAGCGATTACTAGNN	0.5
4628	NNACGAGCGTGTAGNNCAGAAGTTGACTNN	0.5
4629	NNAGGTGCATGCAGNNACAGATCTACAGNN	0.5
4630	NNACGGTACCACCANNATTCCTGTGATGNN	0.5
4631	NNACCAGGCCATTGNNCTAACATACACGNN	0.5
4632	NNTACTGGCGGAGTNNAGGAATGCTACTNN	0.5
4633	NNGTCGGCATCTACNNCAGTGATTCCATNN	0.5
4634	NNAGAACAGGCCGTNNATAGACAGAGAGNN	0.5
4635	NNGCATGCTGTTGCNNCGATGGACTAATNN	0.5
4636	NNTACTCGTGTCCGNNACAGGTCTTCTANN	0.5
4637	NNCGTCCGACAGTANNGCTATTATCCTCNN	0.5
4638	NNGTCCGTGCTGTANNATTGCTTGCATGNN	0.5
4639	NNAGCCACGATGTCNNAGGCAATTAGGANN	0.5
4640	NNTGACGGTTGACGNNAGTTGACAGCATNN	0.5
4641	NNTAGCTGAGGCCTNNGCGTGATTACTANN	0.5
4642	NNCGACACCGAACANNGTGAATGGATGTNN	0.5
4643	NNTGTCGGAACGCANNGTCAACTACTTGNN	0.5
4644	NNCGACACACGGTANNATCGTTCGGAATNN	0.5
4645	NNTACGGCCGACATNNTATGCCTCCTATNN	0.5
4646	NNCGGCGAGTCATANNGCTCCTATACTANN	0.5
4647	NNACTCGTCGGACTNNCATGGTAGACATNN	0.5
4648	NNGTCGGTACCTTGNNACAGAGAGTAGTNN	0.5
4649	NNTGCGTACGGACANNAGTATTGACACGNN	0.5
4650	NNGTAGGCTTGGACNNATATGGAGGTTCNN	0.5
4651	NNTGCGCAGTACCANNGTGATTCTGACANN	0.5
4652	NNCTTGGTGCACGANNAGGTTAAGTGAGNN	0.5
4653	NNCTGGACTAGCGTNNGTCCATGAATACNN	0.5
4654	NNGTAACGCAGCGANNGCTTCAGACATANN	0.5
4655	NNACACAGTGTGCGNNACCTACAGGATANN	0.5
4656	NNGCAGCTTAGGCANNGTTCATGATGGANN	0.5
4657	NNACTGAGCGGTTCNNCTACCTCAACATNN	0.5
4658	NNAGGACCTAGCTGNNACAACTGTGAGTNN	0.5
4659	NNAGCTAGCCACTCNNTACCAGACTTCANN	0.5
4660	NNCTGCCTTATGCGNNCATCACAGCAATNN	0.5
4661	NNACCACCGTGATCNNGTATCCGCTAATNN	0.5
4662	NNGCATGGAGCTCTNNTGTAGAAGGATCNN	0.5
4663	NNAGGTGCACGTGTNNTACAGCTAACCTNN	0.5
4664	NNGTTGTCCGTGCTNNCTGTGTTCTGTANN	0.5
4665	NNACGAGCTGAGCANNGTAGGTAACTTCNN	0.5
4666	NNCACACGACACCTNNGTATCGTCAAGTNN	0.5
4667	NNCGCAGTTCTCAGNNCTAATGATCGAGNN	0.5
4668	NNAGGCCTTACAGCNNTGACAATGGACANN	0.5
4669	NNGCGCAGATACCTNNTATTGCCGTTGTNN	0.5
4670	NNGCTGCTCCGATANNTAGTAGGTTGCTNN	0.5
4671	NNCGGTAGCTCGTANNCGAGGACTATATNN	0.5
4672	NNCTGGAAGCACGANNTAGGATCATCCTNN	0.5
4673	NNCAACACCGCAACNNTGAGGACATAACNN	0.5
4674	NNTGCATCAGGAGCNNCTACCATGTAGTNN	0.5
4675	NNCACAAGCCTTGCNNAGCGATAAGCATNN	0.5
4676	NNCACGGTGACTAGNNACCACGTAACATNN	0.5
4677	NNCGGTCGCTTATGNNTGGAACACAACANN	0.5
4678	NNTGACCAGAAGGCNNAGTATGCAAGAGNN	0.5
4679	NNGCTAGTAGCAGCNNAGCTTGGTATGTNN	0.5
4680	NNCACAGTGTAGCGNNATCGCATTATCGNN	0.5
4681	NNACTCGCTAGGAGNNGTGAGTGTACATNN	0.5
4682	NNGCGACGTTGACANNCGTATGGATAAGNN	0.5
4683	NNCGTAGAATGCCGNNGTTGGTTACAACNN	0.5
4684	NNCAACTAGCTCGCNNCTTACTGAACTGNN	0.5
4685	NNTGGCGAGATAGCNNATATGCCAACCANN	0.5
4686	NNATAGCGCGTCCTNNGTTACCATACGTNN	0.5
4687	NNACTTGCACCTCGNNCAGGTATATACGNN	0.5
4688	NNACCTTGCCGAGTNNCAATATCAGCCTNN	0.5
4689	NNCATACCTCGGCANNTGTGGTGAATTGNN	0.5
4690	NNCGTCCGATATGCNNCTATAAGCATGCNN	0.5
4691	NNCGGATAAGTCGCNNAGATAGCTGGTANN	0.5
4692	NNCACGGAAGTCTCNNATCATCGAGTACNN	0.5
4693	NNCTAACCGGTGTGNNATGTGACTATCGNN	0.5
4694	NNCGTAGCGCGTATNNGTTGTGGATGTANN	0.5
4695	NNTGCTGCCGTACTNNATATGTGCTGCANN	0.5
4696	NNACCTCTGGCTTGNNTGATTCAACGAGNN	0.5
4697	NNTGTAGAGGCGTCNNCTGGTTCTAACTNN	0.5
4698	NNGCAACCGATGTGNNCACTCAATGAGTNN	0.5
4699	NNGTGGCCGACTATNNCGGAATGAGTTANN	0.5
4700	NNTGCAGCCTAAGCNNACCTCATATTCGNN	0.5
4701	NNGCGGACATTCAGNNAGGTACAATCGANN	0.5
4702	NNGCAATCAGTGCGNNTGGTCAGTCTATNN	0.5
4703	NNTGCTTGCGTCCTNNTAACTATGGTCGNN	0.5
4704	NNCGTTGATGGTCGNNACTAGTGCACTANN	0.5
4705	NNAGCTACGTCGTGNNTAGCCATGGTATNN	0.5
4706	NNTGGACCTGCTCANNTATCGCGATTAGNN	0.5
4707	NNCACCACCTCTGANNTATGAAGGCTCANN	0.5
4708	NNATCGGCTGCTTCNNGTAGATCGACTANN	0.5
4709	NNGTGCAAGAAGCGNNCGAATCGGTAATNN	0.5
4710	NNTGATAGCGCGTGNNGCAAGGTATCATNN	0.5
4711	NNTGTCGACATCGCNNCATACTGCTATCNN	0.5
4712	NNTGTCTGTCCACGNNATCGAACGTTCTNN	0.5
4713	NNTGCCTCTCGCATNNTAACTCTGAACGNN	0.5
4714	NNGCTGTGTGCTGTNNCTATAGGATCCANN	0.5
4715	NNCGCTATACGGACNNGCAGAGTAATTGNN	0.5
4716	NNCTTAGTCCGCGTNNATGCAGTAATGCNN	0.5
4717	NNCAGGTTCCTGGANNTACTGCTTGACTNN	0.5
4718	NNCACTGAGGAGTGNNGTCCGACTTATANN	0.5
4719	NNCAGATGGCCTACNNGTCACTGTATAGNN	0.5
4720	NNACACTCGCCTCTNNACTAAGTACGACNN	0.5
4721	NNAGGAACAGCCAGNNTATGCTGTTCTGNN	0.5
4722	NNCACTCCTGGAACNNCTAGCTCCTTATNN	0.5
4723	NNGTCTGCTGGAGTNNCGGTTATCAGTANN	0.5
4724	NNTGTGCTGTAGCGNNCTAGTTGACACANN	0.5
4725	NNTGAGCGCTCTACNNATAGTGTAGCTCNN	0.5
4726	NNTGTGTCAGAGGCNNTAGTTCAAGCGTNN	0.5
4727	NNTGTTCAGCGCCANNTATAGAGGTCGANN	0.5
4728	NNGTAAGTGCTCGCNNTACCACTATCAGNN	0.5
4729	NNTGGTCCAGGACTNNGTATCTCTGTTGNN	0.5
4730	NNCGCTCAGAGACANNCTGCATAGGTATNN	0.5
4731	NNCGCGTCAATTCGNNACTCTGGTGTTANN	0.5
4732	NNCAGTCGAGCGATNNCAGAGTAGAGATNN	0.5
4733	NNTGAGGAGTGTCGNNTATGACCAACCANN	0.5
4734	NNTAGCCGAGCTTGNNTACTAGAATGGCNN	0.5
4735	NNACGCTGACCTTGNNATGTAACCACCTNN	0.5
4736	NNGCGGTTGTTGACNNCGAAGTGATATGNN	0.5
4737	NNGCTAGGAGACGTNNGCTTATTCAGTGNN	0.5
4738	NNTAGGTGACGGACNNGCTATCGTTCATNN	0.5
4739	NNATCGCCGCTACANNACAATTCGACTGNN	0.5
4740	NNGCAGGCCTCTTANNATCGCGTTCTTANN	0.5
4741	NNACCTGAGCCACANNATTGCCGAATACNN	0.5
4742	NNACAGCCTCTCACNNCTACAATGAGGANN	0.5
4743	NNAGAGGCTAGGCANNATCGATTGCCTANN	0.5
4744	NNTGCGTCTCTGACNNCAATTGATCCTGNN	0.5
4745	NNAGTGTTCCTCCGNNGTGCGAATATACNN	0.5
4746	NNGCACACGCTATCNNAGTCACTGTTCANN	0.5
4747	NNTACAGCTGCTCGNNCGATGTTGTACTNN	0.5
4748	NNGCACTCTTCCTCNNTGTCCAAGTACTNN	0.5
4749	NNCAGACATCGTCGNNCACTAACGTTGTNN	0.5
4750	NNCTACGCTCGTTCNNATGCTAGATGCTNN	0.5
4751	NNTGCCAGATGTCGNNCTGAAGAGACTANN	0.5
4752	NNGCCGTAAGCCTANNGTCGTAAGATGANN	0.5
4753	NNGTGGTGAACACGNNGTATAGAGACAGNN	0.5
4754	NNGTTCTCCAGCTGNNCTTAACTTCGAGNN	0.5
4755	NNTGACGCGTTGTGNNCGGATATTCTTCNN	0.5
4756	NNCACGGAGCAAGANNATCCGTTCATGANN	0.5
4757	NNACCAATGGCGACNNTAGTTGCCTAAGNN	0.5
4758	NNCAGGTCCTCCTANNCACCTTGCTTATNN	0.5
4759	NNATGCGAACAGCGNNTGAGAAGGACATNN	0.5
4760	NNTACGTCCGGTACNNTGTGAGTTCTCTNN	0.5
4761	NNCATAGACGCCACNNGTATCTGACAACNN	0.5
4762	NNCGTGGACATGTGNNAGTAGTGTAGCTNN	0.5
4763	NNACTCTCCATCGCNNACCTTAACCATGNN	0.5
4764	NNCGTATCCTTGGCNNCGTTCTTGCAATNN	0.5
4765	NNACATCGCGGACTNNACCGTGTATTAGNN	0.5
4766	NNGCCATGGTTCCANNAGGATAGTTCTGNN	0.5
4767	NNAGAGGTGCAGAGNNACTTAGTCACACNN	0.5
4768	NNACCTCACCTTGCNNGTCAACACTAAGNN	0.5
4769	NNCGTTCAGCGTCTNNCAAGAGTCTTGTNN	0.5
4770	NNGCTCATGCCTTGNNGTGACGTTACTANN	0.5
4771	NNACCGATAGCCAGNNAGTGATTGTACGNN	0.5
4772	NNCAAGGCGCGTTANNAGCCTAATCATGNN	0.5
4773	NNTGAGGTCGGTGTNNTATTCACTGGTGNN	0.5
4774	NNAGAAGGAGTGCGNNACGATGTACAGANN	0.5
4775	NNGTGGTCGGTCATNNGTATTCGGTATCNN	0.5
4776	NNACGACGCGATAGNNTGTTAATACGGCNN	0.5
4777	NNTGTCGTAGCGTCNNAGACAGCTTGATNN	0.5
4778	NNATCGGCGACAGTNNAGCATAGTACAGNN	0.5
4779	NNACATGTCGTGGCNNCGGTAATGATAGNN	0.5
4780	NNAGCGCAGCAGATNNCAGATTCTCATCNN	0.5
4781	NNCGGTACTGGTACNNTGTCACACTCATNN	0.5
4782	NNGCATGTGCGATGNNTGAGCCTAACTANN	0.5
4783	NNCGGTTGGTAGCTNNATACCTCGTAACNN	0.5
4784	NNCGCACATATCCGNNAGTTCGATCGTANN	0.5
4785	NNAGCAGACGCCATNNCTATCTGTCTCANN	0.5
4786	NNCGGTGCTGTAACNNAGTACCGATTAGNN	0.5
4787	NNGCGGAGCTTCATNNTACGAGTTGTGANN	0.5
4788	NNCACACAACGCACNNTATCCAAGTCTGNN	0.5
4789	NNGTCGCAGAACTGNNGCAAGTGTATCTNN	0.5
4790	NNACAGGCCACTACNNGTCATCATGGATNN	0.5
4791	NNCAGGCACTCTACNNATATACGCAAGCNN	0.5
4792	NNTGCGCTCAACGANNACCTCACCTATANN	0.5
4793	NNCGCCTTCGCATANNTGCCTAATCACANN	0.5
4794	NNACCTAGCCAGGANNACATGTTCAGAGNN	0.5
4795	NNACCGCGGTTGTANNCATAGATGCAGTNN	0.5
4796	NNAGGTGCACTCTCNNAGTTGTTCAGTGNN	0.5
4797	NNTGAGGTCGTCCANNTGCTGGATAACANN	0.5
4798	NNCACAGGACACAGNNATCAATCGTGTCNN	0.5
4799	NNAGACGTAGCCTGNNACGGCTTAAGATNN	0.5
4800	NNACGTCTGCTCCTNNTGCTGAATATCGNN	0.5
4801	NNACCTTGCGGATCNNTGCAATGAAGACNN	0.5
4802	NNCTACAGCGTGCANNAGCATACTTGAGNN	0.5
4803	NNTAGAACCGCGACNNGTGGATCATAAGNN	0.5
4804	NNCGTGACATCCGTNNATTATAGCGCACNN	0.5
4805	NNCTAGACTCGCAGNNATGTGAGCTATCNN	0.5
4806	NNCTGAACGGATGCNNACTAATTGGCAGNN	0.5
4807	NNTGCCTGCCATGTNNACGAACTGTTGANN	0.5
4808	NNGTTGGTCGGTTCNNTAGGATAAGGCTNN	0.5
4809	NNACGACGCTCTGANNTAGCGGTTGTATNN	0.5
4810	NNACATGCGTACGCNNGCTTACATGTCANN	0.5
4811	NNACTCAGCACGCTNNGTATGGAGTATCNN	0.5
4812	NNAGAGGCGTGCTANNGCGTTATTAGAGNN	0.5
4813	NNTGGTCTGATCCGNNCTGTTAAGGTCANN	0.5
4814	NNACTAACCGCCGANNATAGGTCACCATNN	0.5
4815	NNCTTCGCTGGATGNNTGTTAAGCGAAGNN	0.5
4816	NNGTAGCAGGCATCNNCGCGTATTGAATNN	0.5
4817	NNGCCACCGTGTTANNCACATATGTGCANN	0.5
4818	NNATGCCAGTTCGCNNTATAGCTCCTAGNN	0.5
4819	NNCGTCCACTACTGNNTGTAATGTCGAGNN	0.5
4820	NNCGTTGGATGGTGNNATAGCACGTGTANN	0.5
4821	NNGCCTCCAGTAAGNNACTTCTCCAACANN	0.5
4822	NNTGGCGCATCGTANNACCTGTGATCATNN	0.5
4823	NNGTCCGTCCAACTNNACTATCCGTATCNN	0.5
4824	NNTAAGGCATCGCGNNAGTGTCCTCAATNN	0.5
4825	NNAGCTGCGTTACGNNTGACTCTACGATNN	0.5
4826	NNCTGCGGAAGTCTNNCTGTAGGATATGNN	0.5
4827	NNAGCGTCAGAACGNNTGAATCTGACCANN	0.5
4828	NNCTAGCATGAGCGNNTATTGGCAACTGNN	0.5
4829	NNCTGTGGCATTGCNNATCATACTACGCNN	0.5
4830	NNCGTGCAGAAGACNNTGCTTACCTAACNN	0.5
4831	NNAGAAGCGAGCCTNNAGGATTGTCGTANN	0.5
4832	NNGTGCATACTGGCNNAGTTGTCCTACTNN	0.5
4833	NNGCTGCCAGGTATNNATGCTTATGCGTNN	0.5
4834	NNTGCCAGTGTCGTNNTGTATGCCAACTNN	0.5
4835	NNCTTGCGATGGCTNNCATCTATGCTCANN	0.5
4836	NNTGGACACCAACGNNGTCCAATTACGTNN	0.5
4837	NNCTTGCGAGACGANNCATACAACGTTCNN	0.5
4838	NNGTCCGTGGAGATNNGTGCATCTTCATNN	0.5
4839	NNACCTCGTCAACGNNTATAGCGCTCATNN	0.5
4840	NNCACAACTCGCGANNGTGTATTGACGTNN	0.5
4841	NNTGGCTACGCTGANNCTTGAGAGCATANN	0.5
4842	NNGTGTGTGGCTTGNNATGTCTGTAGGANN	0.5
4843	NNTGTGCCTTCGCTNNAGCATGAATGAGNN	0.5
4844	NNACATTCCGGCTCNNATGTTCAAGGACNN	0.5
4845	NNATGAGGCCGAACNNGTTGATGACACANN	0.5
4846	NNGCAGAATTGCCGNNACTTCGGAATAGNN	0.5
4847	NNTGGAGTCGTGCANNGTTAAGTCAACGNN	0.5
4848	NNCTGGTAGTCGGANNATCAATGCGTTCNN	0.5
4849	NNGTGGAGACGTAGNNTAGACTTGGTCANN	0.5
4850	NNAGTGCGTGTCACNNCTTCATCACAGTNN	0.5
4851	NNCGGTGATGCTGTNNGTTACACAAGGANN	0.5
4852	NNCTGAGGTACGTGNNGCAGTAATACAGNN	0.5
4853	NNAGGCTTGCCATGNNAGATGAAGGTGTNN	0.5
4854	NNGTCGTCAGTACGNNAGTCTTACAGTGNN	0.5
4855	NNGTGCCTCTGTACNNTAACATCAGCTGNN	0.5
4856	NNGCAGGAGTAACGNNACCTATCAGCATNN	0.5
4857	NNCGTCGTGCATTCNNCAAGAATCAAGCNN	0.5
4858	NNACGCGCTCTTAGNNGTAGCTGACATANN	0.5
4859	NNACGGCATCTCGANNTGCAACATGACANN	0.5
4860	NNCTGCCGAACTCANNACACAGACTTACNN	0.5
4861	NNGTGGACAGGTTCNNAGTCAATCCTCANN	0.5
4862	NNCGACACGTAGTGNNTAGAGTTCGAAGNN	0.5
4863	NNACGACCACCATGNNCGTCTAATCGATNN	0.5
4864	NNAGCTGGCATCTGNNTACTCTATAGGCNN	0.5
4865	NNGCCTGTCAGCTANNTAATGTCGGATCNN	0.5
4866	NNGCCTGTCGAACANNGTTAGACACATCNN	0.5
4867	NNATGTGGTCGGACNNCAGCTAACAATCNN	0.5
4868	NNGCGAGATCCGATNNATTCGGTTACGTNN	0.5
4869	NNACTGCGCTTGTCNNCGTGGTTCTTATNN	0.5
4870	NNTGGAAGGTCGACNNCTGAAGCAACATNN	0.5
4871	NNACTGTCTCACCGNNAGTTGCCTTAAGNN	0.5
4872	NNCGCCTCTAGCTANNTGATCAGACAACNN	0.5
4873	NNACGATACAGCGCNNAGCTATCCATGTNN	0.5
4874	NNTAGGACCGCTCANNCGCACTAGTATANN	0.5
4875	NNTACGAGCAGGACNNGTTGTACGAACTNN	0.5
4876	NNCGGACAGTGAGTNNCAATTCGTTGCANN	0.5
4877	NNACTGCCGAAGTGNNATATGGACCAAGNN	0.5
4878	NNCTACGGTCACGTNNAGCTTAAGACTGNN	0.5
4879	NNGTTGACGGCTGTNNATGCTGTATGTCNN	0.5
4880	NNCTTCATCGGCGANNTACCACAGAGATNN	0.5
4881	NNGCCGAATGCGTANNAGTATCATCCTGNN	0.5
4882	NNTGACGGCGTTAGNNCAACTGTTGTGTNN	0.5
4883	NNAGCTCGGTCTACNNGCAATTCGTTACNN	0.5
4884	NNCTGGTACTACGCNNGTTCTGACTTCTNN	0.5
4885	NNGCGTGAGTTCACNNACGACCGTATTANN	0.5
4886	NNCGACAGACCAAGNNACTATGCCTTCANN	0.5
4887	NNCGCCGTAGATGANNATCTAATCCTGCNN	0.5
4888	NNCGAATCCAGCCANNTAGCAGAATGAGNN	0.5
4889	NNAGCGCACAGATGNNTGTACGTCGAATNN	0.5
4890	NNCGCCAATGACGTNNTAGAGTCGTTACNN	0.5
4891	NNCGAACTGAGCTGNNATATCTGCACGTNN	0.5
4892	NNGTGTCGCTAGCTNNCTTCTATTACCGNN	0.5
4893	NNATTGTCGCGGTGNNATTGCGTGTTGTNN	0.5
4894	NNGTTGGAGCCTGANNGTTACTCTACCTNN	0.5
4895	NNCACCGACCTAAGNNACAAGAACTGGANN	0.5
4896	NNGCTTCTCGAACGNNCAATGTGAATCGNN	0.5
4897	NNAGGTGTCGATGCNNTGTACGTGACTANN	0.5
4898	NNCACATCGCTGCTNNCATGCAGTACATNN	0.5
4899	NNATGGAGCTCCTGNNTGTCTTGTAGAGNN	0.5
4900	NNATTCCAGGCGAGNNTATGGTGTTGGANN	0.5
4901	NNCACCACGGTATGNNTGGAATCTCTGTNN	0.5
4902	NNTGCTGTACCGGANNCAATAACGGTTCNN	0.5
4903	NNCATCGGTGCTGANNTGTTGTGATCGANN	0.5
4904	NNCACTCGCTCACTNNATAAGAAGACGCNN	0.5
4905	NNACCGTGTTGGACNNAGTCGCAATCTANN	0.5
4906	NNGCATCGTGGTAGNNTGTATAAGAGCGNN	0.5
4907	NNCGGTCGTTCTAGNNCACAATGCAACANN	0.5
4908	NNACGAGGTGGTTGNNTGTAGAGTCCTANN	0.5
4909	NNCAAGAGTTCGCGNNTATTCTAGGCACNN	0.5
4910	NNGTGCTAACTCCGNNTAATGGCGTGTANN	0.5
4911	NNACACACGACGCANNAGAACTCACGATNN	0.5
4912	NNGCAGCACATCCTNNATCCTGGATCATNN	0.5
4913	NNCGTCAGACTTGCNNCAAGTTAACCGANN	0.5
4914	NNCTGGCTCTGTTGNNCTAGGTATTGTGNN	0.5
4915	NNGTCCGGATGACTNNTGATGCCTGTATNN	0.5
4916	NNCGTGGAAGAAGCNNTGTTAGCCTGTANN	0.5
4917	NNGCCTCATAGCTGNNATCTTAGCCACTNN	0.5
4918	NNCAGGTGCAACGANNCTAGGTCATACTNN	0.5
4919	NNGCCAGTACAGAGNNCACTATGACTTCNN	0.5
4920	NNACCTATGCGGAGNNATCGTATACAGCNN	0.5
4921	NNCAAGCCGACCTANNGCCTTCATGTTANN	0.5
4922	NNACATTGCGCGCANNTGTAACGCTATCNN	0.5
4923	NNAGGAGTACGCTGNNCTAGACCTTAGTNN	0.5
4924	NNGCGATACGACTCNNACGTGAGGTAATNN	0.5
4925	NNCGAGGAATAGCGNNCTATCACGACATNN	0.5
4926	NNGCGACGCATATGNNAGAGCTATCACTNN	0.5
4927	NNAGCTAGGTAGGCNNATAGGCAGAACTNN	0.5
4928	NNCTAGCTCCGTTCNNCTGACTAACACTNN	0.5
4929	NNATTGTCCGGCCANNTAGACTCACGATNN	0.5
4930	NNGTGAGGTGCTTCNNCTATGCTCATCANN	0.5
4931	NNCACAAGCACCTGNNACACAGTACCTANN	0.5
4932	NNCATCTTCCGAGCNNTAATCGATGCGTNN	0.5
4933	NNACCACTGGCCATNNTGGCATACTAGTNN	0.5
4934	NNTGACGAGCGGTANNATTAACCGCAAGNN	0.5
4935	NNATGGTCTGTCGCNNTACTTGGCAACANN	0.5
4936	NNGCACAGAAGCTCNNGTCTGAATTGTCNN	0.5
4937	NNCGTGCCAATCGTNNGTTGATGTTGCANN	0.5
4938	NNCACGCCAGATGTNNGTATCTGCAGATNN	0.5
4939	NNCGGCTTGTGACANNATACTCACGATCNN	0.5
4940	NNCATCTCCGGCATNNATGCACTAACAGNN	0.5
4941	NNACCGACCAAGAGNNATACGAAGACCANN	0.5
4942	NNCGTAGACGGACANNAGAGTAGTTGTGNN	0.5
4943	NNAGACGGATGCAGNNATTCCGGCATATNN	0.5
4944	NNCTGTCTCCTGACNNCAACGCTGTATANN	0.5
4945	NNCAGCCTTGGACTNNAGCTAATCCATCNN	0.5
4946	NNTGCCATGTCCTCNNCTGTTGATGACANN	0.5
4947	NNATCCGCGGTTCANNCATCAACACACTNN	0.5
4948	NNGTACACCTAGGCNNTGAGAGATCATCNN	0.5
4949	NNCTTGCGTCGCATNNCAGTTCAATCAGNN	0.5
4950	NNACCAGACCTGTGNNATCTCCAGTACANN	0.5
4951	NNCACCACGGTCATNNCTGTGATAACCTNN	0.5
4952	NNCATGGATGACGCNNATCAATACCGTCNN	0.5
4953	NNATTCGGCGCTTCNNTAGTTCCGTGTANN	0.5
4954	NNACGGCGCATTGTNNGTTGTGATACTCNN	0.5
4955	NNCGACAGCTGATGNNAGGTCGATATCANN	0.5
4956	NNGCCGTCTCATACNNCTTGATAAGTCGNN	0.5
4957	NNCTGTAGCGCTGTNNTAAGCCTTACACNN	0.5
4958	NNGTGATCGTCACGNNACATATGCCATGNN	0.5
4959	NNGTCCACATGCTGNNATGGACTACATCNN	0.5
4960	NNTAACAGGCTGCGNNACCAGAGGATTANN	0.5
4961	NNAGCACCAAGAGCNNCAATCTAGAGGANN	0.5
4962	NNGTGCCTGTTGCTNNAGGTCTGATAGTNN	0.5
4963	NNGCTCTAGGTGCTNNGTGAGATCTACTNN	0.5
4964	NNCAAGCGGAATCGNNCTACTCTACATCNN	0.5
4965	NNCAGGACTGAAGCNNTAATCAGAGCCTNN	0.5
4966	NNACCTACCGCAACNNCTTGTCATTCGTNN	0.5
4967	NNTAGGACTCCGTCNNATCTCCGTAGATNN	0.5
4968	NNTGCGTCGCATTGNNTGCTTCGGATATNN	0.5
4969	NNTGGCATAGCGACNNTGTACTGTGTCTNN	0.5
4970	NNCGCTGCCAATCTNNTGACGAATGACANN	0.5
4971	NNAGTGTACCGGCANNCGATCAGATTACNN	0.5
4972	NNTGCTCTCGGTAGNNCATGCAAGTATCNN	0.5
4973	NNATACGTGCCACGNNTAACAGGTCATCNN	0.5
4974	NNCATCCGAGCAAGNNGTGTGTTGTTAGNN	0.5
4975	NNGCAAGCAGGCTANNGTCTGTCGATTANN	0.5
4976	NNACGCACATGCAGNNGTATAGAACGTCNN	0.5
4977	NNCAATTCCGCACGNNCGCTTAATGTTGNN	0.5
4978	NNTGACACCAACGCNNAGTCAGGATTCTNN	0.5
4979	NNGCACTCCGTACTNNCATCATACTCAGNN	0.5
4980	NNGCGGAATTGGCTNNCACTAACTGCTANN	0.5
4981	NNCAACAAGCCGTGNNGTACATGGAACANN	0.5
4982	NNATAGGAGCCGAGNNCAATGGAGCTATNN	0.5
4983	NNGTGTACGTCGTCNNCTAACAGTGATGNN	0.5
4984	NNCGCAAGCGAGTANNATCAACTCTGCTNN	0.5
4985	NNCTGCAGATGAGCNNGTTACGTTGTTCNN	0.5
4986	NNCTTCAGAGCGTCNNATGCTGTATCGTNN	0.5
4987	NNCGAATTCTCGGCNNAGTCATGCTGATNN	0.5
4988	NNCTTGGCAATGGCNNGCACATCAAGTANN	0.5
4989	NNGTCGGCCAGAATNNATAATTCCGCAGNN	0.5
4990	NNAGGCTTCTCGTGNNCATGAATCCGATNN	0.5
4991	NNGTCGAGGTTACGNNCTTATGTTCCGTNN	0.5
4992	NNAGTTCGCCTGACNNCAAGACCATTGANN	0.5
4993	NNAGGTCTGCGGATNNATGTAGGACAAGNN	0.5
4994	NNGTGTGGTTACGCNNGTACACTGTTGTNN	0.5
4995	NNAGGACGACACGANNTAAGTAAGCACGNN	0.5
4996	NNGCGTCGTCTTCANNCTGGCATTGTTANN	0.5
4997	NNCTGATCCGGACANNACGACTAATAGCNN	0.5
4998	NNTGGTCTAGCTCGNNGTACCAATGCATNN	0.5
4999	NNAGCCTCACCACANNACAACTAGGACANN	0.5
5000	NNAGGAACGCCTAGNNAGTGGAAGTTCTNN	0.5
5001	NNTGCAGTGCCATCNNACTCACCAATGANN	0.5
5002	NNGTAGGACAGAGCNNATGTTAGGTCACNN	0.5
5003	NNATGGTGCTGGTGNNAGGAGGTTCAATNN	0.5
5004	NNATCGACCAGGCTNNCGGATTGTCTATNN	0.5
5005	NNATGACGCACCTGNNAGTCTATCTCGTNN	0.5
5006	NNCACACTGTCGACNNGCACTAGACTATNN	0.5
5007	NNCGATCCTCAGACNNTAACATCTCCTCNN	0.5
5008	NNGTCCAACGATCGNNTATGATGGAGAGNN	0.5
5009	NNGTGCCAGTCTGANNGTTGGTCTAGTANN	0.5
5010	NNTAGTCGGTAGGCNNCACTTGCTTAGTNN	0.5
5011	NNCAGGCTTCTCCTNNAGAACGTAAGGANN	0.5
5012	NNGCTTGCTAGCTCNNCTTATCCTACTCNN	0.5
5013	NNTGGACGGTGACANNTAATTCACGGCANN	0.5
5014	NNGTCGATGGCTGANNACCGGTAATAGTNN	0.5
5015	NNCGTGATTGGCTCNNCATCGATACTGTNN	0.5
5016	NNCACAGCACTTCGNNACACAACGATCTNN	0.5
5017	NNCTGCGTCAACCTNNCTTGTGACTTGANN	0.5
5018	NNTGGCTGGAGATGNNATTCTGTAGAGCNN	0.5
5019	NNCTTGAGCCAGCTNNTGTCCATCAGATNN	0.5
5020	NNGTTGGCGTACACNNACGATCCAGTTANN	0.5
5021	NNGCGCAGTAAGGANNATACAAGCACCANN	0.5
5022	NNCGCTTCTTGTCGNNTACGCCTATTCANN	0.5
5023	NNAGTCCTCACGGANNAGTTCCTCGTTANN	0.5
5024	NNTGTCCGGCAACANNATCTCCTCATCTNN	0.5
5025	NNCGATTCGTCCAGNNCAATCTACCACANN	0.5
5026	NNTGTTCACGGTGCNNAGCTTACCAATGNN	0.5
5027	NNACGTGCTACCACNNGTCATATGTACGNN	0.5
5028	NNACACCTACGCAGNNGTTAGAGTATGCNN	0.5
5029	NNGTGTCGTGGTTGNNACCTAGCACAATNN	0.5
5030	NNGCTTCCGCTGTANNTATACGCCTCATNN	0.5
5031	NNCGGCAAGAAGAGNNTAGTTATTGGCGNN	0.5
5032	NNTACGCATCAGGCNNTACAAGAGAACGNN	0.5
5033	NNTGGCCGTTGTACNNAGCTACTACACTNN	0.5
5034	NNGTCACCGAGTGTNNCACTGAGAACTANN	0.5
5035	NNTGCGTGGACTAGNNGTCATGTATGTGNN	0.5
5036	NNACCAGCAGCTTCNNCTTATGTATCCGNN	0.5
5037	NNACGCTACTGCCANNCTAACACCTCATNN	0.5
5038	NNTGTACCGTGCACNNCATTCTGACTAGNN	0.5
5039	NNACTCACATGCGCNNCTATCACGTTACNN	0.5
5040	NNAGAGATCCGTCGNNATAGTCGATGTCNN	0.5
5041	NNACAGCGTGCTCANNCACCATTAACAGNN	0.5
5042	NNTGGCGTTCACCANNGTACAAGTTCTCNN	0.5
5043	NNCTTGCTACCGGANNGTTCATAGCACANN	0.5
5044	NNTGTGAGTTGCCGNNCTTAAGAGTAGCNN	0.5
5045	NNGCACTGGAAGCANNCACCACTTGATANN	0.5
5046	NNACTCGGATGGACNNCTAAGCATCTCTNN	0.5
5047	NNCGTTCAGTGGAGNNGTCATTAAGCAGNN	0.5
5048	NNACCGTAGCAGGANNGTTGACTTATCGNN	0.5
5049	NNCGCGAATACCACNNCATCAAGATGAGNN	0.5
5050	NNTGCGACGCATCTNNATTGTATGCCTGNN	0.5
5051	NNGCCAGTAGCACANNCTTAGCGATTGANN	0.5
5052	NNTGGCGCTAAGTCNNGCTTAGGTTGTANN	0.5
5053	NNGCGTCCACAAGTNNATGCGTACAGTANN	0.5
5054	NNGTCAGCTCTGTCNNCAACTACTCTTCNN	0.5
5055	NNAGTACGAGGCCANNGCATACGACTATNN	0.5
5056	NNGTCCTGGCACTANNATACGTTACGACNN	0.5
5057	NNACCAACACGAGCNNCTACCTTCTATCNN	0.5
5058	NNGCGCTTACACGANNCTAACGACAATCNN	0.5
5059	NNCACTGGAACGCANNATATGCTGGATCNN	0.5
5060	NNTGATCGGAGGACNNTACTGAAGTCGTNN	0.5
5061	NNACGGTTAGCGACNNCACGTAGATATGNN	0.5
5062	NNACGCTCAAGCGANNCAGTACTAACGTNN	0.5
5063	NNCGCAGCCTGTTANNCACGCTTATGTANN	0.5
5064	NNACGCCTGGATTCNNGTGACATAACGANN	0.5
5065	NNGCTCCATAAGGCNNATTCCTAGACAGNN	0.5
5066	NNCGCAATGACGGANNATAGTTCACTCGNN	0.5
5067	NNGTTGGAAGCTGCNNCAACAGTCTGATNN	0.5
5068	NNTGCGACGACAGTNNGTCACTTACGTANN	0.5
5069	NNATCCGCGTACGANNGCTTCATATGCANN	0.5
5070	NNAGGTCAGCTCTCNNCGAACCATTATCNN	0.5
5071	NNCGAGTGTATGGCNNGTCTACAACTAGNN	0.5
5072	NNGCCGTTCCAATGNNTGTGCATTAGTGNN	0.5
5073	NNACTGCGGAACACNNACTCAGTAGTTCNN	0.5
5074	NNTGAATGCGCCACNNGTGTATGCAATCNN	0.5
5075	NNCGCATGTCCATGNNTACGTAGTTCTGNN	0.5
5076	NNTGCACTACGGCTNNTGCTTCAATCTCNN	0.5
5077	NNCGGAACGCTTCTNNACAACGATGTTGNN	0.5
5078	NNTGCAACGCTCGANNGCAATTACGATGNN	0.5
5079	NNAGTCACCGACCTNNATAACTGCTTCGNN	0.5
5080	NNTGAGTCGGCATGNNTACGCATAAGAGNN	0.5
5081	NNTGAGACGCACAGNNCTAGGCATAGATNN	0.5
5082	NNGCCATACCTACGNNACATCCTGCATANN	0.5
5083	NNTGAGTCTCGCAGNNCGTTCAGAATGTNN	0.5
5084	NNGTACGCCTGTACNNACCGGTTAATTGNN	0.5
5085	NNGTCAAGGCGTAGNNACGCTAATCTCTNN	0.5
5086	NNGCACCAGTTGCTNNCAAGTCTATCTGNN	0.5
5087	NNTGTGCGTTGGACNNTACTTGTTGAGCNN	0.5
5088	NNAGAGCGGATACGNNCAGTTATGGCTANN	0.5
5089	NNTAGCCTGACTGCNNCTTGAAGTATCGNN	0.5
5090	NNACTGCCTGACTGNNACCTAGGATTACNN	0.5
5091	NNTGCACGTGCTTGNNATGAGTTCGTCANN	0.5
5092	NNTGTCGACGAGAGNNAGGTCATGAACANN	0.5
5093	NNCTATCGCCACCANNTAGGCATCGTTANN	0.5
5094	NNAGTACGCTCTGCNNACCGTGATTACANN	0.5
5095	NNCGTCGACAAGACNNACGGTTGATTGANN	0.5
5096	NNTAAGGTGGACCGNNCGCAACATCAATNN	0.5
5097	NNCATGAGCTGCCTNNATTCGTAATCCGNN	0.5
5098	NNCTGGTTACTGCGNNCTTACGGTTATCNN	0.5
5099	NNCGTAAGGCACCTNNTAGATTCGGCTANN	0.5
5100	NNACGACCTCAGAGNNCGATATTAACCGNN	0.5
5101	NNCGAACGATCGCANNGCTGCTTCTTATNN	0.5
5102	NNGCTGTATTCCGCNNGTTGTGTCTTACNN	0.5
5103	NNGCCGTTGATCGANNGTGTGGTATTACNN	0.5
5104	NNCAGATCGCTGTGNNACAATCCGTTGTNN	0.5
5105	NNCTTGTCAGGCCTNNCAATGACACAACNN	0.5
5106	NNCATGCAAGGTCGNNTGTGTATGGCTANN	0.5
5107	NNAGATGACGGCAGNNAGGACTAAGGTANN	0.5
5108	NNTGCCACGGTGATNNCTTGTACGTAGTNN	0.5
5109	NNTGGCATAGGCTGNNTAGGAACCATCANN	0.5
5110	NNCTATACCGGCGTNNATAGGCTTCAAGNN	0.5
5111	NNATCACCAGCCTCNNACTATCTGCTCTNN	0.5
5112	NNACAAGCTCACCGNNAGGAGAACAACANN	0.5
5113	NNACGACGATGCTCNNCAATACTTGCACNN	0.5
5114	NNCTGTGCTGCTTCNNACGCATAGTATGNN	0.5
5115	NNCGGTACGGATTGNNCATGACGGTTATNN	0.5
5116	NNAGACTCGGTGACNNCAACCAGTCTTANN	0.5
5117	NNGCTGAAGCAGAGNNACTTAGCACTAGNN	0.5
5118	NNAGGCTTATCGGCNNAGAGACTAACACNN	0.5
5119	NNGTCGTCTCTCCANNCTATGGTTGATGNN	0.5
5120	NNAGATGGTCTGGCNNGTCATACAACCANN	0.5
5121	NNAGGACGGTGTGTNNACCAAGAAGCATNN	0.5
5122	NNACCAGCTTCCAGNNATCGTTCCAATCNN	0.5
5123	NNAGGTTGAGGACGNNTGGTATGTGCATNN	0.5
5124	NNGTGAGCCTGTCANNATTCCGTTGACTNN	0.5
5125	NNACTACGCGCGATNNCGTTAAGTAGACNN	0.5
5126	NNTACTCGGCGGTANNTAATACCGGATGNN	0.5
5127	NNCGCCACAAGTTCNNCACATAGAACAGNN	0.5
5128	NNCTGCATCTCGTCNNCATTACCATGTGNN	0.5
5129	NNGTAGAGGTCCTGNNACCATCATTCAGNN	0.5
5130	NNGCGGCCATTGATNNCTGACATACATCNN	0.5
5131	NNCATGTCGCACCTNNGCCTACTTATGTNN	0.5
5132	NNTAAGCGCTGGACNNATGGTTGTGAAGNN	0.5
5133	NNGCGACTAGGACTNNTACTGGTGCATANN	0.5
5134	NNGCGCATGCGATANNGTCCATATAGACNN	0.5
5135	NNCGGAAGGAGAACNNCAACTAAGCCTANN	0.5
5136	NNGCCAGGAGTGATNNTGCTAGTACTAGNN	0.5
5137	NNCAGAACCGTGCTNNTGAGGCATATCANN	0.5
5138	NNTGTCACGAACCGNNGTAACTAAGACGNN	0.5
5139	NNTGAGCCTAGTGCNNACTTGTAGATGCNN	0.5
5140	NNATCTCTGCCGACNNTGATAACAAGCGNN	0.5
5141	NNCGGACGATACTCNNATGAATTCTCCGNN	0.5
5142	NNGTCAAGCACTGCNNCACAATAGCTTCNN	0.5
5143	NNGCCGCGATTAGANNACTCAGACATGTNN	0.5
5144	NNGCGGACTCAATCNNAGAGCCACATATNN	0.5
5145	NNATTCGGCCAGAGNNCGATACTCGTATNN	0.5
5146	NNACGATGCGGAGTNNAGAATAGTCCACNN	0.5
5147	NNTGTTAGCAGCGCNNCTTAGAGCTTCTNN	0.5
5148	NNTGCTCTGCACACNNAGTCGGATAGATNN	0.5
5149	NNCGTCGCTTCAAGNNTGCGTTATATCGNN	0.5
5150	NNGTGTATAGGCCGNNACACCTTATGAGNN	0.5
5151	NNTGGAGCCTACTCNNACGAGTTCGTATNN	0.5
5152	NNAGGCTCGTAGAGNNTGACTCCAACTANN	0.5
5153	NNCACTAGACGCCANNTAGAGCGATAACNN	0.5
5154	NNACAACGGCGTCANNCTACACTTATGCNN	0.5
5155	NNTGCGGTTAGCAGNNACCAACTAGACTNN	0.5
5156	NNCGTAGCGGATCANNTGGTTGTATCGTNN	0.5
5157	NNCTACAGAGCCACNNGCATATTGCGTANN	0.5
5158	NNACTTGAGCGGACNNATGCCACTGTTANN	0.5
5159	NNGCCGATAACACGNNTGAGAGCAATAGNN	0.5
5160	NNCATCCGCTTGTGNNCTAAGCACGTTANN	0.5
5161	NNCGCTGTGAACCTNNTAGCTTGCGATANN	0.5
5162	NNATGGAGAAGCGCNNTGGAATGAGACANN	0.5
5163	NNACGACGCTTCAGNNGCATTAATGGCTNN	0.5
5164	NNCTGGCGTTCAGANNACCTAACTGAGTNN	0.5
5165	NNGTGGTTGCAACGNNTAATCACTGTGCNN	0.5
5166	NNCAGGTTCTGGCTNNCAACGAGTATAGNN	0.5
5167	NNCAGGCTAACTCGNNACAGTTGCCAATNN	0.5
5168	NNTGAGGTTGCCGANNTACTCCATACGTNN	0.5
5169	NNTGCGCCACAACTNNGTTATTGGCTGANN	0.5
5170	NNGCATCACACCGANNACTATCCACCTANN	0.5
5171	NNAGATCGGCATGCNNATCATTACAGCGNN	0.5
5172	NNTGCTGGCTGTGTNNATGCGTCATTGTNN	0.5
5173	NNAGCTGATGCAGCNNTATAGTCTCACGNN	0.5
5174	NNATGTCCATGCGCNNAGCTGGATATACNN	0.5
5175	NNGTGCCTACACACNNCATGTTCTCGATNN	0.5
5176	NNAGCCATGCCTGTNNCATTCCACGTATNN	0.5
5177	NNCGTCTTCGTCAGNNGTAACTTCGAACNN	0.5
5178	NNATCAGCAGCCAGNNCTTGTGGATTACNN	0.5
5179	NNAGGCCTCCTTCTNNGTGTCAATGAACNN	0.5
5180	NNGTACGGACACACNNTGAGCTGTTATCNN	0.5
5181	NNCAATAGCACGCGNNAGCAACTAATGCNN	0.5
5182	NNATGAAGCGCGTGNNTAGTGTAGCAGTNN	0.5
5183	NNCGCAGACCTACANNATTCGTCTCTGTNN	0.5
5184	NNCGCACGTGATACNNACATGTTAGCCTNN	0.5
5185	NNAGCGTCACACCANNCTGTATCTTCTCNN	0.5
5186	NNGCGCTTGTTCCANNAGGTCCATTATCNN	0.5
5187	NNGCCGTCATACGANNAGATTCGGCAATNN	0.5
5188	NNAGCTGCCTGTGANNTGACTTCCGTATNN	0.5
5189	NNGTACACCTTCCGNNACCACGACTTATNN	0.5
5190	NNCGCTCTGAACTGNNAGCTCACGAATANN	0.5
5191	NNCGAGAGAGTTGCNNTATTGGCTTCCANN	0.5
5192	NNTGCCGAGATGTGNNATTCCTCCATTCNN	0.5
5193	NNCAGCTGACAACGNNAGGTAACAAGGANN	0.5
5194	NNAGTAAGGCCTCGNNCTGATGGTACTANN	0.5
5195	NNCGCTATGCACTCNNTACGATCGAGATNN	0.5
5196	NNCGGCATCGTTACNNGCCTATATTCGANN	0.5
5197	NNACTCTCCACCAGNNACCTTCACATCANN	0.5
5198	NNCAGCTTAGTGCGNNACGTTCTAAGCTNN	0.5
5199	NNACGTCCACTGTGNNTGGTACGATTAGNN	0.5
5200	NNGCGTTCACGAACNNCTATATGTCGTGNN	0.5
5201	NNACTGCTCTGCCANNAGCGGTTACAATNN	0.5
5202	NNGTAAGTAGCCGCNNATCCAGTAAGGANN	0.5
5203	NNACCACCGATCAGNNATTCATCTCGTGNN	0.5
5204	NNCTAGGTGCGGATNNCGCATAACTTAGNN	0.5
5205	NNCTACTGCGGATCNNGCAGTTGTTAAGNN	0.5
5206	NNCACCATCGTCCANNTACCGACTATACNN	0.5
5207	NNAGACTGCCTGCTNNCACTCGTATTACNN	0.5
5208	NNTAAGCGCACGTGNNACAGTTATTCGCNN	0.5
5209	NNCACTCACGTCACNNTAAGGATACGAGNN	0.5
5210	NNACGGCATCTGTCNNCGTTGTTAATGCNN	0.5
5211	NNAGAGGCTTGCAGNNATCCAAGTAGTCNN	0.5
5212	NNAGCGATCTAGCGNNTATGTTGCTCCTNN	0.5
5213	NNAGAATGCTGCCGNNCAACAATAAGGCNN	0.5
5214	NNAGCTCATGCCTCNNGTGCTTGTAACANN	0.5
5215	NNATGCAGCCGTGANNACATCATAGCGANN	0.5
5216	NNAGGATGGAGTGCNNTGTGAAGGTTACNN	0.5
5217	NNCACTGGTTGGAGNNTGCAATGTGTTCNN	0.5
5218	NNAGATACGGTGGCNNCTGACGATTCATNN	0.5
5219	NNCAGACACTGCGTNNCATGATGATCACNN	0.5
5220	NNGCCTCTCCGAATNNCTATCGTAAGAGNN	0.5
5221	NNCTTGTCGTTGGCNNGCTCAGATGATANN	0.5
5222	NNGCGAAGCTAGTCNNACAGTATGCCTANN	0.5
5223	NNCGCGGACACAATNNATAAGTTACCGCNN	0.5
5224	NNCTTATCCGCAGCNNATACGGATCATCNN	0.5
5225	NNCGTATCTCGCGTNNTGATGACTTCTGNN	0.5
5226	NNCGATCAGGTGGANNCGTCAATCTATGNN	0.5
5227	NNTGTTCGACGGAGNNATACCGCTAACTNN	0.5
5228	NNTGACCTGTCCGTNNAGCCGTACTATANN	0.5
5229	NNCTGCTACCGATCNNACCAGACCTAATNN	0.5
5230	NNCGACGATGGATGNNATACTACCGTCTNN	0.5
5231	NNACACATCGGAGCNNTAGCACTCTAACNN	0.5
5232	NNGCAAGCTGTCAGNNGTTATTGGCAAGNN	0.5
5233	NNTACCACGCACCTNNACACGATTACCTNN	0.5
5234	NNGTGGTGTTCCGTNNGTATACTTGCGANN	0.5
5235	NNCATCCACGAACGNNATCGAGAGTTAGNN	0.5
5236	NNCTGACACGGTAGNNCATTCACGTTAGNN	0.5
5237	NNGCCGAGTGTACTNNATGATGTCTGACNN	0.5
5238	NNCGCGTAGCTATCNNGCTCATCAATAGNN	0.5
5239	NNTAGCAGCACGTCNNACACCTATCTTCNN	0.5
5240	NNTGGTATCCAGGCNNGTTATCTGCTAGNN	0.5
5241	NNAGCCTTGATGCGNNATCCTAGTAGAGNN	0.5
5242	NNTAGACGGCTCTCNNTAGTGTTGAACGNN	0.5
5243	NNTGTTCGACGCCTNNTATCATGGAGCTNN	0.5
5244	NNGCGAGAGGTGATNNAGACTTACCGTANN	0.5
5245	NNTATGCGCAGAGCNNCTACGGATAACTNN	0.5
5246	NNACGCGCTGTGATNNAGAAGCGCTAATNN	0.5
5247	NNCACAGATCCGCTNNTGGATGATCTGTNN	0.5
5248	NNGCGGAGTATAGCNNCTAGACATGTGANN	0.5
5249	NNTATCGCACTCCGNNTACTTCGGTTGANN	0.5
5250	NNCAGTTGTAGGCGNNAGTGCTTGTTAGNN	0.5
5251	NNGTTGACGGCAAGNNCACGAGTTACTANN	0.5
5252	NNATCTGGCACCTCNNATCGGATGATGANN	0.5
5253	NNGCGCTACTAGTGNNGTGGTCAATTGANN	0.5
5254	NNAGACTGCTCCTGNNTAATCTTGCCTCNN	0.5
5255	NNAGCGCGACACTANNCGACATGGATATNN	0.5
5256	NNATTGTGAGGCGCNNCATGCTACCTTANN	0.5
5257	NNCAGTGGCATCACNNAGTAGACAGTCANN	0.5
5258	NNCGAAGGTAGCACNNCTAACCACATAGNN	0.5
5259	NNTGCACGGATTCGNNCATAGAGCATTGNN	0.5
5260	NNTAGTTCGCCGGANNTAGACTCTAGGANN	0.5
5261	NNTAGAGGCCTTGCNNGTATCTGTAACGNN	0.5
5262	NNGTGAAGGACCAGNNTACAACAACAGCNN	0.5
5263	NNGTAGCCTAGCCTNNACATCACTTCAGNN	0.5
5264	NNGCGCGGAATAGANNGTTGACCATTAGNN	0.5
5265	NNGCCGATCATGCANNATACTAGAACCGNN	0.5
5266	NNATGCCTTGCCTGNNTAGGTGTATCCANN	0.5
5267	NNGCTCAGGAGTACNNTAACACTAGGTGNN	0.5
5268	NNCACTGCATCACGNNCAGAAGTCACTANN	0.5
5269	NNAGTCGGAGCATGNNATGTGTCTTCCANN	0.5
5270	NNTGGCTAGACGGANNAGAACATAGTGCNN	0.5
5271	NNTACCGCCAACTGNNTGTGCATAGTGTNN	0.5
5272	NNCGAACGCATCACNNTATCGTAGGAAGNN	0.5
5273	NNCTGCTAGCGCTANNATGAATGTCGACNN	0.5
5274	NNGCCAGCTACCATNNCACTTGAGGAATNN	0.5
5275	NNTGCATGGCACGTNNATCGCTTCTTAGNN	0.5
5276	NNCACGAGAACCTCNNTGTTCTTCGTGTNN	0.5
5277	NNTAGCGCCTGTGANNAGCGAATTCCTANN	0.5
5278	NNCACTGTCCTGTCNNGTCTAGAGCAATNN	0.5
5279	NNAGCTTAGGTCGCNNCGACCAATATTCNN	0.5
5280	NNGTCGGTTCTGCANNACTTGACACAGTNN	0.5
5281	NNGTGCTGACATCGNNTGTGATACAGTCNN	0.5
5282	NNCGGCGGTTAATCNNAGTCACAACATCNN	0.5
5283	NNGCGATGGTATGCNNTATATGCGTCACNN	0.5
5284	NNCAACCAGGTCAGNNTGCATAGTGTTGNN	0.5
5285	NNGTATGCCATGCGNNACTATCCGAACANN	0.5
5286	NNCGGATGAGGAGTNNCGTGTGTATTAGNN	0.5
5287	NNGTTGTCATCCGCNNATACGCTTGGTANN	0.5
5288	NNTGACAGCTGGCANNCGATTATGTCGANN	0.5
5289	NNAGAAGGTCCGGANNACTCTATCACCANN	0.5
5290	NNGCGGACTAGGTANNCTTACGCACAATNN	0.5
5291	NNATCATCCGGAGCNNTGGATAAGTGCTNN	0.5
5292	NNATGGCCTCCGATNNCTTGCATAGACTNN	0.5
5293	NNCGTTGCCAAGCANNCTAATTCACGTCNN	0.5
5294	NNGTACACTACCGCNNCTTGATCTCACANN	0.5
5295	NNCGACTCAAGCACNNCGAACAGAATGANN	0.5
5296	NNGCTAACGCCGATNNGTACGCTTATCTNN	0.5
5297	NNCATACCGGCTCANNTAACGATCCACANN	0.5
5298	NNCGCAGCTTAGCANNTAGGATGAGGTANN	0.5
5299	NNTGGTAGCCGAAGNNAGATATACCGACNN	0.5
5300	NNCAGTAGGCTGACNNGTTGGTATGGATNN	0.5
5301	NNCAACGCGTCGATNNAGGAACATTGTGNN	0.5
5302	NNACTCAGGCAGAGNNGCTATTGCTACTNN	0.5
5303	NNGTCGTGACTAGCNNTACTCTGACATCNN	0.5
5304	NNCGGATAACCTCGNNCTAGCTATGGATNN	0.5
5305	NNGTGGACGATCCTNNACAGTATTACGCNN	0.5
5306	NNGCCAAGACGTACNNTAAGTAGCACGTNN	0.5
5307	NNCGCTAGAGCTAGNNTAAGATACTCCGNN	0.5
5308	NNCGACCAGTACCANNCATACAAGACCTNN	0.5
5309	NNATGCGAGTCCAGNNGCTGTACAATGTNN	0.5
5310	NNTGTACTCCGCACNNGTCTATGTCATGNN	0.5
5311	NNGCCGCGTATACANNAGTGTTCGATGTNN	0.5
5312	NNCGGTACGCCTATNNTAGGTCTGTTACNN	0.5
5313	NNCTGGATCTCGCTNNTGTACCATCAGTNN	0.5
5314	NNGCTTCAAGCGGANNCTATTGGAGTTGNN	0.5
5315	NNGTGCTAACCGTGNNGCTCTAAGGTATNN	0.5
5316	NNCACACTATGGCGNNATAGACCATCGANN	0.5
5317	NNCGCCTTCGATGTNNACTGTCTACATCNN	0.5
5318	NNCGTCTCGATGGANNAGTTACATGAGCNN	0.5
5319	NNGCACGGCTACTANNCTGAACATGATGNN	0.5
5320	NNGTCTTCACGCTCNNGCAGTCATTAGANN	0.5
5321	NNGCCAAGTCCAACNNATAGAGATCACGNN	0.5
5322	NNAGGCTTCGACGANNTGTCATCAAGTGNN	0.5
5323	NNCTGCTCCTCCATNNATGTTACAGCCANN	0.5
5324	NNGTAGCGATGCGTNNATTCTGCACTTGNN	0.5
5325	NNCGCAACGTGGTANNTATATGCGATGCNN	0.5
5326	NNCTGCATTCAGGCNNAGTTGAACCTCTNN	0.5
5327	NNCTGCACCAGCATNNAGGTATGTCGATNN	0.5
5328	NNCGCCACATTGTGNNCATAGCTGTCATNN	0.5
5329	NNCAGCATGTGAGCNNTGTGATCCTTGANN	0.5
5330	NNCGATTGGTGCTGNNATATCCTTCGTCNN	0.5
5331	NNAGCCAACTCAGCNNGCCATACTGTTANN	0.5
5332	NNCTTCCGACCACANNTGACATTCACTGNN	0.5
5333	NNCAAGACGGCAAGNNACTACAAGTCCTNN	0.5
5334	NNCGGCTTAGGTAGNNCATCTAAGCAGANN	0.5
5335	NNGCTACAGACACGNNCGTTGTAAGTTCNN	0.5
5336	NNTGAGCCTGCCATNNTAACACGTTCGANN	0.5
5337	NNCAGCGAGTTCGANNTGATGGACTTACNN	0.5
5338	NNGCCATCTACCTGNNATGCCTACTCTANN	0.5
5339	NNCTTGTCCATCCGNNACGTTATTCCTGNN	0.5
5340	NNACCGACGACTGANNAGTCGAACATTGNN	0.5
5341	NNCTTGCGTGAGTGNNCGAATGTATGAGNN	0.5
5342	NNCGTGTAGGACACNNCACTACAACACANN	0.5
5343	NNGCCTCTAACCACNNTGAGCAGGATTANN	0.5
5344	NNATACCGTGCGTCNNCAAGCACAGTTANN	0.5
5345	NNTGGATCACCACGNNCAACTAGAACTGNN	0.5
5346	NNCACGCCGATACANNTATCGCTTGAAGNN	0.5
5347	NNTAGAGCCTCGTCNNGTGATCTTACTGNN	0.5
5348	NNCAGCAGTGCTTCNNTGATCACGAACTNN	0.5
5349	NNTGCCACCTGGATNNACTCTTCCTAAGNN	0.5
5350	NNTGAGTTCGCAGCNNGTATGCGTCTTANN	0.5
5351	NNTGTCTGCTGTCGNNGCTACTTACTTGNN	0.5
5352	NNAGCTGCGTACACNNCAATACCTAGACNN	0.5
5353	NNACGGAAGAGCCTNNGTAAGGTCTGATNN	0.5
5354	NNCAAGGCAACTGCNNACGCTATATCACNN	0.5
5355	NNTGGCGATCCTCANNCACGGAATAACTNN	0.5
5356	NNCAAGGTCGACGTNNCTGTGAATTGCTNN	0.5
5357	NNCGTGCACTGTTGNNGCGTTCGAATTANN	0.5
5358	NNGTGCTCTACACGNNAGTAACGTGGATNN	0.5
5359	NNGCTGTCACGTCTNNCGTATTGTAGTGNN	0.5
5360	NNTACTGAAGCGGCNNACAGAACCTTACNN	0.5
5361	NNACGGAGCCATGANNATATCCAGTCTGNN	0.5
5362	NNTGACTGGTACCGNNCTACCTAATCGANN	0.5
5363	NNACCTCTACCGCANNCATACGTCTTCTNN	0.5
5364	NNCGCATTACTGGCNNGTATAGGACCATNN	0.5
5365	NNTGCGTAGCGTTCNNAGCATGATATGCNN	0.5
5366	NNCGATCCGGTATGNNATCGTTCCTAAGNN	0.5
5367	NNCAGCTAGAACGCNNCGAAGAATGGATNN	0.5
5368	NNTGCGCCTGTATGNNATCATCGCTGATNN	0.5
5369	NNGTCTACCGTGTGNNTGAGATGGTCTANN	0.5
5370	NNTACACGCGTAGCNNACATTCGAGCATNN	0.5
5371	NNCATCGGACTGCTNNATGTCAGGAATGNN	0.5
5372	NNCTAGCACCACCTNNTGCTATCATCCANN	0.5
5373	NNAGGCACTCGTACNNATTACACCACCANN	0.5
5374	NNAGATCGCCACACNNGCATGATCTATGNN	0.5
5375	NNGCAACCGGTTAGNNCGTATCTCATCANN	0.5
5376	NNTACTCGACTGCGNNACTAGCCATACANN	0.5
5377	NNCGACTCAGGATCNNATCGTTCTACAGNN	0.5
5378	NNCATGGACGCGTANNCATTGTACCAGANN	0.5
5379	NNGTATGCGCCGATNNAGGACTTCTTGANN	0.5
5380	NNTGGTCCTGTCGTNNTACTTAGTTGCGNN	0.5
5381	NNTGCCGGATACTCNNTATCCGAATACGNN	0.5
5382	NNTGGCCTTGAGAGNNCGTCAGTTATTGNN	0.5
5383	NNTATCACTGCGCGNNGTCTTATTCGTCNN	0.5
5384	NNTGTCCGTTGCTCNNATATTCCTTGGCNN	0.5
5385	NNCGCACAGTAGAGNNCGTAGTATACCTNN	0.5
5386	NNCTGCACCATGGANNCTTCAAGTTGTCNN	0.5
5387	NNACACAAGCGGCANNAGACTGCTAGTANN	0.5
5388	NNCTTACTCGGAGCNNTACTGTTCAGAGNN	0.5
5389	NNAGAGCTCGTCAGNNTAAGATTCGGAGNN	0.5
5390	NNTGTTCAGGTGGCNNTAACGAAGCGATNN	0.5
5391	NNAGCAGGACCATCNNATGAGATACCAGNN	0.5
5392	NNACCGAGTCGAGTNNTAACTTGTACGCNN	0.5
5393	NNGTACTCGACAGCNNCGCATACAACTANN	0.5
5394	NNGTTAGGTTCGGCNNCACTATCATCGANN	0.5
5395	NNAGCAAGGCGAAGNNAGAGTGGATAGANN	0.5
5396	NNATGTTGCCGCGTNNGCTGTCATAACANN	0.5
5397	NNTATCCGCGACGANNTGAATGCGATTGNN	0.5
5398	NNCTGAGGCGTGATNNGTGCTATGATGTNN	0.5
5399	NNACCTGCAGCTAGNNGTACCTCAGAATNN	0.5
5400	NNACCTCTCCATCGNNCTAGGTTGATTGNN	0.5
5401	NNCGGTTACAGCTCNNTAATGGTGGTGTNN	0.5
5402	NNCTAGACACCGACNNTAGTGAACCATCNN	0.5
5403	NNGTTGATCGGCACNNTGAACTGACCATNN	0.5
5404	NNTATCCGACGCGANNCGTCCATTAACTNN	0.5
5405	NNGCATATCAGGCGNNACGGTGATAGTANN	0.5
5406	NNATACACGCGCAGNNTAAGATGTCGCTNN	0.5
5407	NNATCCACACCTGCNNGTCAGTGCTAATNN	0.5
5408	NNGTCTTCCTCGCANNGCAGTTGCAATANN	0.5
5409	NNCATAGGACTGGCNNTGCTTATTCGAGNN	0.5
5410	NNGCAAGGTCGTTCNNTGGAACTCTAGTNN	0.5
5411	NNCAGCCTAGCTCTNNAGTCATCAACACNN	0.5
5412	NNCGTGATGGCATCNNCTATAGCGAGTANN	0.5
5413	NNGTCTGAGTTCCGNNCATCTCTTAGTGNN	0.5
5414	NNTATCGCTCGCGANNTATCGGAGTTGTNN	0.5
5415	NNTAAGCCTGCGTGNNGTTAGGATCTCTNN	0.5
5416	NNCGCAGGTTCATCNNCAATTGGTGTCANN	0.5
5417	NNTGGTGGAGGAGTNNTGGTAACGTCTANN	0.5
5418	NNCGCAGCCTTATGNNATACGGAGAGTANN	0.5
5419	NNCGCTCGATTCTGNNCTAACTACGGTANN	0.5
5420	NNGCTCTACGGTTCNNTATCCACTCTGTNN	0.5
5421	NNTGCCACCGTACANNATAGCAACGCTANN	0.5
5422	NNTGAGCCTCCTGANNTATTCGTGCTACNN	0.5
5423	NNTGCAGACGGCTANNAGCAATACGTGTNN	0.5
5424	NNCAGGCTGCATAGNNAGTCTCAACTCANN	0.5
5425	NNGCGCTGCATTCANNCTAGTAGGACTANN	0.5
5426	NNACGACCAGTGAGNNCGATATCCATGANN	0.5
5427	NNCGCTTCAGCCTANNAGGTAGATCACTNN	0.5
5428	NNTGGATGTGCTCGNNCACGTGGTATATNN	0.5
5429	NNCTGGAGTAGACGNNGTTGAGGACTATNN	0.5
5430	NNCGGAACTACACGNNAGTGAGAGAACANN	0.5
5431	NNTGAATGCCTCGCNNAGCCAATTGACANN	0.5
5432	NNCTGGACTACGTGNNCACCAGTTATAGNN	0.5
5433	NNACGACAGCAAGCNNGTCGATTACAAGNN	0.5
5434	NNTGGAGGACCTACNNAGATCCTTGAGTNN	0.5
5435	NNGTGCGCAACTGTNNGTCAATAAGCCTNN	0.5
5436	NNAGAGTCCGTACGNNATTAAGGTGAGCNN	0.5
5437	NNCTGTGGTTGAGCNNCAATCGGTCTATNN	0.5
5438	NNAGGCGTACACGANNAGTGAGAGTCTANN	0.5
5439	NNCACTCGCTATGCNNAGATACCTTCGTNN	0.5
5440	NNGTTAGCTGGCGTNNGCTTCATACACTNN	0.5
5441	NNGTACGACACGCTNNACCTAGATTGGANN	0.5
5442	NNAGCTACAGGCCTNNGTAGATAACCACNN	0.5
5443	NNACGGTCGTCTAGNNAGTCTTGATCGANN	0.5
5444	NNAGCCTACCGTTGNNTATGACGCATAGNN	0.5
5445	NNATAGACCTCGGCNNTACGCACATTCTNN	0.5
5446	NNCGTATTAGGCGCNNATACAGGAGCTANN	0.5
5447	NNCGAGCATTACCGNNCAACAATGCGTANN	0.5
5448	NNCGACGAAGTGTCNNTGATTCAGACGANN	0.5
5449	NNCTACCTGGATCGNNGCTACATCAGATNN	0.5
5450	NNCGACTGCCTAGANNACTTCGGTTACTNN	0.5
5451	NNGTGTTCGCGTTCNNGTAATGGTTACGNN	0.5
5452	NNCGTCGAACGAGTNNCATTGATCTCAGNN	0.5
5453	NNCGCCGGTGTTATNNCAAGTCTTCAGANN	0.5
5454	NNTGCGGTGTGATCNNTACTTAGCGAACNN	0.5
5455	NNACACCACTGAGCNNTAGGACATGTGTNN	0.5
5456	NNGTGCCAGCTTGTNNAGACTCTTCCTANN	0.5
5457	NNCGCCAACAACTGNNGTTGACGAACTANN	0.5
5458	NNGCTAGCCTAGAGNNCTACCTAAGAGTNN	0.5
5459	NNGCGCCTTCATGTNNGTGCTTGAATTGNN	0.5
5460	NNCGGAGCAGTTAGNNCTAGAGTGGAATNN	0.5
5461	NNCACCGTTAGGCANNATCCTTACCAAGNN	0.5
5462	NNGTTGCCGCATTCNNTGCTACTTATGCNN	0.5
5463	NNAGCGTGCTTAGCNNTACGATCTCAGTNN	0.5
5464	NNGCTTGAAGTGGCNNGTCCACAATTGANN	0.5
5465	NNCGCAATTCACCGNNCACCAATCTTAGNN	0.5
5466	NNCGAAGCGACTAGNNCTACTTGGATGANN	0.5
5467	NNCGCCGTATCAAGNNTAAGACCTGTCANN	0.5
5468	NNAGGAAGTTGCCGNNGTTGAGTGCTTANN	0.5
5469	NNCGCCTAGCTAAGNNCGAATTGAAGGANN	0.5
5470	NNGCACCTGTCTTGNNATTAACGGCATCNN	0.5
5471	NNGTGAAGGCGCATNNTATGTCCATTCGNN	0.5
5472	NNCGAGTCACCACANNTAATTCGCAGTGNN	0.5
5473	NNATCGGCCTACACNNTAGTCTGCATCTNN	0.5
5474	NNAGCTAGAGAGCGNNACTTGTGGAACTNN	0.5
5475	NNAGTTGGCACGTCNNTACTCTGTCCATNN	0.5
5476	NNCACTTCTCGACGNNTAAGTCAGGACANN	0.5
5477	NNACGCGTAAGGCTNNGTGTACACTTGTNN	0.5
5478	NNCTAGCTCACCACNNGTCATCTGTATCNN	0.5
5479	NNCGAGCACGCATANNCTGTCAACGTTANN	0.5
5480	NNCGGCAACTTGTGNNATTGCTAGACTCNN	0.5
5481	NNCGAGGAACTGACNNTATGATTAGCGCNN	0.5
5482	NNCTTCGGCGTTCANNGTCACGTATAGANN	0.5
5483	NNAGTCTACGCGTGNNAGGCTAAGATGANN	0.5
5484	NNCTTCTTCACGGCNNGCGATAATCCATNN	0.5
5485	NNCGCGTAATTCCGNNCATGCACTAACTNN	0.5
5486	NNTGCTTGCACTCGNNATGCTAGACTGANN	0.5
5487	NNATTGACGCCTCGNNACGTCTGTATTGNN	0.5
5488	NNTGAGAGCAGCGTNNATATGACCAGTCNN	0.5
5489	NNGCGCACATGAGTNNTAATCGCATGCANN	0.5
5490	NNCACTGTCGACTGNNCTACGGACATTANN	0.5
5491	NNGTGGTAGTCGTCNNGTGAGAATCTGTNN	0.5
5492	NNTGAGGTGCAGTCNNCTTCTAGGTTAGNN	0.5
5493	NNCACCAGTGACCANNGTGAGTATAGGANN	0.5
5494	NNCGGTAACTGGACNNGCAGCTATCTATNN	0.5
5495	NNACGTCCAGTCGTNNAGGTTACCAGATNN	0.5
5496	NNAGCCTCCAACGANNATCATCGGTTCTNN	0.5
5497	NNACCGTCGTTGTCNNATTCGCATGTAGNN	0.5
5498	NNCTATCCGACGCTNNACGGTTACTACANN	0.5
5499	NNCGTTGAGGAACGNNCGGTCTAATACTNN	0.5
5500	NNGTCCGTACAGTGNNATATTCAGCGCTNN	0.5
5501	NNTGCTGGCACTGANNCTAGGACGTATANN	0.5
5502	NNTGTCGATGTCCGNNATATCTGCGACANN	0.5
5503	NNAGGTGGCTGAAGNNAGGATCAAGCATNN	0.5
5504	NNCAGTGCATGCACNNCTACGTTGAAGTNN	0.5
5505	NNCTGTGGTCAGCTNNGTGACAGTTAGTNN	0.5
5506	NNATCGATCGGCAGNNTAACACCTACCTNN	0.5
5507	NNCACCGTTCCTCANNCAGCATATAGCANN	0.5
5508	NNCATCAGGACAGCNNACCTAGGCTATANN	0.5
5509	NNGCCATTCCAGCANNCTATCAGTACCTNN	0.5
5510	NNTACGCACCGAACNNTGACACGAAGTANN	0.5
5511	NNTGGAGCCAGATGNNGTTGAGAAGAAGNN	0.5
5512	NNGCGTGCAGTAGTNNACTCCTTCTTCTNN	0.5
5513	NNTAGCCACCACCANNGCATCTATTCAGNN	0.5
5514	NNACATCGAACGGCNNTGGTAAGATGACNN	0.5
5515	NNGTTCCGGTGTCANNTGTGCACCATATNN	0.5
5516	NNCTGAGGCGAGTANNTAAGGACAACTGNN	0.5
5517	NNCACACCATCTGCNNTATCCTCGTAACNN	0.5
5518	NNATACGGCTACGCNNATCAGTTCTGAGNN	0.5
5519	NNCGCAACACATGCNNATGCAAGAGGATNN	0.5
5520	NNCTGGAAGCGTCANNTGGAAGAGATTCNN	0.5
5521	NNACGGCTTCACCTNNGTAAGTTAGGTGNN	0.5
5522	NNGTCCACACTCCTNNAGTAAGCATGACNN	0.5
5523	NNGTAACCACCGTGNNAGTACCAGAACTNN	0.5
5524	NNTATGGTTCCGGCNNAGAGGTGTTGATNN	0.5
5525	NNCGGTTCAGTGCTNNTATTGCGCTACTNN	0.5
5526	NNACTCCGGAACGANNTAGACAGGCATANN	0.5
5527	NNATGCGGCTTGAGNNATTGAATAGGCGNN	0.5
5528	NNGCTACCAATCCGNNTAAGAGGTACTGNN	0.5
5529	NNTGCGGAGGAAGANNATAGGAAGAGGANN	0.5
5530	NNGTACCGGTAGTGNNGTGTCAATCACTNN	0.5
5531	NNGTGGATGGCCTANNACTATATCGCCTNN	0.5
5532	NNCATCCGTCCTACNNTAGTTGTGCGTANN	0.5
5533	NNACGCGTCGATAGNNATGTTGGATCGANN	0.5
5534	NNTGTCCTGAGGCTNNTGTCTGTACTACNN	0.5
5535	NNTGCAGTGTGGACNNCGCTATTAAGGANN	0.5
5536	NNTGATCAGGTCCGNNCAAGACCACAATNN	0.5
5537	NNCGTATAGGCTGCNNTGATCAGGAATGNN	0.5
5538	NNGTTACGCCGTACNNGTGAGTGACTTANN	0.5
5539	NNTACTCCTACCGCNNCAAGAGACTTAGNN	0.5
5540	NNGCACAGATCGTCNNTAGCGACTAACTNN	0.5
5541	NNAGGAGCTTACCGNNCATATCGAGTCANN	0.5
5542	NNCACGACGACTTGNNCGTAAGCTCTATNN	0.5
5543	NNGCAGACTACGTCNNTGATCCACATACNN	0.5
5544	NNGTGTGGCGCATANNGTATTCGTCTAGNN	0.5
5545	NNTACGACGGACGANNAGTTAGCTAAGCNN	0.5
5546	NNCAACAAGAGGCGNNCATCGTTCTCATNN	0.5
5547	NNAGGCCACCTACANNTGTCACCTAAGANN	0.5
5548	NNGCCACGTGTATCNNCGAAGACAGTATNN	0.5
5549	NNTGTGCGGCACATNNGTTGGAACTAAGNN	0.5
5550	NNCGTTCCGGTTGANNATCTATGACTGCNN	0.5
5551	NNCTGACCTGTGCANNACACCACACTTANN	0.5
5552	NNAGAAGGAGGCTCNNTATCCATTCGTGNN	0.5
5553	NNGTGAGAGGCAGTNNATGGTGTGAGATNN	0.5
5554	NNATCACCGCAGAGNNCTAGTAGTATGCNN	0.5
5555	NNACATGACGGTGCNNATGCACCATTCANN	0.5
5556	NNCGCGGAACATAGNNTAGACTTGACCTNN	0.5
5557	NNATGCAAGCACGCNNACTTGGAGATCTNN	0.5
5558	NNACCACGAGCAGANNATACTGTGCTCTNN	0.5
5559	NNAGAAGCCAGCAGNNGTCTTCAGAAGANN	0.5
5560	NNCGGTCTGTTCCTNNTAGGTTATGACGNN	0.5
5561	NNTAGCACAGGCAGNNGCAGTTACAACTNN	0.5
5562	NNGCGTCTCATGGANNTAGTTGCTGATGNN	0.5
5563	NNCACCACACGATCNNATATTCTCTCGCNN	0.5
5564	NNCACTGCTCCACANNAGACAAGTTCGANN	0.5
5565	NNTAGAGCTCCGGANNGTACTAGCTATGNN	0.5
5566	NNCGTCACTATCCGNNTGTTAGCTTCCTNN	0.5
5567	NNATGCTGGTCGAGNNCAGTCTAATCTCNN	0.5
5568	NNCGCGAACTCAGTNNGTAAGTATGTGCNN	0.5
5569	NNATAGCCGTGGCANNATCGGATTAGCANN	0.5
5570	NNACTCTCAGCGCTNNACATGAGTAGAGNN	0.5
5571	NNACGCCGTTGCTANNGTTACAACGAAGNN	0.5
5572	NNATGCCGCTCATGNNCGCAGTATGTATNN	0.5
5573	NNATCAAGGAGCGCNNTATAGCAGGACANN	0.5
5574	NNACACCGGACTAGNNCTAGTATATCCGNN	0.5
5575	NNCGGACCATTCACNNTACCTACAGACANN	0.5
5576	NNCTGCTCACTGCANNTACTGTAATCCGNN	0.5
5577	NNAGAACGCAGGAGNNATGCTCATGGATNN	0.5
5578	NNCAGCAGACGACTNNATGTCGATCTACNN	0.5
5579	NNCACGCATACTGCNNCAGTACTGTCTANN	0.5
5580	NNCACCGTGTCTGTNNTACACTCGGTATNN	0.5
5581	NNATGAGCTCAGCGNNATGTCCATGATGNN	0.5
5582	NNCTTGTCTCGCACNNTGTCACCTATACNN	0.5
5583	NNGCAATCGCGTTGNNATTGGTCACTTCNN	0.5
5584	NNGCCATAACCGTGNNAGCTCAATTGTCNN	0.5
5585	NNACCAGCTAGCGANNGTAGGCATATTCNN	0.5
5586	NNTGCTCGAGTGCTNNAGACTAATCGAGNN	0.5
5587	NNCAGGCACGTCTANNCGTATGAAGTTGNN	0.5
5588	NNCGTGAACATCGCNNATCTCACAACTGNN	0.5
5589	NNGTTGTTCGCGGANNGCTCGCTATAATNN	0.5
5590	NNCAACGTGCATGCNNTACGGATCATTCNN	0.5
5591	NNAGGAGGCTTGGANNTATCAAGTCTGCNN	0.5
5592	NNCACAGATCGCAGNNATCACCTTCAGANN	0.5
5593	NNACGCGCATTACGNNGCATGTAGTCATNN	0.5
5594	NNCGGATTAGGACGNNACAGCAGATACANN	0.5
5595	NNGTTATCTCGGCGNNGTGTATGTAGTGNN	0.5
5596	NNAGGCTACACAGCNNAGGTAGAGAATCNN	0.5
5597	NNCGTGGACTGACTNNGCTACACTATTGNN	0.5
5598	NNGCTACTGGAGTCNNTACTACCAGAGTNN	0.5
5599	NNAGAGCGCGATACNNAGACATCCATCANN	0.5
5600	NNCAGGCAGCCTATNNGTAGCAGTATACNN	0.5
5601	NNTATTGGCGCCTCNNCGACTTATCTAGNN	0.5
5602	NNCTGTGCCAGAACNNATGTGTCCATGTNN	0.5
5603	NNGTGGCCTCCATANNTAATGAGGATCGNN	0.5
5604	NNCGAGGAGTTGAGNNACTCTGAACCTANN	0.5
5605	NNCGGATGGCCAATNNGTTAACGAGAAGNN	0.5
5606	NNGTAGGAAGGCCANNACATTGCAGGTANN	0.5
5607	NNGCCACCACAAGANNGCTCATGTTACANN	0.5
5608	NNTGCCGAATAGGCNNGTTCTACGTAAGNN	0.5
5609	NNACTGATGCGCGTNNACTCTGCATTAGNN	0.5
5610	NNCTAGGCGAAGACNNTGACAGAACTACNN	0.5
5611	NNCGGCACCTGAATNNTAAGGCAGATCTNN	0.5
5612	NNTATCCGGCCTCTNNCTTCTGTCATGTNN	0.5
5613	NNAGCGGTACTCTGNNACGTCCTAACTANN	0.5
5614	NNACCAATCGGCCANNTAATCGAATCGCNN	0.5
5615	NNAGTGCCGCCATANNAGTGGTTCACTANN	0.5
5616	NNACCAGCTCAGTGNNGTCACACCTATANN	0.5
5617	NNCGCATCTCAGAGNNTATGTGAAGTCGNN	0.5
5618	NNTAGACTCGCTCGNNAGTCACATCGTANN	0.5
5619	NNCGCTCTTCTTGCNNAGATGCACATCTNN	0.5
5620	NNCACCGTAGCACTNNATTCGCAGATCANN	0.5
5621	NNGCTGAGCACGATNNGTAGAGGTGTATNN	0.5
5622	NNCAGATTCAGCCGNNATGCGACAAGTANN	0.5
5623	NNCACTGGCACGATNNTAACCGAAGTACNN	0.5
5624	NNTAGCCAGTGTGCNNCATGTAGACTTCNN	0.5
5625	NNTGGTGCTGTGCTNNCTACACCAATCANN	0.5
5626	NNGCGCTGTCCTATNNACACGAAGGTATNN	0.5
5627	NNCGCCATCCATTCNNATTCTAGCTCAGNN	0.5
5628	NNGTCTGGTTCGAGNNACTCGATAGCATNN	0.5
5629	NNGCGACTCAACACNNTAAGTACGGTTCNN	0.5
5630	NNTAGCGCGTTCCTNNGCGGTATATACTNN	0.5
5631	NNCTATCCTCCTGCNNTGAACAAGGACANN	0.5
5632	NNAGCGGAAGGACANNACATCTCTCAGANN	0.5
5633	NNGCCGATTGTCAGNNCGTTATAGGACANN	0.5
5634	NNACGCCTTAGCTGNNGTCTTCATCTGTNN	0.5
5635	NNCGTTACGAGGCTNNGCACGAGTTAATNN	0.5
5636	NNGTGAGGTGTCAGNNATGTGCTTACGTNN	0.5
5637	NNCTGAGCTTCCGANNACGTAGTTCATGNN	0.5
5638	NNCAGCTCGATTCGNNACGATGGATTGTNN	0.5
5639	NNGCGGACGTCAATNNATCTAAGATGGCNN	0.5
5640	NNCTACCGTCACACNNCATGTCATGACANN	0.5
5641	NNAGCGATGCTTGCNNTAGTCGAACTCANN	0.5
5642	NNGCGTTCTGCATGNNACCTAACCATTCNN	0.5
5643	NNTGTTCGACCACGNNTGTAATGCCAGTNN	0.5
5644	NNTAGTAGTCCGGCNNATCCATACGATGNN	0.5
5645	NNAGGCTCTTGCACNNCGCTAAGGTTATNN	0.5
5646	NNCGGTAGGCATTCNNAGCTAAGACATGNN	0.5
5647	NNACTCAACGTCGCNNACTTGGCTAATCNN	0.5
5648	NNATTCCTGTCGGCNNATAGATACCAGCNN	0.5
5649	NNTAGAGCACGCGANNATCCTTATGTCGNN	0.5
5650	NNCGAAGTGTGACGNNACGCGTAATTGANN	0.5
5651	NNTGCTCGATGAGCNNTAAGTGTGGTTGNN	0.5
5652	NNAGTCTCTCGGCTNNCGACAACTTATCNN	0.5
5653	NNACTAGTGGTCCGNNTACGTCAATGTCNN	0.5
5654	NNTGCTGATGCGTCNNTAACATGACGTCNN	0.5
5655	NNCACGCCACTAGTNNGCATGTATACACNN	0.5
5656	NNCAGTGTCCGAGTNNACACTACGATACNN	0.5
5657	NNACAGGAGTGGACNNTACCATCGTTAGNN	0.5
5658	NNGTGGCTGCGATANNTAGTGATCGAACNN	0.5
5659	NNGCGATGGTGAACNNTATCCTCGAGATNN	0.5
5660	NNATCACGGCTGCANNCGTCATACCATANN	0.5
5661	NNTATCCTCGCTGCNNACTGTAGATTCGNN	0.5
5662	NNAGCCAACCTGCTNNCTTCTGTTGACANN	0.5
5663	NNGCGTTCCTCATCNNACGGAACAATTGNN	0.5
5664	NNGTGAGTCGGAGTNNTAGATGCTCTCANN	0.5
5665	NNCGCTGGTAAGCTNNTGAGCACTACATNN	0.5
5666	NNACACACCTGCTGNNCAAGTATGGATCNN	0.5
5667	NNCGACGATCAGCTNNCAAGAGTAGATGNN	0.5
5668	NNGCGGAACACCTANNCACGGCTTAATANN	0.5
5669	NNTGTCGGCTTCTCNNCACTTACAAGTGNN	0.5
5670	NNTGGAGCACGAAGNNACATCCTGATGANN	0.5
5671	NNCGCGCAAGGATANNACTTAAGCAGTGNN	0.5
5672	NNAGACGACTCCAGNNCATCAAGCATTCNN	0.5
5673	NNCTGCTCGCCATANNCACACTATCATCNN	0.5
5674	NNGTTGAAGCCACGNNAGGTAACAACACNN	0.5
5675	NNGCGTTAAGGACGNNGCATTAATTCCGNN	0.5
5676	NNACTGTGCCAGAGNNATCAGTTACTCGNN	0.5
5677	NNCTAACGGACGTGNNATTCCTCACTCANN	0.5
5678	NNAGCGAACGGACTNNATCAGACTCTTCNN	0.5
5679	NNGCTCCGTAGCTANNGTAGAATATGCGNN	0.5
5680	NNATGCGAGGAACGNNCGATCGATAAGANN	0.5
5681	NNCACCTGTGACTCNNTATCTTAGGTGCNN	0.5
5682	NNGTGCACTGTAGCNNATAGAGGTTCTCNN	0.5
5683	NNACGCACGAGACANNAGAAGTGGAATGNN	0.5
5684	NNCAAGACACACGCNNATAGCGTAGATGNN	0.5
5685	NNCACTGAGCGATCNNTATACCAGGATCNN	0.5
5686	NNCGGAGGTTAACGNNTAGGCTGTTCATNN	0.5
5687	NNTAGGCGTGACAGNNCTTAGACTAACGNN	0.5
5688	NNAGCCTCAGCTCTNNCTTCCGTTATCANN	0.5
5689	NNCTAGAATCCGCGNNTGCTTGACTAGTNN	0.5
5690	NNCACGAGTCCTACNNGTATAACATCCGNN	0.5
5691	NNCGAGCACACTTGNNGTACTACTAGCTNN	0.5
5692	NNTGCCGAAGGTTGNNATACCACTACCANN	0.5
5693	NNCATAGTGCCGTGNNCATGACTCATTCNN	0.5
5694	NNCGTCGATACCAGNNTACATTGATCGCNN	0.5
5695	NNGCACTCTAGCTGNNTAGGACTACTGTNN	0.5
5696	NNAGCTATGCGTCGNNTAACCTACTCTCNN	0.5
5697	NNGCTTGACCTCTGNNATCCTACGAATCNN	0.5
5698	NNCGAAGCAACGGANNTAGCAATTGGACNN	0.5
5699	NNCGACGACACTTCNNTGAGTTCAGAGTNN	0.5
5700	NNCTTGGTCGCCATNNATTCTGAGTGACNN	0.5
5701	NNAGGTAAGGCGTGNNATGAGGAAGCATNN	0.5
5702	NNGTGCAGGCAACANNACAACTGCGATANN	0.5
5703	NNTGGCCATGAGCANNATGTAACACACGNN	0.5
5704	NNGCCATTGGTAGCNNGTTGTACACGATNN	0.5
5705	NNATCTAGGCGCGTNNCATACATGGCATNN	0.5
5706	NNCATGAGAGCGCANNACGGTGAATATGNN	0.5
5707	NNACGAGAAGGCTCNNAGCTACAAGTCANN	0.5
5708	NNTAAGTGTGCGCGNNAGTAGTTACCACNN	0.5
5709	NNACTGCTGCTTCGNNCAAGATCGTTCTNN	0.5
5710	NNCAGCTTGACCTCNNGTAGAATCTTGCNN	0.5
5711	NNACAACATCGCCGNNCATTGGACGTTANN	0.5
5712	NNCGCTGTCTTGTGNNTAGCAACACTTGNN	0.5
5713	NNTGTGTAGCGGACNNATTCTCGATCACNN	0.5
5714	NNAGGTAGACGCTGNNCATAACGCTACTNN	0.5
5715	NNGCGACTGCACTANNAGAGTCAATCGTNN	0.5
5716	NNGCTGCCAGAATGNNTAACCGTGGATANN	0.5
5717	NNCGCTCAGGCAATNNAGCATAGTGAACNN	0.5
5718	NNCGCAACTGAACGNNGTATACCGATTGNN	0.5
5719	NNTGACCAAGTGGCNNTGATGTTCTCGANN	0.5
5720	NNCTGTGCTGCAGANNCATACGATACACNN	0.5
5721	NNGTGCCAGAGGTANNGTCAATCCTAGANN	0.5
5722	NNAGGTTCCTCGTCNNCAGTCCAGATATNN	0.5
5723	NNACAGCCTATGCGNNCTTGGTATGGTANN	0.5
5724	NNGCAAGCCTCAGTNNTGAGTTGATTCGNN	0.5
5725	NNACGGAACCAGTCNNGCAGACATATGANN	0.5
5726	NNACTCCTTACGGCNNAGAATACCTCAGNN	0.5
5727	NNAGCCTGGCTTCTNNACTTGACAGTACNN	0.5
5728	NNCGTAAGCCACAGNNTGGAATCCACTANN	0.5
5729	NNCGGTTGAGCCATNNCAGTATGTCTGANN	0.5
5730	NNCGATCACTGGTGNNCTGCGTAATGTANN	0.5
5731	NNGTGGAACGGACTNNTAAGTACATGGCNN	0.5
5732	NNGTTCCGGACTGTNNATTCACACTCCANN	0.5
5733	NNTATGAGCCGCGTNNCACTTCACTAAGNN	0.5
5734	NNCACCGTGTTCACNNTATCTCGGACTANN	0.5
5735	NNGCAGCGTACCATNNGTACTAGGTACTNN	0.5
5736	NNACGCACTGTCCANNATACCTAGCAGANN	0.5
5737	NNAGACGAACGGCTNNACCACAAGGATANN	0.5
5738	NNCATTCGTGCAGCNNTAGTTCACACCTNN	0.5
5739	NNTAGGTGTCGCTGNNGCAGTACAATACNN	0.5
5740	NNCAAGGTGACGCTNNGTATTGAGGAACNN	0.5
5741	NNATAGCGGCGAGTNNTGTCAGAAGACANN	0.5
5742	NNAGGTCGTGCAAGNNGCGACTTATAAGNN	0.5
5743	NNACGACAGAACCGNNCTAATCTTCGTGNN	0.5
5744	NNTGCGCGAACACTNNGCTGAACTAACANN	0.5
5745	NNCTGTGGCCTACTNNTGACTCACGATANN	0.5
5746	NNAGCCTTGGACTGNNATATGGTGTGTCNN	0.5
5747	NNGTCCATGCGCATNNATCATGCGTTGANN	0.5
5748	NNACTACCGTCCTGNNTAGACGACTATGNN	0.5
5749	NNTATGCCTCGCCTNNGTTCTAGTTGGANN	0.5
5750	NNTGGAACCGGTACNNTGATTACGTCTCNN	0.5
5751	NNGTGCATTGGTCGNNTGAAGAGGTAACNN	0.5
5752	NNCAAGTCGCATGCNNTAGACACGTTGTNN	0.5
5753	NNCACTAACCGAGCNNTACTTGTGACACNN	0.5
5754	NNTAATCTGCGCGCNNCGAATGTAGATCNN	0.5
5755	NNGCAGCGTTAGACNNTACGAACTAGACNN	0.5
5756	NNCATCGGCCATTCNNCATGTATCTGTGNN	0.5
5757	NNATCAGGCCGCTANNTAATCCATGCAGNN	0.5
5758	NNGTGAAGGTCGGANNCAATTCGCTTGTNN	0.5
5759	NNGCTCACTGAGTGNNGCGGTAACATATNN	0.5
5760	NNAGCCGGTAGCATNNTATTGTGGACTGNN	0.5
5761	NNCTAGAGGACGCTNNAGATACATCCACNN	0.5
5762	NNGCAGCTTCAGAGNNCAATTCCGATGANN	0.5
5763	NNACGAACGCACGTNNTGACCTTGACTANN	0.5
5764	NNACCTAACTCGGCNNAGCCAGAATCTANN	0.5
5765	NNGTGTCGGTCACANNCAATCATCAGCTNN	0.5
5766	NNCGGTGTTCTCACNNAGTATGCTATCGNN	0.5
5767	NNCAGCCAGTTACGNNACTAGTGTAAGCNN	0.5
5768	NNGCCGTCCATTCANNTGGTTGGTAACANN	0.5
5769	NNCTTGTGGTGCCTNNTAAGCTGGTTCANN	0.5
5770	NNTGGTACCTTCGCNNACCTACTATAGCNN	0.5
5771	NNGCATCTGTCGACNNACTCTACGTTCTNN	0.5
5772	NNGTCGCGACTGATNNCAGATTGCTCATNN	0.5
5773	NNCGTACACACCTCNNTGCCAGTTGATANN	0.5
5774	NNGTCGCCTGTACANNGCTTACTATCCANN	0.5
5775	NNGCCTTGACCACTNNACATAAGGTTGCNN	0.5
5776	NNGTGAGGAGCCATNNATCACTCACCATNN	0.5
5777	NNGCCTTGAGAGAGNNGTGTATGAACGANN	0.5
5778	NNATGCGGTGGCTANNCAATTAGCGGTANN	0.5
5779	NNCTTCCTCACCGANNCTTACGTTATGCNN	0.5
5780	NNCTGTGTAGCGACNNTGCTTGTCATCTNN	0.5
5781	NNCACCTCCGAACTNNATCTGAGAGTACNN	0.5
5782	NNAGCACGTCGTACNNTAGGCATTAACGNN	0.5
5783	NNCGCGAGACACATNNTAAGTCTTGTGCNN	0.5
5784	NNAGATCCGTGACGNNACCACCAATGTANN	0.5
5785	NNGCGCACTAGAAGNNTACATACAGCGTNN	0.5
5786	NNACATGACGCTCGNNGTACTAGTCTTGNN	0.5
5787	NNTGGCGCTCAGATNNCACTCTTACAGTNN	0.5
5788	NNTGCCTTCGGCTANNACAACGATGACTNN	0.5
5789	NNTGTCATGCCGGANNATAGAAGGTGACNN	0.5
5790	NNACTGCGAGGTTGNNATTAGCGCTCTANN	0.5
5791	NNCTTACCTCCGTGNNACCAACGTTACANN	0.5
5792	NNGCTTCGCCTTGANNGCGAATAACGTANN	0.5
5793	NNGCTCTCGGTTAGNNGTTATGTCCGTANN	0.5
5794	NNGCCTCGACTTACNNTACAGCATAACGNN	0.5
5795	NNTATGCATCCGCGNNTGGTGTCATGTANN	0.5
5796	NNCTAGCCGAACTCNNTATGGTGAGTGTNN	0.5
5797	NNTGAACGCCGGATNNACGAAGTGGAATNN	0.5
5798	NNCGCGGTATGAGTNNTGGAACAATCTCNN	0.5
5799	NNCATCGCGACTCANNCAATAGTCGCATNN	0.5
5800	NNACGGACTCCTTGNNCAGTGTATCTAGNN	0.5
5801	NNCAGTCGAACGGANNCTGTCCTTATACNN	0.5
5802	NNCACAGTGTGAGCNNGTCGTAATGCTANN	0.5
5803	NNCAACTCAGCAGCNNTGCAATCGATCANN	0.5
5804	NNATTGGAAGGCCGNNATATCAACGCGTNN	0.5
5805	NNTGCCAGCGAGATNNTATGCGGAATCANN	0.5
5806	NNAGGCAGGAACACNNACTGTTGTACTCNN	0.5
5807	NNCACGTACTGTGCNNCAATGTCTGTAGNN	0.5
5808	NNGCCAACAACTGCNNAGGCTTAAGTCANN	0.5
5809	NNAGAGAGGACCAGNNAGGATTCAGAGTNN	0.5
5810	NNCAAGGCTTGGAGNNCACCTAATACAGNN	0.5
5811	NNGCGATGAAGGAGNNTGTATTCGCTGTNN	0.5
5812	NNGCTCGCAAGATCNNTGACCATTCCATNN	0.5
5813	NNGCAGATGCCAACNNGTGTCCATAGATNN	0.5
5814	NNAGGCTGTCGAACNNCATATTCTAGCGNN	0.5
5815	NNCTTCAGACGCCTNNCACCAGTAATGANN	0.5
5816	NNAGGCTAGCACGTNNGTTCAGATTCACNN	0.5
5817	NNGTTCTGCGTCACNNTAGTTCATCCACNN	0.5
5818	NNGCAATCGCCTGTNNAGTGTATGGTAGNN	0.5
5819	NNGCCTTCAAGTCGNNATATCTTGGCACNN	0.5
5820	NNGTTGTCTGACGCNNAGGCATTGCTTANN	0.5
5821	NNACGAATGCCACGNNATAACACCACACNN	0.5
5822	NNGCGACCATCATCNNTGCCATTAGTTCNN	0.5
5823	NNCTGTTGGCTCTCNNTACGTTGGATTCNN	0.5
5824	NNTACACGACCGAGNNGCTCTAGTAATGNN	0.5
5825	NNGTGTGATGGCACNNCACATAGCGAATNN	0.5
5826	NNACTCTAGCCTGCNNATCGTGCACTTANN	0.5
5827	NNACCTAGTGTGGCNNATAGCAGCCTATNN	0.5
5828	NNCGTAGTGGTGCTNNGTAATCAGAGGANN	0.5
5829	NNTAACCGTCCTCGNNTATTCCGAGGATNN	0.5
5830	NNTACGTCAGCTCGNNATTAAGATCGCGNN	0.5
5831	NNGTCAAGCGACTGNNTACATGCTGACTNN	0.5
5832	NNCGCAGTGATAGCNNATCAACTGACCTNN	0.5
5833	NNACCATGGAGGCTNNCTGTTAACATCGNN	0.5
5834	NNCGACAGGTGTGTNNTAACTAGCCTCTNN	0.5
5835	NNCACGGTAAGCCANNTACCATGTACGANN	0.5
5836	NNACACCGAACGCTNNACTCCAATCTACNN	0.5
5837	NNAGCGTGGCAATCNNGTCACCAACTTANN	0.5
5838	NNATGGCGAAGCTGNNTAAGTGACGAAGNN	0.5
5839	NNGTCCTTGAGCTCNNATAACGATAGCGNN	0.5
5840	NNTAGCACAGGTGCNNCTGTACTTATCGNN	0.5
5841	NNAGATACTGGCCGNNTATGGTAAGCGANN	0.5
5842	NNCGGCTCCTAGATNNGCGAATTGTACTNN	0.5
5843	NNGCGTCCTACACANNATCCTCAGAGTANN	0.5
5844	NNGCATTGGACCTCNNTAGCAAGTAGAGNN	0.5
5845	NNGCGCGTTATCACNNTATGGTGAACCTNN	0.5
5846	NNGCGCCGTAATACNNTATGTGCAACAGNN	0.5
5847	NNCATAGGACGCGTNNAGAGCTAAGAAGNN	0.5
5848	NNAGGCGGAACTGANNCTGTTGCTTAACNN	0.5
5849	NNAGCGACTAGCCTNNATCACCATGTTGNN	0.5
5850	NNGTTACGGCCTCTNNATCAGCAGTATGNN	0.5
5851	NNCAGCGGTCATGTNNACTCATCCTCTANN	0.5
5852	NNTAGCAACGTCGCNNATAGAAGTCGTCNN	0.5
5853	NNGTCACTAGCGCANNGTTGCTTGTAGTNN	0.5
5854	NNCAACCTCAGGCTNNTAAGTCGAGATGNN	0.5
5855	NNGCATGCCAGGATNNTGACAACAGTCANN	0.5
5856	NNTGGAAGCCGTTCNNACATCAGACTTGNN	0.5
5857	NNCGCGCGATCTTANNAGGTTATTAGCGNN	0.5
5858	NNTGTAAGCGGCGTNNATACAGTCGTAGNN	0.5
5859	NNTGAGCATCGCCTNNAGAATTCCGAACNN	0.5
5860	NNCGATGGTTGCGTNNAGTTCTTGGTACNN	0.5
5861	NNATCCGGAGACAGNNCGTATTCCACTANN	0.5
5862	NNGTCTTCAGGCAGNNGTCGACAGTATANN	0.5
5863	NNCGCTAGGTTCCANNTGAACAATTCCGNN	0.5
5864	NNGTGTAGCGGATCNNATTCGGAAGGTANN	0.5
5865	NNCGAAGGACGATGNNTGTGTCACAAGANN	0.5
5866	NNCAATGCGTAGGCNNACTAAGAAGTGCNN	0.5
5867	NNTAAGTGACCGGCNNGTATAATGACGCNN	0.5
5868	NNGTGGTAGCGGATNNCTGCACTTCTTANN	0.5
5869	NNGCGGAGTTATCGNNTGACAAGCAGATNN	0.5
5870	NNTACGTCAAGCGCNNGTAGTGGAATCANN	0.5
5871	NNATCCTCGGTCGTNNTGGATAGCACATNN	0.5
5872	NNCGCTCTTGCGTANNTATAGCTACGCANN	0.5
5873	NNCGGAACGAACCANNACTCACTCAATCNN	0.5
5874	NNCGCCGTCTTATCNNTAGGATGTGTTCNN	0.5
5875	NNGCTTGGCATGGANNCGAAGATGTAGANN	0.5
5876	NNCATCCGCAGTGTNNCATGAATGTTGCNN	0.5
5877	NNACGGCACCAAGTNNTGCGTGTATCTANN	0.5
5878	NNCATGGTCCGTTGNNTGGATATGCAGTNN	0.5
5879	NNACCGACAGAGTGNNGTGTTAGTACTCNN	0.5
5880	NNGCTCGTGTCTACNNATCTGTCACTAGNN	0.5
5881	NNGCTGAGCCAAGANNCGTGAACAATAGNN	0.5
5882	NNCAGCCACTACAGNNGTAAGAGCAAGANN	0.5
5883	NNAGCGAGTGGTTGNNTGACTCTCAGTANN	0.5
5884	NNGCTTCACGCTTCNNACATCTGATTGCNN	0.5
5885	NNTGATTGGCTGGCNNGTTGACTGAGATNN	0.5
5886	NNAGGACGAACGTGNNTACTGTGAGCTANN	0.5
5887	NNACGCATCGTTCGNNGTTCACATTCGTNN	0.5
5888	NNTGACGAGCATGCNNAGGACATTGGATNN	0.5
5889	NNATCTCCTCTCCGNNTACCAACCTAGTNN	0.5
5890	NNCTAGCGTTCGTCNNGTCGAACATACTNN	0.5
5891	NNTGCGTTCCTGAGNNACACTAGGTTAGNN	0.5
5892	NNCGCAACCACTGTNNACTTAGGCTTGANN	0.5
5893	NNCTAGGTCTGCCTNNCTTCGATACTTCNN	0.5
5894	NNAGCATAGGCAGCNNACCGTCTATGATNN	0.5
5895	NNGTTCTGTCTCGCNNATTGTTGGCACANN	0.5
5896	NNGTAGTCGACGCANNGTAGTGTGATTCNN	0.5
5897	NNGTTCCTGCTAGCNNATGTACTTGCCTNN	0.5
5898	NNATCCGCCGTCTANNATTACAAGTGCGNN	0.5
5899	NNCACCTACGTACGNNTAGTAGGCCAATNN	0.5
5900	NNCATCAGGCAACGNNAGACTACATCTGNN	0.5
5901	NNCGCTCATGTCCTNNATTGTCATGCACNN	0.5
5902	NNCGATCGGCGAATNNGCTGTATGATTGNN	0.5
5903	NNAGCGTCGACTGTNNTAGGCTTACATCNN	0.5
5904	NNGCGGCTAGATACNNATGATTAGGTCGNN	0.5
5905	NNCGCTCCGATTAGNNCTGTACTCTAGTNN	0.5
5906	NNAGCGGACTTCGANNACTACAACAGGANN	0.5
5907	NNTACGCGGTAGGANNTATAGACGTGCTNN	0.5
5908	NNATTGGCAGCCTCNNTAATACCTCGGANN	0.5
5909	NNCGCCGTCTATTGNNACATAGCACTCANN	0.5
5910	NNACAACCACAGCGNNATATGGCAACACNN	0.5
5911	NNCTTACAGCGACGNNCGTACATCTTACNN	0.5
5912	NNGCAGGACCTTGANNCATTGCAACAGTNN	0.5
5913	NNAGGTGAGCGGTANNATACTCATCCACNN	0.5
5914	NNCTGCACTCAGAGNNAGAGAATGGCTANN	0.5
5915	NNACCAATTCGCGCNNTGTGTGCTGTATNN	0.5
5916	NNCAGCCACCGAATNNGTCTATCTTCGTNN	0.5
5917	NNGCATCCTACCTGNNTACGGAGCTTATNN	0.5
5918	NNCGCTACTCGAAGNNTGGTATAGTCGANN	0.5
5919	NNCGGCAATGTCACNNTAGTACGCATGANN	0.5
5920	NNGCAGCCATACTGNNAGATGACTCACTNN	0.5
5921	NNCATCTCCTTCCGNNATAGTACGCGATNN	0.5
5922	NNCAAGCGCCTAACNNCAGTTCTAAGCANN	0.5
5923	NNCGAGGCCTTCATNNAGCAGTACATAGNN	0.5
5924	NNGCCTGCCTACTANNTAATGCTACCGANN	0.5
5925	NNCGGACCAAGTAGNNCTATGATCGAGTNN	0.5
5926	NNGTTAGCGAGCCTNNGTGACTAAGTCANN	0.5
5927	NNCGCTTGCATCACNNGCTGACTAATGANN	0.5
5928	NNCATTCTGCGGCANNTAGAGCACAACTNN	0.5
5929	NNAGGTCGGATTGCNNGCTCAATTGTACNN	0.5
5930	NNGCGGAGAGACATNNATGGAGGAGATANN	0.5
5931	NNGCATCTTGAGGCNNAGGTCATATCGANN	0.5
5932	NNCGTGGCTCAATGNNATTGACAGGCTANN	0.5
5933	NNGCGTACTCTCTCNNTGTGGAATAGACNN	0.5
5934	NNCTAACCGACCGTNNGTAAGCTAGACTNN	0.5
5935	NNCAGTCGTGACTGNNCATTCAATGCTGNN	0.5
5936	NNAGTAGATGCGGCNNCTTGACGATAAGNN	0.5
5937	NNTACGGAAGGCCANNAGCATACTGTGTNN	0.5
5938	NNCGGCCTTAGTTGNNATAGCTCCATACNN	0.5
5939	NNGTGCTCGTGTAGNNTAATCCGAAGTCNN	0.5
5940	NNGCTGCTGTACGTNNAGCACCAATACTNN	0.5
5941	NNCGAGAGCAGACTNNTATTGCCTCTGANN	0.5
5942	NNCTACGCGTAGCANNGTAGAAGGATAGNN	0.5
5943	NNGTGGCGTCATACNNATCAAGGCAAGANN	0.5
5944	NNTGACCGATGCACNNCTATCGGATAACNN	0.5
5945	NNAGGCGGACATGTNNCTATCTGAAGTGNN	0.5
5946	NNGTCGAGCTATGCNNACCTAGTAGTAGNN	0.5
5947	NNATTGTCCGCGTCNNACGACTCTGATANN	0.5
5948	NNGCTGCGCAGTATNNTAATCATGGCGTNN	0.5
5949	NNTGAGCGAGCGTANNGTAATTGGCATCNN	0.5
5950	NNCTGTGTGTCCAGNNCATTGTTGGAAGNN	0.5
5951	NNCGCACCACCATANNCTACACTTCAAGNN	0.5
5952	NNTGCGAATCGCTCNNGTTACAGAGTGANN	0.5
5953	NNTACCGAGTCCAGNNACTGATGGCTTANN	0.5
5954	NNTGATGGCGGTTCNNACACAGAACAAGNN	0.5
5955	NNCGAGCTCTCCATNNCGGATTGATTACNN	0.5
5956	NNTGCACTGGAGAGNNTGCTCGATATGANN	0.5
5957	NNGTGCACTGGATGNNCAGTTGGATATCNN	0.5
5958	NNGCACGTGCATGTNNGTAGATCTACACNN	0.5
5959	NNCGGAATCGTCTCNNACCTAAGCTTCTNN	0.5
5960	NNGCCTCTTGACACNNATAGTGGTGTTCNN	0.5
5961	NNTAGCCATTCGGCNNTACGTGATTGTGNN	0.5
5962	NNTGCGACCTACCTNNTACTGCATCTCTNN	0.5
5963	NNCGTGGCGACTATNNGTACACTTACTCNN	0.5
5964	NNGTATACGGTCGCNNCAGCAAGTAACTNN	0.5
5965	NNGCGAGCTCATACNNTATAGCGTCTACNN	0.5
5966	NNCTAGCACACTGCNNCACATTATCCTGNN	0.5
5967	NNGCCTAGTGCGATNNATACATCTCGACNN	0.5
5968	NNTAAGGCGACCGTNNTATCCAAGAGAGNN	0.5
5969	NNATGCACCTGTGCNNACGCGTTATATCNN	0.5
5970	NNCGACTCTCTCTGNNCAACTCCTTAGANN	0.5
5971	NNTATCAGGCACGCNNTGTCACTTAGTCNN	0.5
5972	NNCACGAAGCGTCTNNGTCGGATTGTATNN	0.5
5973	NNTGCACACGTCCANNTAGTGGTAAGAGNN	0.5
5974	NNGCCAACATGACGNNGCTTCTACATGANN	0.5
5975	NNGTTGACAGACCGNNTGTGAGTCTTACNN	0.5
5976	NNTGGACCTGGAGTNNAGTGGATGATGTNN	0.5
5977	NNTACAGGCATGCGNNTGCTATCACAAGNN	0.5
5978	NNCGTAAGCCGGATNNTGTGAGTCACTANN	0.5
5979	NNATGGTCTAGGCGNNTAAGTTGTCCTGNN	0.5
5980	NNCACGGACGTGATNNGCATTGATTCTCNN	0.5
5981	NNTAGGCACGCTCTNNGTCATCAATGCANN	0.5
5982	NNCGCTGTTCGCTANNTGCTCAGATTGANN	0.5
5983	NNCGAATCGCGGTANNCTATCGTTCACTNN	0.5
5984	NNAGTCAGCGGTACNNTGAGTGTCATTGNN	0.5
5985	NNGCCTCAGCCTATNNGTTCATCTGATCNN	0.5
5986	NNGCGATTGTCGTGNNGCATATAATGGCNN	0.5
5987	NNGCTCATTGGAGCNNTGGTGTAAGCTANN	0.5
5988	NNACGGTTGTTGCGNNCATCGTAAGCATNN	0.5
5989	NNTACGACGCGTCANNACTGGTTGGAATNN	0.5
5990	NNCTGAAGCAGGCTNNTATGTATGCGACNN	0.5
5991	NNGTTACTCGGCCANNTACCGTATTGCTNN	0.5
5992	NNGTTCGGTCAGACNNCATTCGAACATGNN	0.5
5993	NNTGCTCGGTACCTNNTGACACGTATGANN	0.5
5994	NNCGTACGGTGTTGNNTGTGATATGGTGNN	0.5
5995	NNACATAGCCGGAGNNACAAGTTAGACGNN	0.5
5996	NNCAGCCGTTATGCNNACAAGTGACTACNN	0.5
5997	NNGCTCTAAGAGGCNNGTATCACTTGTCNN	0.5
5998	NNGCCTTCCGATTCNNAGACATGATCTGNN	0.5
5999	NNCACACACCGTGTNNAGTACATGTACGNN	0.5
6000	NNGCACTCGGATCTNNCTTAGACAAGCANN	0.5
6001	NNCAACAGCCGTAGNNAGGCTCTACTATNN	0.5
6002	NNCGAGCGATTCGTNNGCGTTAGTATGANN	0.5
6003	NNGTGCCAGATCGANNTGACTGTAAGTGNN	0.5
6004	NNCTATCGGTGCGTNNACGTTGTACGTANN	0.5
6005	NNCGTCGGATGTCANNTAGCGAGTGTTANN	0.5
6006	NNCACGAGGACTCTNNACACTGGTTATGNN	0.5
6007	NNGTCCTCTGAAGCNNCTAGTTAACCAGNN	0.5
6008	NNTAGTCAGGCCTGNNACGCATGCTTATNN	0.5
6009	NNAGTCGCTAGCTCNNACGATGTTCCTANN	0.5
6010	NNGTGCGGACTTAGNNCAGGCTATAACANN	0.5
6011	NNGCGACTCGTTGTNNTAGATGCATCGTNN	0.5
6012	NNCGGCATATCTGCNNTGTTGGTCTTGANN	0.5
6013	NNTGTTCCTCCGCANNACGATTCTCAAGNN	0.5
6014	NNGCCGGATACTTCNNCAATAAGTGTGCNN	0.5
6015	NNCGCTAGCAGTTGNNACTAAGACTCCANN	0.5
6016	NNCTGAGCGGCATANNGTAAGCACATCTNN	0.5
6017	NNTGTGGCTTCCAGNNCTGGATCAATACNN	0.5
6018	NNCTTGGAGGTGAGNNATTCTGCACAACNN	0.5
6019	NNCGGATGTGAGCTNNCACTTCCATTCANN	0.5
6020	NNCTATGCGTCCTCNNGCAAGGTCTATANN	0.5
6021	NNTGGCTGCTGGATNNTGATATATGGCGNN	0.5
6022	NNCTGGTAGGAGTGNNATGATGCTAGAGNN	0.5
6023	NNAGCTCGTCTCTCNNTATCCACAACAGNN	0.5
6024	NNCGTGGCCATTAGNNTAAGATCCGTCTNN	0.5
6025	NNCGATCGCAAGCANNATCTATTGCGGANN	0.5
6026	NNTGCAGCATCCTCNNATGTCCGCATTANN	0.5
6027	NNGTGCCTGTCAACNNTATGAACTGCACNN	0.5
6028	NNCGAACACCACCANNTAGTAGTGTCGTNN	0.5
6029	NNCGAATACGCGGANNTGCAATCTTGTGNN	0.5
6030	NNGCGATTCGCTTGNNCAGTATGTACCTNN	0.5
6031	NNGCCTCTCTACCANNCAGCATGATTGANN	0.5
6032	NNTGAACTGCGCAGNNTGTACGTATGCANN	0.5
6033	NNGCCATTAGAGCGNNATTACCAGAGGANN	0.5
6034	NNGTCCGAGGAGTANNACATACCTAACGNN	0.5
6035	NNACGGAGTATCCGNNTGTTGCAGAAGTNN	0.5
6036	NNTGACAGGCCTCTNNATACCACCAAGTNN	0.5
6037	NNCGGCAACTCACANNGCTCGTAAGTATNN	0.5
6038	NNTGGATGCGTACGNNCATATCTTGCAGNN	0.5
6039	NNCGGAATACGGTGNNCTATAAGCTGGANN	0.5
6040	NNGCACTACTCCTGNNATAGACCTTCAGNN	0.5
6041	NNACGTCTTCGGACNNATCTCTTGCTCANN	0.5
6042	NNGCGTTCGCTACTNNACAACTAACCTGNN	0.5
6043	NNCATCTCCACCGTNNCACCGTTGAATANN	0.5
6044	NNTGGATTGCGCGTNNTACTCGAAGTGTNN	0.5
6045	NNTGAGGACGAAGCNNTAAGGCATAGACNN	0.5
6046	NNCAGGTGGACTGTNNTAACAATGGTGCNN	0.5
6047	NNGCGGCAATAGCTNNAGTCATAATCGCNN	0.5
6048	NNCTGTCCGGAGTANNATAGTTCGTGAGNN	0.5
6049	NNCTTAGCGTGCCANNTGGCAATAGTAGNN	0.5
6050	NNCTTGCGCCAAGANNCTTGCGTAATGTNN	0.5
6051	NNCGGACACACTGANNTATAATCGGCCTNN	0.5
6052	NNGTGGTCACTCACNNGTACAATACCTGNN	0.5
6053	NNTAAGCGGCCTACNNGTCTAGCGTATANN	0.5
6054	NNGCGCTTATGGACNNATTCTGCTAGCANN	0.5
6055	NNCGTCCAGCTTGANNCTGTGTAATCACNN	0.5
6056	NNGCGCCATCCAATNNGTTGACATTACGNN	0.5
6057	NNTGCCTGTTGGCANNTAGTGGCACTTANN	0.5
6058	NNCATGCCAGAGGANNGCAATGTGATAGNN	0.5
6059	NNTAAGTGCGGCGTNNTGTGAATGTAGCNN	0.5
6060	NNGTGTGCAGTTCGNNTGGTTAGCCTTANN	0.5
6061	NNACCTGGCTCAAGNNCATGAAGTGGATNN	0.5
6062	NNTGCGAGCCAGTANNATAGTCTTCTGCNN	0.5
6063	NNCTGACGTTCGCANNAGTTAGGTCAAGNN	0.5
6064	NNCGCTGTCTGACANNGTTCTAGTTCTGNN	0.5
6065	NNTGCGGATGTTCGNNGTAACTGTCGTANN	0.5
6066	NNCTGCACCGCATANNCACTACACTTGTNN	0.5
6067	NNGCTGGACACTACNNTGCGGAGATAATNN	0.5
6068	NNGTGGCGCAGATANNCTAACTTGACTCNN	0.5
6069	NNACGGATTGGCTCNNCATATACGCATGNN	0.5
6070	NNGCGCAAGATGCTNNATCGTGAACTGTNN	0.5
6071	NNACAGATGCCGCTNNGCTCAATGATCANN	0.5
6072	NNTAAGCACCAGCGNNTACGTTAACGTGNN	0.5
6073	NNATCTAGCGGTCGNNACAACCTAGAAGNN	0.5
6074	NNGCGTGTCACAGANNGCGAATCTCAATNN	0.5
6075	NNCAGGTGTGTGACNNTACACGGTTAGTNN	0.5
6076	NNTGGCTCCATCAGNNATAGTAGGACCTNN	0.5
6077	NNGCGTCCGTATAGNNACGGTATCTGATNN	0.5
6078	NNTAGGCAGTCCTCNNTAGTTGTGGTCANN	0.5
6079	NNCAGTATCGGCGANNGTATTATCCGGANN	0.5
6080	NNCGGTACACCTTGNNTAACGTTCCAAGNN	0.5
6081	NNACACAGACGAGCNNCGTAGGTAATTCNN	0.5
6082	NNCTTCCACGACCANNTGCTCATTCTCTNN	0.5
6083	NNTGCCACCAGGTANNGTAACGGATATCNN	0.5
6084	NNTGGAGGCTGTCANNTGAGTAGTGCTANN	0.5
6085	NNCGATAAGCGCGTNNTGGTTATGTGTGNN	0.5
6086	NNCGTAAGCGTCGANNCTTCTGATGTCTNN	0.5
6087	NNGCGAACGACATCNNCTTCATCACTTCNN	0.5
6088	NNCACACTAGCCGANNATAACTGCTGACNN	0.5
6089	NNGCCATTCGGCTANNATGCTTGAGTCTNN	0.5
6090	NNAGGTCTACCGAGNNACCACAAGTAAGNN	0.5
6091	NNTGCGGCATGAACNNGTGTTCATGTACNN	0.5
6092	NNAGGACTCGCTCTNNCAGCTATATCTCNN	0.5
6093	NNCAGTCAACCACGNNACGAGACATAACNN	0.5
6094	NNGCAACCTCGGTANNTAGACTAGAGTGNN	0.5
6095	NNCGACACCAGTGTNNCTGATACCAAGTNN	0.5
6096	NNGCACTCCGCTATNNCATATTCGACGANN	0.5
6097	NNATCCGAGCGTAGNNCGGTATAACTAGNN	0.5
6098	NNCTAGCGCATGGANNATTCAGTCTGACNN	0.5
6099	NNTAGGCTACAGCGNNTAGCCATCATGANN	0.5
6100	NNCAATGCTCCGACNNTGAGTTATGCGTNN	0.5
6101	NNTGGAGTACCGTCNNGCTAATACCTGTNN	0.5
6102	NNACAGACACCGCANNCGTTAATGAGTGNN	0.5
6103	NNCGGATACGAGTGNNATAATAGCCAGCNN	0.5
6104	NNTGCAGACTCTGCNNAGATGGAATTCGNN	0.5
6105	NNCGGACACAGCTANNTGAACCTTCATGNN	0.5
6106	NNCGAATTCCACCGNNCTTAGATGTCTGNN	0.5
6107	NNACTCGCCATGGANNTGGAGTTATGTGNN	0.5
6108	NNGCAACGCCTTAGNNTAATCTCCACAGNN	0.5
6109	NNGCCGATGAATCGNNTATGCTAACCTCNN	0.5
6110	NNGTCAGTGTCCTGNNTAACCTACCGATNN	0.5
6111	NNCGGATAGAAGCGNNCAAGTAGACTGANN	0.5
6112	NNGCTCAACGCAGTNNATAAGTGAGCAGNN	0.5
6113	NNTAGCGCGGCTTANNCGTTCATGTGATNN	0.5
6114	NNCGCGTAGTTGACNNGCGTAACAACATNN	0.5
6115	NNGCTGTGCCTATCNNCAGACCAATAAGNN	0.5
6116	NNCACTTGTGGCGANNTAAGATCTACCGNN	0.5
6117	NNACTCCGAGTCCANNATTCGTCTTCACNN	0.5
6118	NNGCCAAGCATTCGNNCTGATACATGACNN	0.5
6119	NNGTGAGCGAGAACNNTGCAATTGGTGTNN	0.5
6120	NNTGACGTCTGAGCNNTACTTCGATGCTNN	0.5
6121	NNTGGTGGTTGGCANNGTCAGATACTGANN	0.5
6122	NNGTCCACAAGGCTNNAGTTCTCTGAAGNN	0.5
6123	NNCTGCTACGTAGCNNATTGGCGCATTANN	0.5
6124	NNCGTCACGCATTGNNCGATCAAGATCANN	0.5
6125	NNATCTGACCTGGCNNATATCAACGACGNN	0.5
6126	NNAGCGACACAGGANNGCATATGATGTGNN	0.5
6127	NNGCAGTGCGATCANNGTTATGCTCTAGNN	0.5
6128	NNCGTGTTGTGTGCNNCGCTTCAATCATNN	0.5
6129	NNTGTGTCGAGCGTNNAGAACAGATCACNN	0.5
6130	NNGTACTCTCCGTGNNTAATTCGCTGACNN	0.5
6131	NNGCTACGACACGANNGCTAAGTAAGTGNN	0.5
6132	NNGTGGCTACTCTGNNGTCGGAGTTAATNN	0.5
6133	NNTGGCGGAGGTTANNATTGCACGCTTANN	0.5
6134	NNGCTCCTTGTGCTNNGCACTTAGATACNN	0.5
6135	NNACCATGCGCAACNNCTATGTTGCACANN	0.5
6136	NNACGCACGAAGGANNTGAGATAGGATCNN	0.5
6137	NNCGTAGCCAGAGTNNAGTTCTCAGGTANN	0.5
6138	NNCTGCGTAGGCTANNAGCACTATCTGANN	0.5
6139	NNACGCGTTACGCANNTGTGAGCATTCANN	0.5
6140	NNTGTTGACTCGCGNNATCATGTCTCAGNN	0.5
6141	NNAGGTACTGCGAGNNCTTAATGCACTCNN	0.5
6142	NNCTTGTAGTCCGCNNATATCTGGCATGNN	0.5
6143	NNCGTGCCAAGTACNNACTGAGATAACGNN	0.5
6144	NNGCCGACCATTGTNNAGCATTCCTTACNN	0.5
6145	NNGCAGTCCACTAGNNCACACTTCATAGNN	0.5
6146	NNTGAGGTGCGCATNNAGAGGCCATAATNN	0.5
6147	NNATCAGCCTCTCGNNACTCTCAAGTACNN	0.5
6148	NNCTGGCTGTACCANNATCGGCATATCANN	0.5
6149	NNTACGAGCGACTCNNAGAACGAACAAGNN	0.5
6150	NNTGGTTGGCACGANNACGTACAGCTTANN	0.5
6151	NNACTCGGACTCACNNCATTCATAGGCTNN	0.5
6152	NNGTGGAAGAGGCANNTGTATTCTGCCTNN	0.5
6153	NNGCCTAGTCACTCNNATGCTACCGAATNN	0.5
6154	NNCTAGCAACCGCTNNACTACTCAGTGTNN	0.5
6155	NNTAGAGGTGTCCGNNGTTACGACCAATNN	0.5
6156	NNCGACCTCCTAACNNGTATTAAGTGCGNN	0.5
6157	NNCGCACGTAAGCANNCAATACTAGAGCNN	0.5
6158	NNTGAGCTGGAGTGNNTGTGAAGGAACTNN	0.5
6159	NNCAGACCAGCAACNNACCTTAGGATGTNN	0.5
6160	NNCGATGCCATCAGNNATTGGAGGACTANN	0.5
6161	NNACAGCGCTCGTANNCTGTTAACGAAGNN	0.5
6162	NNAGGACTCGAGGANNATTGTACCAGCTNN	0.5
6163	NNCACCATGTCGTCNNCATCCACATACANN	0.5
6164	NNCGAACTTGCGGANNACAGGTTCTAGANN	0.5
6165	NNATCAAGGCAGCGNNACTTCCTTAGCANN	0.5
6166	NNCAACCACGAAGCNNTGGTGATTCGTANN	0.5
6167	NNCGTTACAGGTCGNNATGTGACTAAGCNN	0.5
6168	NNCGACTATGTCCGNNCGTCATAGATACNN	0.5
6169	NNTGGTAGTGCCTGNNACAATGAACGTGNN	0.5
6170	NNGTCCTGCATCTGNNTGCCATACATACNN	0.5
6171	NNGTACCGAGGACANNGTGAGCTAATTCNN	0.5
6172	NNCATCACCTTCGCNNATTGGTTGTCTCNN	0.5
6173	NNCGTTGAAGCCGTNNCTGATTGACAACNN	0.5
6174	NNCGATGTATGCCGNNTACACAGTTGCTNN	0.5
6175	NNGTGCTCGTCGATNNGCTTATAGTCAGNN	0.5
6176	NNGTGCTAGACGAGNNTAGTACGTCACTNN	0.5
6177	NNGTGTCTGGTGAGNNGTCGTTCTCATANN	0.5
6178	NNTAGTGTCCGCTCNNATAATTGCCGCTNN	0.5
6179	NNCGGCAATCGATCNNACAGAGAATGTCNN	0.5
6180	NNATTGCGGCTGTCNNGTCACAATTCTCNN	0.5
6181	NNGTTAACGCGTCGNNACGTGAATTCCANN	0.5
6182	NNGTGGACTGGAACNNGTGACATACTCANN	0.5
6183	NNCTGGATGTGCTCNNACACGTTGTGTANN	0.5
6184	NNACAGCAGAGCTGNNACAGGATTCTAGNN	0.5
6185	NNTAGCTCGGCGATNNTACCGAACTGATNN	0.5
6186	NNCTGCTCTGACCTNNTACGACTATGTGNN	0.5
6187	NNGTCGCGACAGTANNCATGAAGGTAAGNN	0.5
6188	NNGCCAGTGTGGTANNGTAATCGGATTGNN	0.5
6189	NNTGTCATCCGCAGNNTAATGACCATGCNN	0.5
6190	NNACGTGGTGCCTANNAGAGATTGTGACNN	0.5
6191	NNTACTGACGGCTCNNCTTCCAACTCATNN	0.5
6192	NNTGGCCGAAGCTANNAGTATAGCGAAGNN	0.5
6193	NNGCGACGTCTGTANNAGTCATGAGAGTNN	0.5
6194	NNCTACGCCACTGANNCATCCAACACTANN	0.5
6195	NNGCCAACCGAGTANNGTTGTGAACATCNN	0.5
6196	NNTGTCACTGCCTCNNTGTCCATTACACNN	0.5
6197	NNGTCATGGCATGCNNTAACCTCACCATNN	0.5
6198	NNGCTCAGCAGTCANNATACCACCTATCNN	0.5
6199	NNACGGAACGGAAGNNGTAGCTCTTGATNN	0.5
6200	NNTGGTAGGCCATCNNCATTGTTCCGTANN	0.5
6201	NNCACGGTTCCTTGNNTGATTACCGAGTNN	0.5
6202	NNTGAACCTCGGCTNNCTACGCTATTCTNN	0.5
6203	NNACTGGCCAGATGNNGCTTCAATCTGTNN	0.5
6204	NNCGGATACGACCANNTACCTGACACATNN	0.5
6205	NNAGTCTAGGCGCTNNCGTTCGAGTAATNN	0.5
6206	NNTGCGCCATGAGTNNACAGCACTGATANN	0.5
6207	NNCGCCTGTCATAGNNTAGCGACAACTANN	0.5
6208	NNAGTTGTGCCGCANNTGGACTCTTAGANN	0.5
6209	NNGTCACTCTCTCGNNTACTACCACAACNN	0.5
6210	NNGCTGCAGCTACANNTGTCCTGTACTANN	0.5
6211	NNGCCTTCTCCTCTNNTGTACAGACTAGNN	0.5
6212	NNCACGAGACAAGCNNTGTATGGATCGANN	0.5
6213	NNATCTCGTGCAGCNNTAGATATCGCGANN	0.5
6214	NNCAAGCGAACACGNNGCATATATGTCGNN	0.5
6215	NNGCAAGCGTAAGCNNTGGTACAACTCANN	0.5
6216	NNCGAGTCTGGTGANNTAAGTCCATGCTNN	0.5
6217	NNCGTGCGTCTTGANNATAACTACGTGCNN	0.5
6218	NNGCAGCAACAAGCNNAGCATGAGTACTNN	0.5
6219	NNACTGCGGTGATGNNCACATGTCTCTANN	0.5
6220	NNATCGGAACGGCTNNATGTCACAAGAGNN	0.5
6221	NNGCGTAGGACACTNNTGGTGACATATCNN	0.5
6222	NNGTACACGCAGGANNGTATATCGTGAGNN	0.5
6223	NNCACTCAGGAGGANNAGGTAATCTCCANN	0.5
6224	NNTGCAGCCACATCNNACTCGAATCACANN	0.5
6225	NNCGTAGGTCCAGANNATTCAGCGAATCNN	0.5
6226	NNCGGACTACGCATNNGTAATTCAGTGCNN	0.5
6227	NNACCGTTCGTCTGNNAGTTGGAATGAGNN	0.5
6228	NNCTGTCGCCTAAGNNGTATTGCACATGNN	0.5
6229	NNACGCGTGCCATANNTGTGTTGTCATGNN	0.5
6230	NNCTTCGCCACACTNNCGTAACTTAGCTNN	0.5
6231	NNTGCAGCGAGACANNTAATGAGTGACGNN	0.5
6232	NNACCACCACCACTNNTACAGACTCTAGNN	0.5
6233	NNATGGATCGTGGCNNCTTGCATTCCTANN	0.5
6234	NNGCAGTCCTAGACNNTACCTACTGAGTNN	0.5
6235	NNTACAGCACGGCANNATCGACTTCAACNN	0.5
6236	NNGCACGGTTAGTGNNTGAGATGAACTCNN	0.5
6237	NNGCGGATTAAGCGNNATAATGGCGAACNN	0.5
6238	NNTGTGCAGTGCAGNNGTAGTGACTGTANN	0.5
6239	NNTGCGGAATCGGANNAGTGTGATAGGANN	0.5
6240	NNCTGAGCACACGANNACAACGTCTCTANN	0.5
6241	NNACGCCTTGTTGCNNGTCCAGATAAGANN	0.5
6242	NNCGCAACGATTGCNNACAGCGAGATTANN	0.5
6243	NNTGGCCTAGACTCNNTGCGTTGTGTATNN	0.5
6244	NNGCACTGCTGAAGNNAGATGTATGGCANN	0.5
6245	NNGCGGAATCTCCTNNCGATACGATAAGNN	0.5
6246	NNGCGTAGCGTGATNNTAAGCTTGTGGANN	0.5
6247	NNAGGCCTGCTAGANNTAGAGAAGGTGTNN	0.5
6248	NNGCGACATGACACNNACTATCCTAGTGNN	0.5
6249	NNACGTGGCCTAGTNNGCACATAGTTGTNN	0.5
6250	NNCTTAGCCATGCGNNACCTAATGCCTANN	0.5
6251	NNGCAAGCGCAGATNNGTACCTATACCANN	0.5
6252	NNATACCGCATGCGNNATTGGTATTGGCNN	0.5
6253	NNAGCCTAAGAGGCNNGCCAATTAAGGANN	0.5
6254	NNTGACTGGTAGGCNNTATACGGCTAACNN	0.5
6255	NNGCGGAGGAATCTNNTGTACTCGATTGNN	0.5
6256	NNGCGCCTTAACCANNTGTGCGAGATTANN	0.5
6257	NNACTGGCGCTATCNNGTGTTCTAGCATNN	0.5
6258	NNGTTCGCCGTATCNNAGAGAATCACTGNN	0.5
6259	NNCTGCGATGACGTNNCGCTTAGTATAGNN	0.5
6260	NNGCTTCTGCACTCNNTATGTCGACCTANN	0.5
6261	NNGTGCACTGTCCTNNCTAGTAGCTTCTNN	0.5
6262	NNGCTAGGTACGGANNCAACTACGATTGNN	0.5
6263	NNACTCGAGGTGTCNNACGATATGCGATNN	0.5
6264	NNGCCACAACGTGANNTGGTGATTGTTGNN	0.5
6265	NNCGCATCTGTCCTNNAGAACGGATTGTNN	0.5
6266	NNATACTCGGAGGCNNATCTACAACCGANN	0.5
6267	NNCTACGATCCGTGNNTACCTCGTTAACNN	0.5
6268	NNAGCAACTGGCACNNAGCAATTAGGAGNN	0.5
6269	NNGCAACCGTTCGANNCACACCAATGATNN	0.5
6270	NNACGCGTGGTTGTNNCACTCTTCAATGNN	0.5
6271	NNCAGGACACGTACNNATGGCTCAATGTNN	0.5
6272	NNCGTAGCTACCGTNNACAAGAGTCCTANN	0.5
6273	NNTGGTCGGCGTATNNATGTCTAACAGCNN	0.5
6274	NNCACTCCGTACCTNNCAAGACCTTACANN	0.5
6275	NNATACCTGTGCGCNNCAATAGACTCGTNN	0.5
6276	NNGTTACGATCCGCNNCTATTGCATTCGNN	0.5
6277	NNGTGGCGAACAGANNAGTTGTGTAGTCNN	0.5
6278	NNCTGGCAAGCTCTNNATAGTGAGGAAGNN	0.5
6279	NNCGCAACCTCTAGNNTACTGTCTCTCANN	0.5
6280	NNAGTGCTATCGGCNNCTTCCGGTAATANN	0.5
6281	NNCGAAGGTCAGACNNGTTGGTAGCAATNN	0.5
6282	NNAGGTGGAGACGTNNAGACGTTAAGGANN	0.5
6283	NNAGACTGCACCGANNCAGTTACACGATNN	0.5
6284	NNACGTGACGACAGNNACAATAACCGCTNN	0.5
6285	NNTGCAGGATAGCGNNCACATCATCTCANN	0.5
6286	NNCTGGTCGTACGANNATAAGCGTCATGNN	0.5
6287	NNGTGCACCTCTGANNCATCATTGACCTNN	0.5
6288	NNGCTGGTCATACGNNTACCAATACCGANN	0.5
6289	NNCTGCGCTATCGTNNTGACTCATACAGNN	0.5
6290	NNGCTGACCTAGTCNNATTGCGTGGAATNN	0.5
6291	NNAGGATCGAGGCTNNATTCTACGGCTANN	0.5
6292	NNTGATATGGCCGCNNTACAGAGATCAGNN	0.5
6293	NNATGTGCGCAGCTNNCGCAGTAACTTANN	0.5
6294	NNAGCGGATTCGTGNNCTTATCAGTGTGNN	0.5
6295	NNCGTCGATTGACGNNTGGAGAAGATCANN	0.5
6296	NNATTCGCTGCCTGNNTAAGTAAGACGCNN	0.5
6297	NNGCATGCGCTTCTNNACTAGCTTCACTNN	0.5
6298	NNAGAACACGCCTCNNATTCACCTTACGNN	0.5
6299	NNCTTAGCGCACGTNNACCATAGCATCTNN	0.5
6300	NNGCTAGGTTAGCGNNCTATCCAAGAACNN	0.5
6301	NNGCGTAGTCACAGNNAGAATGTTCCTCNN	0.5
6302	NNACGAGCACGCATNNCAGACATTCTTGNN	0.5
6303	NNCTGGTGTTCCAGNNCATCATGCTATGNN	0.5
6304	NNGTGCTTACGGCANNCATAGCAGATAGNN	0.5
6305	NNACTGCACAGGAGNNTAGTACCTGTTCNN	0.5
6306	NNTGAGGTGGCTCANNTGTCTCGAGTATNN	0.5
6307	NNTAGGCACCTGTCNNATGAGGTATGAGNN	0.5
6308	NNGCATCGTTCACGNNCATAATCACGCANN	0.5
6309	NNATCGTTGCCGAGNNATGTACGGTTAGNN	0.5
6310	NNATTACGCGCACGNNGCTTGTTGTAGANN	0.5
6311	NNGTCTACACCGGANNCTTGTGACTGATNN	0.5
6312	NNCACTGGCCAATCNNCAGTGATGAGTANN	0.5
6313	NNCTGCACACATCGNNACACTTGACGTANN	0.5
6314	NNATGGTAGAGCGCNNATCGATCAACTGNN	0.5
6315	NNTGTCACCAGAGCNNTATCCGTATGTGNN	0.5
6316	NNCACGGCTTACCTNNTGAATGGAACCANN	0.5
6317	NNGTATTCCAGCCGNNGTATTCGATTCGNN	0.5
6318	NNTACTCTCGGCTGNNATCTGGATGCATNN	0.5
6319	NNTAGCGTCACTCGNNTGTGATCCTACTNN	0.5
6320	NNGCATCAGCGGTANNCTATCTTGGTGANN	0.5
6321	NNACTCGCTCCAGANNTACAGCCTATGANN	0.5
6322	NNAGCACACGACTGNNTAGCCGTTATAGNN	0.5
6323	NNGCCTTCCATCTGNNACAGTACGTACANN	0.5
6324	NNCTAGCCAGGTGTNNCAGGTTGAAGTANN	0.5
6325	NNCTGAAGCGTCCANNATGAAGTTACGCNN	0.5
6326	NNGTCTTGGCTCTGNNAGTAGGCTCATANN	0.5
6327	NNCACGCTTGTCACNNCTTGAGTTCAGTNN	0.5
6328	NNAGCAGAGCTGAGNNGTAAGTGAATCGNN	0.5
6329	NNCGAGGTCGGTTANNAGTTACGCGAATNN	0.5
6330	NNCTACCAGCCTTCNNTATCTTACAGCGNN	0.5
6331	NNTAGTGTCACGGCNNTGATCACACCATNN	0.5
6332	NNCGGACAAGGTGANNACACGTCCATTANN	0.5
6333	NNGCAGCACGATGANNGTTACCAAGGTANN	0.5
6334	NNCTTCGTACCAGCNNTGCCATGATACTNN	0.5
6335	NNGTGCATCCTGCTNNTAAGAACGGCTANN	0.5
6336	NNATAAGGCCTCGCNNATCATGAGTGTGNN	0.5
6337	NNCTACCGGTCATCNNAGATAACGACGANN	0.5
6338	NNGCCTCCTTGGTANNACTTGCAATCTGNN	0.5
6339	NNTGTCCGAGCTACNNTAGTAGCAACCTNN	0.5
6340	NNGTGTAGAGAGCGNNCACTGTGTTACTNN	0.5
6341	NNAGGCCATAGCCANNGCGAATATGTCANN	0.5
6342	NNGTTCCTGACCACNNAGTCCTAGACTANN	0.5
6343	NNGTCACTGCCAGTNNACAGTCCATAGTNN	0.5
6344	NNAGCCAGTCCTAGNNCAATCGAGACTANN	0.5
6345	NNGCCGTAGTGTGANNCACATACACGTANN	0.5
6346	NNATCCGCACATCGNNTATGCGGTAATCNN	0.5
6347	NNACGTGTGCTGACNNCTGGTCGAATATNN	0.5
6348	NNACGGCTTGACGANNAGATGGTAGTGANN	0.5
6349	NNGTCGTGGCAACANNTATAACGCTTCGNN	0.5
6350	NNTAACCGCAGCCANNCGCTATTCCTATNN	0.5
6351	NNGCATGGCCAAGANNACTTGCGTCATANN	0.5
6352	NNATGTACTGGCGCNNAGAAGGAAGTCANN	0.5
6353	NNGTGAGTGACACGNNATGAACGGATTGNN	0.5
6354	NNTGACCACAGCGTNNACTCGTATTCAGNN	0.5
6355	NNTATTCGGTGGCGNNTAGTCAACTGCTNN	0.5
6356	NNCACTTCCACAGCNNCAGATGTGTATGNN	0.5
6357	NNGCTCATAGCGTGNNATTGGCAATGCANN	0.5
6358	NNCACCGAGTAGGANNATGTTAGGAAGCNN	0.5
6359	NNGTGGTACGCTGTNNCACAACGTGTATNN	0.5
6360	NNGTCCGGTGACTANNGTATCCATACACNN	0.5
6361	NNAGGCATACCAGCNNAGGATATAGCAGNN	0.5
6362	NNGCAACTACGCACNNGTATGCTAGTACNN	0.5
6363	NNTGTAGACGCCGTNNGTCGAAGTAAGANN	0.5
6364	NNCGTTATCGGTGCNNATCTTGCGAGTANN	0.5
6365	NNCGTTACCGAGGANNAGAGTGTGTGATNN	0.5
6366	NNTGAGATCTCGCGNNATGCGCAGATATNN	0.5
6367	NNCTGTGAGCCTCTNNCTTCTCTATCCTNN	0.5
6368	NNCGCGATGTGACANNGTGATTAGGTTCNN	0.5
6369	NNACACGAAGGAGCNNATTCACCTAGGANN	0.5
6370	NNTACGCAAGCGTCNNCGAATGTTACACNN	0.5
6371	NNCGAGTGCTCTGANNATATGGTGTCGANN	0.5
6372	NNACCTTGTTGCCGNNTGGTGATCTAGTNN	0.5
6373	NNTGAGGCACCAGANNGCAAGTATCCTANN	0.5
6374	NNCAAGTTGGCGAGNNCTTCTTCGAACANN	0.5
6375	NNTACCACGGTAGCNNATATAACGCAGCNN	0.5
6376	NNAGCTCGACACGTNNCAAGTTAGCATCNN	0.5
6377	NNGTGGACCGTTGTNNTATAACAGGTCGNN	0.5
6378	NNGCGAATTCCTGCNNTATAGTGAACGCNN	0.5
6379	NNGTGAGGAGATGCNNACTCACTAGAACNN	0.5
6380	NNGCGCTAGAATGCNNATACACGGATACNN	0.5
6381	NNCAAGCAGCACGANNATGTCATGGTGANN	0.5
6382	NNAGTACTTGGCCGNNTAATAACGCGCTNN	0.5
6383	NNCTTACCGCACACNNCTTCGGAATCATNN	0.5
6384	NNGTCCTGAGCATGNNCTACCTGTAAGTNN	0.5
6385	NNACCGGCAGGTATNNATCGCAATTCAGNN	0.5
6386	NNACGCCAGACAACNNGTATATGCTCACNN	0.5
6387	NNGTGGCGTATACGNNCAGCATTAAGTGNN	0.5
6388	NNACGGTGTGCAAGNNCTACGAAGTCATNN	0.5
6389	NNGCCTAGACCATCNNCTATGCTATCTCNN	0.5
6390	NNAGTACCGACGTCNNCAATATGTCAGCNN	0.5
6391	NNATCGCTTGCCAGNNCGTATTAAGGCANN	0.5
6392	NNTAGGCTCAGCGTNNGTTAAGCCACATNN	0.5
6393	NNTGAGTGCGGAAGNNCATTAGCCTAAGNN	0.5
6394	NNACTGGACTTCCGNNCAATCTGTACGTNN	0.5
6395	NNGTGAACACGGCTNNTGCCAACGTAATNN	0.5
6396	NNTACCGGCAATGCNNTACTCTGTGACTNN	0.5
6397	NNCTAGCTCAGTCGNNATAGCCGTTATCNN	0.5
6398	NNAGCAGGCCAGATNNATCAGTGAGAACNN	0.5
6399	NNCGTCGTCTGATGNNTGACAGGTATTGNN	0.5
6400	NNGTTCTTACGCCGNNATTGCCTATACGNN	0.5
6401	NNCTTGGTGCCAAGNNTATACTCGCAGTNN	0.5
6402	NNGTTGCTCAGCGANNTGTGAGAAGTACNN	0.5
6403	NNACGTGGCACATCNNTACATCTCGTACNN	0.5
6404	NNGTCAGACGCAAGNNGCTTCGTTCTTANN	0.5
6405	NNAGACGGTGACCANNCTTGATTGTGCANN	0.5
6406	NNTGTAGTCCGGCTNNATGTGGAGTTAGNN	0.5
6407	NNCTACCGATCGACNNTAGGTCAGGAATNN	0.5
6408	NNGCCTGGACAACANNTACCACAAGATGNN	0.5
6409	NNGTGCAGAGTCAGNNCATAGTTAGGCTNN	0.5
6410	NNGCGCAGAAGTGANNCGTGAATACTGTNN	0.5
6411	NNTGACCTGCGCTANNGCGATAAGAATGNN	0.5
6412	NNCAGTACCTCAGCNNCGTGTAATAGCANN	0.5
6413	NNACACGGAAGCGANNATCTCGACTTGTNN	0.5
6414	NNCTGTTCCTGCAGNNTGGAATTCAGAGNN	0.5
6415	NNGCATTGGCCTTGNNATACCGCAGTTANN	0.5
6416	NNCGGAACCGCTATNNAGTGGTAGTCATNN	0.5
6417	NNAGTTGTGCGTGCNNACGCATACATCTNN	0.5
6418	NNATGGCTGCTGCANNCGTCAATTGTCANN	0.5
6419	NNGTGGTCCGATCANNACTAGTCGAAGANN	0.5
6420	NNGTGGCTGAAGCTNNGTGTGAATTCGANN	0.5
6421	NNTGTCTCATCCGCNNTATTACCGATGCNN	0.5
6422	NNCGAGTCATGGCTNNCATGTACAGAGTNN	0.5
6423	NNAGGCTGAGGTACNNAGCTCATTACCANN	0.5
6424	NNTATGGCGGCACTNNGCATCTCATACTNN	0.5
6425	NNAGAGGCAGCATGNNAGATCTGCTTGANN	0.5
6426	NNCACGAACGGATGNNTGGAGTTCAATGNN	0.5
6427	NNAGACACCTCCGANNTATCCATCTGCTNN	0.5
6428	NNACGCTGACACCTNNCGAATCATGTTCNN	0.5
6429	NNCTGGTTCGACGANNCATTCGTCAAGTNN	0.5
6430	NNCGAGGTTCATGCNNGTTACATTGGACNN	0.5
6431	NNCGAGGATTGGCTNNTGGTAACTCAGANN	0.5
6432	NNAGGCTGTCCGTANNAGAAGATATGCGNN	0.5
6433	NNCGGCCACTATCTNNTGATCATAACCGNN	0.5
6434	NNACGCTTCCGATGNNCAGGTCTTAACANN	0.5
6435	NNGCGGCCTCATTANNTACATGGAACTCNN	0.5
6436	NNATGAGGCTGCCTNNTGGCCTGAATATNN	0.5
6437	NNCAGTAGCTAGGCNNATGTAAGTCTCGNN	0.5
6438	NNACGTGTTGACCGNNCGTGTGTATATCNN	0.5
6439	NNTGCCATGTGGAGNNATGGACGATACANN	0.5
6440	NNCGCGATTGCAGTNNATTCGTAAGCTCNN	0.5
6441	NNGTGGCTTGACAGNNGTTCACAACTCTNN	0.5
6442	NNACGCTCGCATGTNNATAGGATGTCCTNN	0.5
6443	NNCACTCGGACTGANNCTTACAACTGGANN	0.5
6444	NNCGTCGTTCGATCNNTGGCAATCTAGANN	0.5
6445	NNATCGGATAGCCGNNTGAATCTGTACGNN	0.5
6446	NNCGTAGCAGGCTANNTAGGTAGCTACTNN	0.5
6447	NNTGGTGCTGGTTCNNGTAAGAGTCAACNN	0.5
6448	NNCATGCGCTGTGANNATCTGATGACTCNN	0.5
6449	NNAGCAGCACGACANNATGAGATTGCGANN	0.5
6450	NNGCATAAGTGCGCNNCAGATTATCCGANN	0.5
6451	NNCTTGGCCAGGATNNGTACAGACATAGNN	0.5
6452	NNCGGATGCCTAAGNNGTAATATTCGCGNN	0.5
6453	NNTATCCACCGCACNNATGCGTGTTGATNN	0.5
6454	NNTAGACCATCCGCNNTGCAGTCACAATNN	0.5
6455	NNAGAAGTTCGCCGNNTAGTCGTTGACANN	0.5
6456	NNTGACGCACTCGANNAGGTATACCTCANN	0.5
6457	NNTGCCGTTCTGCANNCATAATCCTCACNN	0.5
6458	NNGTAGCGGAAGTCNNCAAGAGATCACANN	0.5
6459	NNGCTTGCATGCGANNAGATCATTACGCNN	0.5
6460	NNCGTCCGGACTTANNGCTAGTATCATGNN	0.5
6461	NNCGGTATCCGTCANNAGTTATACACGCNN	0.5
6462	NNGTGCAGAGCATCNNACCATATGAGTGNN	0.5
6463	NNCGGCGATCTTACNNCTTGATACGTGANN	0.5
6464	NNGTTCAGTTGCCGNNACATGCCTGAATNN	0.5
6465	NNAGCGCATTGCGTNNGTCTTATAACCGNN	0.5
6466	NNGTCCGCAACAACNNCAATCCTCAGTANN	0.5
6467	NNACAACGTGCCTCNNACACAACTTCCTNN	0.5
6468	NNGTTGTTCGGCCTNNCTATATGGCTGTNN	0.5
6469	NNCACAGCGCTCTANNATGCAGACACTANN	0.5
6470	NNCGCTTAGGAGCANNATTGCGAGATCTNN	0.5
6471	NNTACCAACGCCACNNATACTCAGCTGANN	0.5
6472	NNACGTGTCTCCGANNGTAGATCACTTGNN	0.5
6473	NNGCTCCGGAGAATNNCTACTTCAACGANN	0.5
6474	NNCGCTTGGTGAAGNNTGTACGTCCTTANN	0.5
6475	NNTGGCCTGAGAACNNCGGTTAAGTCTANN	0.5
6476	NNCTTGCGTGGACANNTGCTGAGTTATGNN	0.5
6477	NNGTCGCACCATCANNCTAGCTATATCGNN	0.5
6478	NNCGTTACGACACGNNTACGAGAACATGNN	0.5
6479	NNGCGTGTACCGTANNAGCTAGAGTAGTNN	0.5
6480	NNCAAGGCCTAAGCNNGCTTGCACTATANN	0.5
6481	NNCGTTCACGGACTNNTGATACCACACTNN	0.5
6482	NNAGGCATTGGCGTNNACAGAACTCAGTNN	0.5
6483	NNCAGGACTAAGCGNNATAATCACCACGNN	0.5
6484	NNTGGTAGACTCCGNNATAAGCGTTAGCNN	0.5
6485	NNCATTCCTTCGCGNNTAACACCTGAGTNN	0.5
6486	NNCACATCGCTCACNNATTGGAGTAGACNN	0.5
6487	NNACGCTAGCCACTNNGTTGACATCCTANN	0.5
6488	NNGTGATAGGCCGANNTAATCACGACTGNN	0.5
6489	NNGCATGCGCTAAGNNTACCGTGTCAATNN	0.5
6490	NNGCTAAGTCGCCANNTGTCACATTCCANN	0.5
6491	NNCTTCTCGAAGGCNNAGGTTATGGCATNN	0.5
6492	NNGCCTTACCTGCTNNGCATGATAGTGANN	0.5
6493	NNGCCAAGATGAGCNNACCTATCGAACTNN	0.5
6494	NNGCCAATACCGGANNCACAAGGATCATNN	0.5
6495	NNAGACGAACGTGCNNACAGGATGTTGANN	0.5
6496	NNTGAAGCGCTCCANNTGTCGAACGTATNN	0.5
6497	NNCGTAAGCCTGCANNATCACTGTGCTANN	0.5
6498	NNGTCGCCGTCAATNNATACCAGCCATANN	0.5
6499	NNGCCTAGGCTACTNNCATAACGACTTCNN	0.5
6500	NNGCTGCACTCTAGNNGCGATACTGAATNN	0.5
6501	NNCGCTACCTAGCTNNGCGAGTATGATANN	0.5
6502	NNACTCCGGACTCANNACGTTCATGTGTNN	0.5
6503	NNAGTACCGGAGTGNNCTTGCAATCCATNN	0.5
6504	NNCATCGGATCCACNNATCCTTGCTTACNN	0.5
6505	NNCTGGCAGTCTCANNGCTGTAAGTATCNN	0.5
6506	NNTGGCTGCGGATANNGTAGTCTCATTGNN	0.5
6507	NNGCTTCGGTTAGCNNATAAGAGGCACANN	0.5
6508	NNATCTCGACCGCTNNCTGATTGCAGATNN	0.5
6509	NNGTGTAGCAGCGTNNATTGTCACAGCANN	0.5
6510	NNCGTTGCGCTTACNNCTATCAGAATCGNN	0.5
6511	NNTACCGCCGGATANNGTCACCATACTANN	0.5
6512	NNCAAGGCACCTCTNNAGATGCGTTCATNN	0.5
6513	NNCTAAGGCACAGCNNACGTTGAGTAACNN	0.5
6514	NNCGCAGTACAGTCNNATGGACTTGCTANN	0.5
6515	NNGCCGCCTTAAGTNNTAATCTAGCGCTNN	0.5
6516	NNGTACACCGACGANNCTTAGCCGATTANN	0.5
6517	NNTAGAGGAGCCAGNNGTTACAGTCTGTNN	0.5
6518	NNACATACCGTCGCNNATAACGAGGATGNN	0.5
6519	NNGCAACTCTGCCTNNATAGCTCTTACGNN	0.5
6520	NNATCGAAGCGCTCNNAGTCGAAGGTTANN	0.5
6521	NNTGCTAGTCGCGANNCGAACGTTCTTANN	0.5
6522	NNACGGTGACCAGANNTGGCAACTAGTANN	0.5
6523	NNTGCGGACTGAGTNNCAGAGCTCTAATNN	0.5
6524	NNGCTTCATGACGCNNACAAGCACAAGANN	0.5
6525	NNGCGTGTACGTGTNNTATCGTTACACGNN	0.5
6526	NNCTTCGACGAGTCNNAGTACAAGCAGANN	0.5
6527	NNGCTTGATCGCCANNTGCCTGATTAGANN	0.5
6528	NNACTGGTAGGACGNNTGTTACTCGACANN	0.5
6529	NNACTGCTACCGTGNNTATGATGTACGCNN	0.5
6530	NNTAACCGTGTGGCNNGTTGTTGTCTCANN	0.5
6531	NNGCGACGATACTGNNCGCTTCTAATACNN	0.5
6532	NNACCTGGCTACCANNCATATGTCACCANN	0.5
6533	NNGCCTTGGCATTCNNTGAAGTGCTTGTNN	0.5
6534	NNCATGGCCACTCTNNAGAACACCGTTANN	0.5
6535	NNCTGGACTATCCGNNCTTGTTGCATTGNN	0.5
6536	NNGCTTGAGAGGCANNCGGAATATCTTGNN	0.5
6537	NNCGAGTACCAGTGNNTATCCAGCTAGANN	0.5
6538	NNAGACAGAGCGTGNNACTCTTAGACTCNN	0.5
6539	NNGCCAGAAGTCCANNCTTACATGTCACNN	0.5
6540	NNGCAACGACCACANNTACTCAACTAGCNN	0.5
6541	NNCAGCTGTAGCGANNGCCAGCATATATNN	0.5
6542	NNACCGCGATAGTGNNTGTACCATGATGNN	0.5
6543	NNGCTGACCGTTCANNAGACTTAGTCACNN	0.5
6544	NNGTTCGCAGGAAGNNCTACTAACCAACNN	0.5
6545	NNTGCACGACTCTGNNATGTCAACCAGTNN	0.5
6546	NNGCGATCCATGTGNNCTGTTCATACTCNN	0.5
6547	NNCGACGCTATGAGNNAGTGTAGATGCANN	0.5
6548	NNCTGCATCCTCAGNNCTAAGGAGATGANN	0.5
6549	NNAGGCAGGTACTGNNTGTAATTCAGGCNN	0.5
6550	NNGTATAAGCGCCGNNCTTAATACTGGCNN	0.5
6551	NNACCGTTGTGCTGNNATGCTACGCTTANN	0.5
6552	NNAGAGCAACGGACNNCGCAGCAATATANN	0.5
6553	NNACATCCAGCTCGNNGCCTGATAGTATNN	0.5
6554	NNCTGTAACCTCCGNNTAGGACTATTCGNN	0.5
6555	NNAGCTCTCAGCACNNCGATGATCAATGNN	0.5
6556	NNAGTGCAGACTGCNNAGCATGCTAACANN	0.5
6557	NNCGAGAGCGTATCNNCAACTGTCTAACNN	0.5
6558	NNTAGCTACGCCTCNNTGGTACTAGATCNN	0.5
6559	NNCGTGTTCCACACNNTGTTCGGTTATCNN	0.5
6560	NNCACCGTTCAGTGNNACTCCATACTTGNN	0.5
6561	NNCGTGGTGCAAGTNNGTATGCACATTGNN	0.5
6562	NNAGTGTGACGAGCNNGTCCACTCTTATNN	0.5
6563	NNCACCACAGTTGCNNCTGAGATATGTCNN	0.5
6564	NNGCAGTCTCACCTNNACTTGTACTGTGNN	0.5
6565	NNCTGCATTGGCCANNTGACCGATAGTANN	0.5
6566	NNCAGACCTTGCTCNNGTATCAGCTTCANN	0.5
6567	NNGCTGTACACGCANNTATGGTGTCTCTNN	0.5
6568	NNGCTCTCCGTGTANNAGATCACCATCTNN	0.5
6569	NNGTGGCCTTACTCNNTGTAATGTGAGCNN	0.5
6570	NNTGAGAAGGCACGNNCGATTGCATTGANN	0.5
6571	NNGTTAGAGGCCTCNNGTAGCTTCTTCTNN	0.5
6572	NNTATCGCACGTGCNNACGTTGGAGTATNN	0.5
6573	NNACCAAGGAGACGNNGTGGTTACATGANN	0.5
6574	NNGTCGCGCATCTANNTGTTCTAGTCTGNN	0.5
6575	NNCGAGTATACCGCNNCAGTTGTAATGCNN	0.5
6576	NNGTGTAGTGCGTGNNGTTATAGAGACGNN	0.5
6577	NNATGCATAGGCGCNNAGCTGTTAATCGNN	0.5
6578	NNCAACTAGGCTCGNNTGCTACTGAGTANN	0.5
6579	NNGCATGTCACACGNNTAGCACCTCTTANN	0.5
6580	NNACCATGCGTGAGNNCTTAGGAACTGTNN	0.5
6581	NNACCGCAGAATCGNNCTATAGACGATGNN	0.5
6582	NNCAAGGCGTCTAGNNACGTTGACGTTANN	0.5
6583	NNACCTCTGGTGCANNTATTAGCCACGANN	0.5
6584	NNCACGCGTACAAGNNATATCGAGCCTANN	0.5
6585	NNCACTACGCCGTANNCTATGGAAGTGTNN	0.5
6586	NNTACTCGGACCAGNNACCAATCTCTCANN	0.5
6587	NNCAGGAGGTGTGANNATGCTAATGTGCNN	0.5
6588	NNCATCAGTCTGCGNNTATGTAGTGTCGNN	0.5
6589	NNGCAATTGCCAGCNNGTATACAGCACTNN	0.5
6590	NNATGCTCGACGCANNCGACTAACTGATNN	0.5
6591	NNATCCTAACGCGCNNCTGCATATACTGNN	0.5
6592	NNATCCACAGCCGTNNCGTAATAGGTGANN	0.5
6593	NNCACGTCTACCTCNNGCATACCTTACANN	0.5
6594	NNGCACATCCACTCNNCTACTACCACTANN	0.5
6595	NNGCGACTATGTGCNNGTCAACTTGTGANN	0.5
6596	NNCATCGAGGCAAGNNAGCTTAGGTGTANN	0.5
6597	NNCGCGCTAAGATGNNTGCATCAGATGTNN	0.5
6598	NNTGGACCATAGGCNNATAGTCCGATACNN	0.5
6599	NNACCGAGACAGAGNNTAAGTCACTTCGNN	0.5
6600	NNGCGTACACGGATNNATCCACTAGAAGNN	0.5
6601	NNGTCGTCTGGTCANNGTGTACACAACANN	0.5
6602	NNCACGGCTAATGCNNATGCAGAGAAGTNN	0.5
6603	NNCATGCGTACGACNNACTGAATGAACGNN	0.5
6604	NNGCTCCGGAATCTNNTAAGTGGCATTCNN	0.5
6605	NNCGATGGAGCACTNNCTGATACTCTGANN	0.5
6606	NNTGTAGCGGAAGCNNAGACATACAGTCNN	0.5
6607	NNCAGAGTCTGCTCNNACTCTCGAACATNN	0.5
6608	NNCACGCATTGCCANNCATTAGACAGAGNN	0.5
6609	NNCGTCAAGGCCATNNGTAGTGTTGTCTNN	0.5
6610	NNGCGCGACCATTANNATGGCAATACCANN	0.5
6611	NNGCGCATCTCAGANNCAAGTGCATGTANN	0.5
6612	NNGCGACGTTGCATNNTAGCACCATGTANN	0.5
6613	NNTGGTCGGCTGTANNATTCGGACTATCNN	0.5
6614	NNCGGCGTCTAGTANNGTGACTAGCTATNN	0.5
6615	NNCGGACGATGTCANNCTATATGGTAGCNN	0.5
6616	NNGCGTCGAATCTGNNGTTAACGCATGTNN	0.5
6617	NNGCCTAGGCCTTANNCATGATATCCTGNN	0.5
6618	NNCAGGTTCCGTAGNNCATATCCGTTACNN	0.5
6619	NNAGGATCGTGAGCNNCTAAGCACTATCNN	0.5
6620	NNGCGATGATGCCANNTACCAGGCATATNN	0.5
6621	NNCAACCACACCTGNNAGCTCTCTTAGANN	0.5
6622	NNAGACTGGACCTCNNTGGTTCCATGATNN	0.5
6623	NNAGCACGAGGAAGNNTAGGTACACTAGNN	0.5
6624	NNCTGGTAGGCAAGNNCGAGAATTGAAGNN	0.5
6625	NNGCTCCTCAAGCANNAGGTCATACGATNN	0.5
6626	NNTAGGACGTGCCANNGTAGACATAGCANN	0.5
6627	NNTACGGACGATCGNNGCAATGGAATGTNN	0.5
6628	NNAGCTGACGAGTGNNGTCATTCTGAACNN	0.5
6629	NNATTGTCGGTGCGNNTACTTACAGGCTNN	0.5
6630	NNCACGTGCACTACNNTGTGGTAAGATCNN	0.5
6631	NNGCGTTCATGCCTNNACTAGAACCAGANN	0.5
6632	NNTGCGCGGTCATANNATCTGAGTGATGNN	0.5
6633	NNGTATTGGCCGCTNNTATAACTGCCGTNN	0.5
6634	NNGTAACACCTGGCNNTGCAGATACAGTNN	0.5
6635	NNGTACCTTGGCCTNNTGTGAGGATTAGNN	0.5
6636	NNCAGACGCGAATGNNCACCGAGATTATNN	0.5
6637	NNGTACGGACTGTCNNAGTGTTACCTGANN	0.5
6638	NNTGATGCTGCTCGNNCAATGCGATACANN	0.5
6639	NNAGATGGTGCACGNNGCTAATGTTGTCNN	0.5
6640	NNTGAATCGGTGGCNNATTGCCATGTCTNN	0.5
6641	NNAGAGATCTGCGCNNGTTCATACCATCNN	0.5
6642	NNTGCTTAGCCTGCNNCAACCGATCAATNN	0.5
6643	NNGCGAGGCAACTANNATAAGACTACCGNN	0.5
6644	NNACCGAAGAAGGCNNTAGAAGACACCANN	0.5
6645	NNAGCACAGGAGGANNATAGAATGCTGCNN	0.5
6646	NNACGTCGTGTCTGNNGTGTTAGGTGTANN	0.5
6647	NNCGTGTACAGCAGNNCGGACAAGTTATNN	0.5
6648	NNATAAGCCGGCGANNCTTGTATGATGCNN	0.5
6649	NNCGATGCCACTCANNCTGGACTACTATNN	0.5
6650	NNTGTCAGAACCGCNNCTTAACGTGAGTNN	0.5
6651	NNTGCAAGACAGGCNNTACCATACCAAGNN	0.5
6652	NNGCACGGTAACACNNCGTGACTATCTANN	0.5
6653	NNATAGGTGGACGCNNGCATCATTACCANN	0.5
6654	NNCGGCACATACCANNGTTGGTATTCCANN	0.5
6655	NNGCTGTCGTTCGANNGTAGAACAGTAGNN	0.5
6656	NNTGTGGCAGTCCANNGTTCATCCAGTANN	0.5
6657	NNCGTGCTGTCACTNNTGGATGCTATGANN	0.5
6658	NNCACCGGTCGTTANNTGAGTCGAATACNN	0.5
6659	NNTAACGAGCGCCTNNGCTTGTCATCATNN	0.5
6660	NNTGCGTGAGCGATNNTAACTTGGCATCNN	0.5
6661	NNAGGCTACTTGCGNNCAAGTTATGCTGNN	0.5
6662	NNAGTCGCGCTAAGNNCTACAGATACTCNN	0.5
6663	NNGCACCACCAACTNNCAAGATCTCACTNN	0.5
6664	NNAGATCCGCGGTANNGCTAACGATGTANN	0.5
6665	NNGTAGTGCCATGCNNCTATGTTGACAGNN	0.5
6666	NNCGATCCGAACGTNNCATTGTAGAAGCNN	0.5
6667	NNAGCTGCCAGAGTNNGTACTTAACCGTNN	0.5
6668	NNATCCGTGGTGTCNNATCCGAATCAGTNN	0.5
6669	NNCGAGATGCCTTCNNCTATACTGGTTGNN	0.5
6670	NNCGTCTCGAGAAGNNACACGTTGAAGANN	0.5
6671	NNAGAGTCAGGAGCNNTGTAACCTCATCNN	0.5
6672	NNTGGCATGCATGCNNCTTACCTAGATGNN	0.5
6673	NNGTCTACTGCGACNNACGATAGCTAGANN	0.5
6674	NNACCGTTCGGTGTNNTGAGATTCGTCANN	0.5
6675	NNACTGCGCCTGATNNATGTCTACTGTCNN	0.5
6676	NNGCAAGAGAGTGCNNGTTACACTTCCANN	0.5
6677	NNTGCGTTAGGCAGNNATTGAAGGAGTGNN	0.5
6678	NNCACTGGTTCCGANNATGACAGGTTCANN	0.5
6679	NNAGCGGTCTAGTCNNACTAGACATCCTNN	0.5
6680	NNATGAGAGCCACGNNCACTGTGAAGATNN	0.5
6681	NNATTGCCGCGAAGNNAGTTGTCCGATANN	0.5
6682	NNCTGAAGACCGAGNNGTCGTTGATTACNN	0.5
6683	NNAGGCAACCACTCNNATTCTAGACGTCNN	0.5
6684	NNGTCACGAGTGCTNNCTGAACCTATTGNN	0.5
6685	NNATAGCGGCACGANNTGAAGTCCTAACNN	0.5
6686	NNCTAGGCACTCAGNNTGTTGAATCCGANN	0.5
6687	NNGCTTGCCTTCACNNTAGGTATGCCTANN	0.5
6688	NNACACAGACGCCTNNCTAATCGTTGACNN	0.5
6689	NNACACTAGCCGAGNNGTGTAGGCATTANN	0.5
6690	NNGCTAACCGGCTANNTAACGGAGAAGTNN	0.5
6691	NNACACGATGGTCGNNACACAGATTGCANN	0.5
6692	NNTGCGGCTCTAGANNCGATTCTATTGCNN	0.5
6693	NNACGTTCTGGACGNNGTTCAATGAGAGNN	0.5
6694	NNATGAGCGTGCTGNNACTCACTTAACGNN	0.5
6695	NNGCTTGCAGAGAGNNCATTAGGTAGTGNN	0.5
6696	NNACGTGACTTGGCNNCTATAGTGACACNN	0.5
6697	NNGCCGGTATGTCTNNTGCTTGCATAAGNN	0.5
6698	NNCGTCTGAGGATGNNCACATGACAGTANN	0.5
6699	NNGCTTGCAACGTGNNATAGACGCGATANN	0.5
6700	NNGTGTAGTCCGCANNCAATCGAAGTGANN	0.5
6701	NNACACGTGGAACGNNAGTTACGGTTCTNN	0.5
6702	NNCGTGTCCGCATANNTGGCTTAGTCATNN	0.5
6703	NNTGCGAGCATCAGNNCACAAGCTAAGTNN	0.5
6704	NNAGAGGCGTCAGANNCACACATGAACTNN	0.5
6705	NNTGCCGATCAGGANNCGTATGGAATCANN	0.5
6706	NNACGCTCACGTTCNNTGGTTCCTTAGANN	0.5
6707	NNGTCGCATAGCGANNTATTACGAGCGANN	0.5
6708	NNATGTCGGTCGTGNNCATTCCTTGTTGNN	0.5
6709	NNGCACGTCATCTGNNTACCAGAACTTCNN	0.5
6710	NNGTCCTCCTGTTCNNGCTTGAGGATTANN	0.5
6711	NNCTGAGCCTTGAGNNATGTCCTTCAGTNN	0.5
6712	NNACCGACAAGGCANNCACTAACACTTGNN	0.5
6713	NNCTTCCTTGCGTCNNCATTGTAGTGAGNN	0.5
6714	NNGTAGAGCGGTCANNACAGTCTTCGTANN	0.5
6715	NNTGGTCGAGCAGANNTATCGTCAGTTCNN	0.5
6716	NNACGCTCATGGCANNTGGATTAGTGTCNN	0.5
6717	NNAGCGCCTCAAGTNNGTTGAAGTGTGANN	0.5
6718	NNCTAATGCGGCAGNNACATTGGTAGCANN	0.5
6719	NNTAGTGCATCGGCNNCATACAATCAGCNN	0.5
6720	NNCACTCTACTCGCNNAGTTATCGTCGTNN	0.5
6721	NNGCCGCTAACAGTNNTGGAGTGTTAGTNN	0.5
6722	NNGTAGCCTGACACNNTGTTCCGATAACNN	0.5
6723	NNTAGCTCGCCAAGNNCTGATTCTTCCTNN	0.5
6724	NNTGGCTGAGTCCANNATCTCTGTCAAGNN	0.5
6725	NNCGGCATACAACGNNACGTTGTTCTGTNN	0.5
6726	NNTGCTGGTCGGATNNAGTTCTTGTGTCNN	0.5
6727	NNGCTTGGCGCTTANNTGTATACCTGACNN	0.5
6728	NNACTGTTCCTGGCNNAGCATCAGATCANN	0.5
6729	NNACATCGACGGCTNNAGGAGATCCTATNN	0.5
6730	NNTAGCCTCGGTACNNCAACATAGACTGNN	0.5
6731	NNACACCTGGAAGCNNACCTGAGATTGANN	0.5
6732	NNCGTCAACAGCTCNNCGCACAATTAACNN	0.5
6733	NNTGAAGTGGACGCNNACATCACGATTGNN	0.5
6734	NNGCATGCAGGTACNNGCATCTAAGTGANN	0.5
6735	NNCGCGGTGTAGATNNTAACAGGCAAGANN	0.5
6736	NNCGCGATCGAATCNNATCGAGATTGTCNN	0.5
6737	NNACCAGTCCGAGTNNCGGATAAGTATGNN	0.5
6738	NNCTGGCTAGGTCANNGCATTATCCAGTNN	0.5
6739	NNGTAGATGGCTCGNNATACGATGCCATNN	0.5
6740	NNGCCACGATGATGNNGCTATGCTTAAGNN	0.5
6741	NNATCTCCGCACGANNCAGGTAATAGAGNN	0.5
6742	NNCGTGCCTCAAGANNCTTAGGTTGTTGNN	0.5
6743	NNATTCGCGAACGCNNCTATCGTTATCGNN	0.5
6744	NNCGTACTGCAAGCNNGCTAATAAGCTGNN	0.5
6745	NNGTGGTAGCCAACNNATCTTCGTTCCTNN	0.5
6746	NNGTTCGCAGCTTCNNCGATATCGAACTNN	0.5
6747	NNCATGTCGGAGAGNNAGGACAATCTTCNN	0.5
6748	NNGTCTGGCTCTGTNNGTATGAGAACTCNN	0.5
6749	NNAGCCTTCGGCATNNATCCTACAAGTGNN	0.5
6750	NNGTGTATCGGTGCNNCTAGAACAGTTCNN	0.5
6751	NNGCGTAAGGTAGCNNCAATGAAGGACTNN	0.5
6752	NNCTAGGCCACTAGNNACGATGCATACTNN	0.5
6753	NNAGAAGGCAGTGCNNTACGTCCTCATANN	0.5
6754	NNCGGCTAAGCACANNCGAGATAGTACANN	0.5
6755	NNTGTTGGACAGCGNNCAAGTGGTAATCNN	0.5
6756	NNCGGCAGTATGCANNCGAGCAATTGATNN	0.5
6757	NNTGTCGCTGACACNNATAAGCAGTCACNN	0.5
6758	NNCTAGAGTGGTGCNNCAAGTCATTGTCNN	0.5
6759	NNCTATCGCGCAAGNNGTCTTCTACACTNN	0.5
6760	NNGCGCCACAGTATNNAGAGCTCCTATANN	0.5
6761	NNTAAGAGCGCTGCNNTAAGTTCAAGCGNN	0.5
6762	NNAGTACGCCTCTCNNTACGAGGTATCANN	0.5
6763	NNTAGCCTTGCGTCNNAGACGTATGTGTNN	0.5
6764	NNACAGGACGCGTANNTATTGTCACCGANN	0.5
6765	NNAGTCTGCAACGCNNAGTCCTTAGACTNN	0.5
6766	NNGTCGTGCTTCAGNNCGAATCCATAAGNN	0.5
6767	NNCGCGAGAGAAGANNAGGAGAAGAATGNN	0.5
6768	NNCACATCGGCCTANNATTGGATCGGTANN	0.5
6769	NNGTTACGCGGTGTNNCATGACATGTAGNN	0.5
6770	NNCAGAGTCGCAACNNTGTCTAGTACGTNN	0.5
6771	NNACACGCCTTAGCNNGTGAATTCTAGCNN	0.5
6772	NNACAGACGTCCTGNNGTGACGATCATANN	0.5
6773	NNATGCCGTGGAGTNNCTTCGAGTAAGTNN	0.5
6774	NNCTATACGCGGTGNNACTGATACAGCANN	0.5
6775	NNGCCTCGTTGATCNNCAGCTAGATTGTNN	0.5
6776	NNGTAGCATGCGTGNNATCTTCTCAGGANN	0.5
6777	NNTGCTCACCGTACNNAGTGTATGAGGANN	0.5
6778	NNCGACCTCTGTCTNNGTGGTAATTGTGNN	0.5
6779	NNGCCATTCCTCGANNACACCTAGAGATNN	0.5
6780	NNGCTTGGTCACCTNNATTCGACGTTAGNN	0.5
6781	NNATTCGCCTGCTGNNGTCTAATGGAACNN	0.5
6782	NNCGTTACACGCGANNACATTGTCACCTNN	0.5
6783	NNAGGCTCTGGACANNTAGATAGGACCTNN	0.5
6784	NNATCGCCGGTGATNNTAAGGCACAGTANN	0.5
6785	NNAGGTGTCTCGCANNACGAACACCAATNN	0.5
6786	NNGCGACGGTATCTNNCAGATGACATTCNN	0.5
6787	NNATTGCCGGAGAGNNATTCAACGGAGTNN	0.5
6788	NNCGGACTCCAGATNNCACGATATAACGNN	0.5
6789	NNTGCGTACAACCGNNGCCATTACCATANN	0.5
6790	NNACCATCCTCTGCNNCGACATAACTTCNN	0.5
6791	NNAGGAGAGTGCAGNNTGGCAGAATTGTNN	0.5
6792	NNACTCCGTTACCGNNTGATAACCACAGNN	0.5
6793	NNGCAACTTACCGCNNCGTCTGATACTANN	0.5
6794	NNTAGTCGCGCTTCNNTACCATCAAGCANN	0.5
6795	NNCGAGATCGACTGNNCGACATGTTCATNN	0.5
6796	NNCATGGCTCCTACNNGTATACGCGTATNN	0.5
6797	NNAGTTCCACTCGCNNTAACGCCATATGNN	0.5
6798	NNTGTGGACGTCACNNCAATTCTCTGTGNN	0.5
6799	NNTGCTGTCTCGCTNNCTATAACCTGTGNN	0.5
6800	NNCAGGCGACTCTANNCAAGACACATCANN	0.5
6801	NNACCTTGGACCGANNAGAGTACCACTANN	0.5
6802	NNACGTTGCAGTCGNNATTGGCATTGTGNN	0.5
6803	NNAGTACGGCCAACNNATTCATGTTGCGNN	0.5
6804	NNAGTTGACCGCCANNGCGCATTATAGTNN	0.5
6805	NNTATGCTCGGTCGNNAGTAACTTGCCTNN	0.5
6806	NNCTTACCTCGAGCNNCATGTCTAGTTCNN	0.5
6807	NNAGGCCAGTGTCANNAGCCAGTTACTANN	0.5
6808	NNATGACGCGCTTCNNCGTAGGTATGTANN	0.5
6809	NNCACGAAGGATGCNNACCTATCATACGNN	0.5
6810	NNACCTGTCAAGCGNNGTAGTGTAACCTNN	0.5
6811	NNGCTGGCGTTACTNNCAGTTCATCACTNN	0.5
6812	NNTGTAGTCTCGGCNNCAGTTCGTACTANN	0.5
6813	NNATTCCGCCTTGCNNATGTGTTCTTGCNN	0.5
6814	NNGCAGCTGGTGATNNATAACTCCAGAGNN	0.5
6815	NNGCATCAGACGAGNNATGCTAAGGTAGNN	0.5
6816	NNCGCGAATTGCGANNAGACTGGTAACANN	0.5
6817	NNTGAGTTCCAGGCNNCGCGGAATATTANN	0.5
6818	NNAGCTGCCACGATNNTACACAGAGGATNN	0.5
6819	NNGTGCGGATTGCTNNAGTTCATAGCCTNN	0.5
6820	NNCACCAACTGGTGNNCTATTATGCCTCNN	0.5
6821	NNAGAGCTGCAAGCNNTAGCCTAGTATCNN	0.5
6822	NNTGTCCGCTTGCANNGTTATGACACAGNN	0.5
6823	NNGCCTGAATCTCGNNTGATCCTAGGTANN	0.5
6824	NNACCTGCCGAAGTNNTAGTTGACTTCGNN	0.5
6825	NNGTGGCACTCAGANNGTGGCTGAATTANN	0.5
6826	NNCGTAATCCGTCGNNAGCTGATGGTATNN	0.5
6827	NNCACAGAGAGCCTNNACATTGCGTATGNN	0.5
6828	NNACGGCATGCTCTNNGTTGTTCAATGCNN	0.5
6829	NNCGAATGGCATGCNNTAATCCTCACTCNN	0.5
6830	NNACAACGCCTGCANNTGGATCAACTCTNN	0.5
6831	NNCGATGACAGACGNNCGCTATCGTATANN	0.5
6832	NNATCCTTGCGCCTNNTATCAGCCTATCNN	0.5
6833	NNACACGGACAGAGNNATACGCAATGGANN	0.5
6834	NNGCAGACGTGTGTNNACTGATCACCTANN	0.5
6835	NNTGCTTCCTGACGNNTGGTTCATGTGANN	0.5
6836	NNCAATGCTTGCCGNNTAGATAGGTGACNN	0.5
6837	NNAGCCGCTAAGAGNNATAAGCAATGCGNN	0.5
6838	NNCGAGTAAGGCACNNCATGAGTTAACGNN	0.5
6839	NNAGGTCGGCATCTNNAGTTGGACATGANN	0.5
6840	NNCGGCTTCACGTANNAGTAGAGTCTAGNN	0.5
6841	NNATCCGTCCAGACNNATCCGCACAATANN	0.5
6842	NNAGGTGGTGCAGTNNTGTACACCAAGTNN	0.5
6843	NNAGCGTCGTGGTANNAGATTGCACACTNN	0.5
6844	NNTGGATAGCGCTCNNAGCAACTTACGANN	0.5
6845	NNCAGTGTTGCCTGNNATATCCGATCGANN	0.5
6846	NNGCCTGCTCACATNNGTCTGCAATGTANN	0.5
6847	NNGCCACTGTCTTCNNATACACAACACGNN	0.5
6848	NNTACTACGCTGGCNNCGCTATATATGCNN	0.5
6849	NNCGATGCGTCGTANNTACCTACTGTAGNN	0.5
6850	NNCATTGCCGGTTGNNATAGCAACGTCTNN	0.5
6851	NNGCAGCATAAGCGNNGCAATACATCGANN	0.5
6852	NNCTTGACGGCGATNNACTGTACTCAAGNN	0.5
6853	NNGCTAGACCGTGTNNATAACGACCTCANN	0.5
6854	NNCGTTAGGACGTGNNTGAATCTCCTTGNN	0.5
6855	NNCTGAGGTGCTCANNAGATAGGTTCCTNN	0.5
6856	NNCTACTCTCGAGCNNGTGTTCGATACANN	0.5
6857	NNTAGCGTTGGTGCNNCAATATCGTGTGNN	0.5
6858	NNCTACGTCGGCATNNTAAGGACACTGTNN	0.5
6859	NNGCTGTAGCGACTNNTAATACGAGCTCNN	0.5
6860	NNCGTCCAACCATGNNAGGACGTTATCTNN	0.5
6861	NNCACGGCAACCATNNTGCATGGTATACNN	0.5
6862	NNTACGAAGTGCCGNNCAAGTATCTCACNN	0.5
6863	NNTGCCTGCACGTANNGTGTGGAATTGANN	0.5
6864	NNACGAACCTCAGCNNGTGCTAAGTGATNN	0.5
6865	NNGCTTGCGACACTNNATCATCCTCATGNN	0.5
6866	NNACCAAGACCGCANNCTACTTATGGTGNN	0.5
6867	NNCACTCTCCGACTNNTGCTTACGTAGTNN	0.5
6868	NNCAGTGCCTACTGNNTGATTGGCAGATNN	0.5
6869	NNACCGGTGGTATGNNAGTAGTACCAGTNN	0.5
6870	NNCAAGCCGATAGCNNCATCTGGCAATANN	0.5
6871	NNGCATGGTCGCATNNGTCGGATAATTGNN	0.5
6872	NNCACCTAGAGCTCNNCGTATATACCACNN	0.5
6873	NNAGGCTCGCAACANNCAATTAGTGGCTNN	0.5
6874	NNTGGTGGCAAGACNNGTACGTACGATANN	0.5
6875	NNAGCACCTCACACNNATGAACTCGCATNN	0.5
6876	NNAGATGAGTCGCGNNACCGAGTATCATNN	0.5
6877	NNCGCTTCTTCGACNNACGCCGTAATTANN	0.5
6878	NNGTCGGAGATTGCNNTGTATGGTCAAGNN	0.5
6879	NNGCGAGCATCTTGNNACACGGTAAGATNN	0.5
6880	NNAGACACGAGCCANNTAACTGCTCTAGNN	0.5
6881	NNATGTCTCTCCGCNNCGAGTTAAGGATNN	0.5
6882	NNGCGTTCAAGCTGNNATCCAGACTGATNN	0.5
6883	NNCGTCTCTGCTTGNNAGGTGGTTAGTANN	0.5
6884	NNACGCGGTTCTAGNNCTAATCTGCAGTNN	0.5
6885	NNTACGGCCTAGCANNATACGCGGTATANN	0.5
6886	NNCGTCGCAACTACNNGCTAACTAGCATNN	0.5
6887	NNGCTCTTCCTTCGNNAGCATCTAGTGTNN	0.5
6888	NNTGTAAGGCGGCTNNTAGGCTAATGTCNN	0.5
6889	NNGCTCCGTCTTAGNNGTCTTACAACACNN	0.5
6890	NNGTCCGGTTACACNNTAGAACGGAATGNN	0.5
6891	NNAGCCGACCAACTNNGTTAGCTATCAGNN	0.5
6892	NNGTCCTGGAGATGNNATCAGGTTAGTGNN	0.5
6893	NNAGGTCCGGTAGANNTGGAATGCCTATNN	0.5
6894	NNATGCCTGCGGTANNTGGCATCTGATANN	0.5
6895	NNCACGGCAATGGANNATTCACTAGTGCNN	0.5
6896	NNTAGCCTTCCGCTNNGCTAATCAGGTANN	0.5
6897	NNGCCTCTCTCTTGNNGCGTAGTTAACTNN	0.5
6898	NNCGTGTAGGCGTANNTGACCTATTGAGNN	0.5
6899	NNTAGATGCGCGTGNNAGTCAACACGTANN	0.5
6900	NNGCTGGTGGATACNNTGGTAACAGAACNN	0.5
6901	NNACACACAAGGCGNNTAAGGTTGGTAGNN	0.5
6902	NNGTTGTCCGTCTCNNCTGTGTTAGTCTNN	0.5
6903	NNACCATGTTGCGCNNTGAAGGTACCATNN	0.5
6904	NNCGTCTCGTACTCNNACGATGTCTCATNN	0.5
6905	NNGCGCATTGTGTGNNATAGAAGAACGCNN	0.5
6906	NNCGATGTCCGTCTNNCGAAGTTCATCANN	0.5
6907	NNCGGAATGGCTCTNNCTGTTCTCTTCANN	0.5
6908	NNGTGGCTGATTCGNNTATGTCGTCAAGNN	0.5
6909	NNCGGCTCCGATTANNTGTGGATAAGCTNN	0.5
6910	NNCTGCGATGCATCNNGCTAGTTCACATNN	0.5
6911	NNATGACCGCGTAGNNCATTGACTCGATNN	0.5
6912	NNGTAGGCACTCCANNTAGAACTCGCTANN	0.5
6913	NNAGTCCTCAGGAGNNTACAACGATCCANN	0.5
6914	NNGCACACTTCTCGNNGTTATCGTGATCNN	0.5
6915	NNCAAGCACGCTTCNNGCACTACATAAGNN	0.5
6916	NNCGCGATAGCGTANNTACTACGTACCANN	0.5
6917	NNTACAGCGAAGCGNNCATAGAACTGTGNN	0.5
6918	NNGCTTCGCGTAACNNTATAGCAAGGACNN	0.5
6919	NNACGTACAGGTGCNNGTTACATGCAACNN	0.5
6920	NNTGCTTCTGGCGANNTGCACTTGCTATNN	0.5
6921	NNTGCGCAAGGTTCNNCTTACACAAGACNN	0.5
6922	NNTGTCTTCCACGCNNATAAGATGGCTCNN	0.5
6923	NNGTCGACCTACTCNNTATTGCGACGTANN	0.5
6924	NNACATGACCGCACNNTACACAGACACANN	0.5
6925	NNAGCACACTGCCTNNATCAAGTCGACTNN	0.5
6926	NNGTCGCACGTATCNNCTATCTCCAGTANN	0.5
6927	NNCACCGTGATCCTNNTATGGATGGTTCNN	0.5
6928	NNTATGGAGGTGGCNNTGATCGTCTAGTNN	0.5
6929	NNCGGCACGTGATANNGTGACATGAACANN	0.5
6930	NNCGGAAGCTCAGTNNTGACAAGGCAATNN	0.5
6931	NNTGCGCGTTGGTANNCGGATAAGAACTNN	0.5
6932	NNCACCGCTATCACNNGTAACATACAGCNN	0.5
6933	NNACCGGAAGCGATNNCACTTAAGGATCNN	0.5
6934	NNCAGTAGCAGCTCNNGCCGTTAATAAGNN	0.5
6935	NNACTTCGCGGTGTNNTAACCAGGTTGANN	0.5
6936	NNACAGTGCCTCCANNTGAACGAATGGANN	0.5
6937	NNAGGACTTAGGCGNNGTATCGCAAGTANN	0.5
6938	NNGTGCCAGCATACNNATCTGTCCATTGNN	0.5
6939	NNATGAGCGCACCANNCTAGTGATTCACNN	0.5
6940	NNATCCGAGGTCTGNNACGGATGGATATNN	0.5
6941	NNGCGTGGAGTACANNTGCGGTAATAGANN	0.5
6942	NNGTTCCGCTCAACNNGTAACAATGAGCNN	0.5
6943	NNCGTCCAGTTCCTNNATCCAAGGAACANN	0.5
6944	NNACCAGAGGACCTNNTGACGTTAGAACNN	0.5
6945	NNTGGCTTGTCTGCNNCGACTAATTAGCNN	0.5
6946	NNCAAGCTCGGTTGNNCATGCTCTAGTANN	0.5
6947	NNCGTTGCTCTCGANNACGGAATGCATANN	0.5
6948	NNTAAGCCTCTCCGNNTAGACTACTGAGNN	0.5
6949	NNCGTGCTCACATCNNTGATCGTAGACTNN	0.5
6950	NNGTGTTGCGTTCGNNATTCCTTGCTGANN	0.5
6951	NNGTCTACGCATGCNNGTGAAGGATGTANN	0.5
6952	NNCGTATCCGGATCNNCACACATGTAACNN	0.5
6953	NNGCCAAGCAGAAGNNTATACCTTGCGANN	0.5
6954	NNCAGTGGCCTTGANNTAGAACCAGACANN	0.5
6955	NNAGTCTCTGTCGCNNTGAGTTATTGGCNN	0.5
6956	NNAGCAATGGCCAGNNTGTTAGGTACCANN	0.5
6957	NNACTGCGTCTCCANNTGACATAACGCANN	0.5
6958	NNAGCGTGCAGTGANNTACAGATCGGTANN	0.5
6959	NNCACAACGGCTACNNTGTCGGAATAACNN	0.5
6960	NNCGCATCTTAGGCNNCAATCTTGGATGNN	0.5
6961	NNAGCAAGCTGGCTNNATCAAGTACCGANN	0.5
6962	NNAGGTTGCACCACNNTACAGTCCTTAGNN	0.5
6963	NNGTGGAGGCTTACNNATACGGATGGATNN	0.5
6964	NNGCATGATCCTCGNNCTTGATCTCTTGNN	0.5
6965	NNCACACTCACCGTNNAGTTCCTTCTAGNN	0.5
6966	NNGCTAGCTGCACANNCATTCGGATCATNN	0.5
6967	NNTAGGTCGAGAGCNNCATATCTCACACNN	0.5
6968	NNTGCCGATCTCGTNNGTTGTACCTATGNN	0.5
6969	NNATGGTCGCTCCTNNGTCTACCTATCANN	0.5
6970	NNTACAAGCGCCGANNCTAATCTATGCGNN	0.5
6971	NNTGTGTCTCGCCANNGTCATAACACGANN	0.5
6972	NNACGTAGCACCTGNNATTGTAACTCCGNN	0.5
6973	NNGCGCTCTTAGACNNGTAGTAGGTTCANN	0.5
6974	NNGTTGCAGGCCTANNTAGATTCCGATGNN	0.5
6975	NNGCTCAAGCGCATNNCTATTCTGACCANN	0.5
6976	NNGTGGTGGTGCTANNTATGGTTAGGAGNN	0.5
6977	NNGCCTTGTAGGCANNGTTCTTAGAGGANN	0.5
6978	NNACCGGTGCATGTNNTGTGGCATCATANN	0.5
6979	NNAGATAGGCTGCGNNATACCATTCCAGNN	0.5
6980	NNCGGATACTCAGCNNCAAGTGAGATAGNN	0.5
6981	NNGCGCAGTGTCATNNTGTATAGCCATCNN	0.5
6982	NNCGCAGAGTCAGTNNGTGAGCTACAATNN	0.5
6983	NNGTACACCAGGTGNNCTGAACGTTAAGNN	0.5
6984	NNAGTGGCAGACGANNTATAACGAAGGCNN	0.5
6985	NNAGACGTGGTGAGNNATGAGGCGATATNN	0.5
6986	NNCACTGATACCGCNNTACCTATGAGCTNN	0.5
6987	NNGTGCTTAGGCACNNATAACCAGATGCNN	0.5
6988	NNATCGCGCGTTCANNCACTGTGGTATANN	0.5
6989	NNGTGCGCACACTANNTAGCTCATCTCTNN	0.5
6990	NNTATGGAGCGACGNNACACACTTCAGANN	0.5
6991	NNTGGTTAGGAGGCNNATTCCTGGTACANN	0.5
6992	NNTGTTCAGCGGTGNNTACTAGTACGCTNN	0.5
6993	NNCTAGCTGGTACGNNATACACCAGTAGNN	0.5
6994	NNGCGGTGTTGTTCNNAGCATTGACTAGNN	0.5
6995	NNACCTTGAGGCGTNNAGATCCTACAACNN	0.5
6996	NNCAGCAGCACACANNAGATAAGCACTCNN	0.5
6997	NNTAGACTGCGCACNNTAGACATAACCGNN	0.5
6998	NNCGCACAGGTGTANNTGACCATCGTATNN	0.5
6999	NNGCTGTCGGATGANNCATTCCTCCATANN	0.5
7000	NNGCCAGGCAATGTNNACAGTATAGGAGNN	0.5
7001	NNCAGCTGAGTCAGNNAGTACATCGTCANN	0.5
7002	NNGCGGTGGTAAGTNNTAGAGGCTGATANN	0.5
7003	NNTGTTGAGGCCACNNGTCGAATGATCANN	0.5
7004	NNCTGCGCGTTACTNNTACATCCGTTCTNN	0.5
7005	NNCGTGTCTGTTCGNNACATGTTACCTCNN	0.5
7006	NNCATGCTTCCGTGNNAGTTCGACCAATNN	0.5
7007	NNGCACTGCGGATANNATGCTGATTCCANN	0.5
7008	NNGCTTGCCTATGCNNCGGCATTAACTANN	0.5
7009	NNTGGTTAGCGCAGNNAGAGAATAGGACNN	0.5
7010	NNCAGGTCTGACACNNATGGAATTAGCGNN	0.5
7011	NNCGTACTTGGCGTNNACGGAGTTCTATNN	0.5
7012	NNAGTTCGCATGCGNNGTTGGCAAGTATNN	0.5
7013	NNCAGTGACCAGTGNNTATGGACGATACNN	0.5
7014	NNACGAACCGACACNNACGAAGACTTAGNN	0.5
7015	NNGTCCTGTCGTGANNCTTCACACATTCNN	0.5
7016	NNGTCGTGTGTCCTNNGTAATTCGCTGTNN	0.5
7017	NNGCGACGAATGGANNTACTCACGTTCANN	0.5
7018	NNGCCATCTAGGAGNNCACTGAAGCTTANN	0.5
7019	NNATTGGCGTGTGCNNCGTTCTGTATAGNN	0.5
7020	NNGCAGTACGCTCTNNGTAGCTTGTGTANN	0.5
7021	NNAGGAATCCGCACNNACGAATTAGCGTNN	0.5
7022	NNGCGGAGTGGTTANNTGCTCCTATCATNN	0.5
7023	NNCGTGCCGAAGTANNAGACGGAAGATANN	0.5
7024	NNGCACCATCACAGNNACTAGAACCTTCNN	0.5
7025	NNGCGTGAAGAAGCNNATCATGACCAACNN	0.5
7026	NNACGTCATCCGAGNNAGTAATAGCCTGNN	0.5
7027	NNAGCCAGTGTGCANNGCATTGTTGTTGNN	0.5
7028	NNCAGTGGTCGATCNNGTAGGCTTGATANN	0.5
7029	NNGTCGTCGTCTCTNNCAATATGGCCATNN	0.5
7030	NNGTTGTCATGCCGNNTATAATGCGGCANN	0.5
7031	NNATTGCTCGGCTGNNATTGGTAGAGTGNN	0.5
7032	NNGTCGGTCGGATANNATATGCTCCAGANN	0.5
7033	NNCTGACAGGCTTGNNCAGCATGGAATANN	0.5
7034	NNACAGTGCGTGACNNACGGAAGTAGTANN	0.5
7035	NNGCAGAGAGCGTANNCTGTTAGGATGANN	0.5
7036	NNGCCACAACACGTNNAGTCTACTCTCTNN	0.5
7037	NNAGTAGCGGCGATNNCGATGGTACTATNN	0.5
7038	NNTGACGGCTTCCANNTGTGACATCGATNN	0.5
7039	NNCTGCGATTCCACNNATACGCAAGACANN	0.5
7040	NNGCTGCTTGCCTANNGCATTGGATTAGNN	0.5
7041	NNCACACTGGACACNNGCCTTAAGTTCTNN	0.5
7042	NNCTGCCAATCCGTNNATGTATCCACTGNN	0.5
7043	NNAGAGCTGGCAGANNACTATCAGTACGNN	0.5
7044	NNGTGACACCACGTNNACATGCTTCACANN	0.5
7045	NNCTGGCACCAACANNATAGAGATGGCTNN	0.5
7046	NNCAACGCAACGTCNNTAGAAGTTCTGCNN	0.5
7047	NNATCACGAGGCCTNNGTTCTTGACACTNN	0.5
7048	NNAGAGTGCCAGTCNNCTTACATCTTCGNN	0.5
7049	NNGCAGAGAGAGAGNNGCGATAATCTCANN	0.5
7050	NNCGGACAGCTAACNNGTTAGTTGACTCNN	0.5
7051	NNCGGACCTTCATCNNTGATCTTACACGNN	0.5
7052	NNAGCCGTTGCTAGNNATCGTGTTACGANN	0.5
7053	NNCTGTGTAGGACGNNTGTGTTCTTGCANN	0.5
7054	NNACGGTACGGTTCNNTATCACTGGAACNN	0.5
7055	NNTGCGCGAATCCANNAGGAAGCGTTATNN	0.5
7056	NNCTACTGCCTGTGNNTGCATCAGTGTANN	0.5
7057	NNCAGCATGCCAGTNNTACAGGTGCTATNN	0.5
7058	NNCAGTTCCTGCGANNAGCATATCGTGANN	0.5
7059	NNGTCGCTAAGCTCNNTGCAATCTAACGNN	0.5
7060	NNGTATAGCGGCACNNAGATCGCATATGNN	0.5
7061	NNTGGTACGGTTGCNNTAGGAGTCGATANN	0.5
7062	NNGTGGCATGGTTCNNTGTTAGTGCAAGNN	0.5
7063	NNGCAGTGTAGCACNNACGTGTGATTCANN	0.5
7064	NNAGCGAAGGTGTCNNAGTGTCAATCCANN	0.5
7065	NNGTGGCATGGCATNNTGCTCTAGACATNN	0.5
7066	NNTACTGGCTCGGANNACATGACCAACTNN	0.5
7067	NNTGTAGCGTACCGNNTGTACTTCACGTNN	0.5
7068	NNCAGGATCCTCGTNNTACCATCTATCGNN	0.5
7069	NNCACGTACCGGTANNTGTGAGGAATGTNN	0.5
7070	NNCTACAGGAAGCGNNCGTTAGTAACTCNN	0.5
7071	NNCGGTCTGCCAATNNGTATGACTTCCANN	0.5
7072	NNTAGCCGCGTACANNCTTCAAGAAGGANN	0.5
7073	NNCTGCCTACGACANNGCAATATGTGCANN	0.5
7074	NNTGTGTGCCTGTGNNGTAATTGTAGCGNN	0.5
7075	NNGCTAATGCGCTCNNGCTATCATGAGTNN	0.5
7076	NNCATCACCTCGCANNACAATCGATCGTNN	0.5
7077	NNAGAGCCAGCTGANNACAAGCTATTGCNN	0.5
7078	NNAGCGTGTGGTACNNTATAGCGAGAGTNN	0.5
7079	NNGCCATCGATACGNNCACCATGATATCNN	0.5
7080	NNGCAAGTTACGCGNNCTAGCATACGTANN	0.5
7081	NNGCGCTTGTACAGNNATCAAGCGGTTANN	0.5
7082	NNGCTATCCGCAGTNNATATGGAGACTGNN	0.5
7083	NNGCTACCGACTGANNTACTGAACCAGTNN	0.5
7084	NNCATCACAGGCCANNTACTAAGCAGTGNN	0.5
7085	NNCGTCCATAGGACNNCTTAAGTCCTGTNN	0.5
7086	NNCGGTCACGAGTANNTGAAGACACTTGNN	0.5
7087	NNGTCCGTCCGTTANNTGTGTACCATGANN	0.5
7088	NNGCCTGTAGCAACNNCAGCATCAGTTANN	0.5
7089	NNTAGGCTCGACGANNATAAGGCTGTCANN	0.5
7090	NNCAAGGTGTCGTGNNATCAGTCGTAGANN	0.5
7091	NNCATCGACGAGCTNNGTGCTATAAGTGNN	0.5
7092	NNTGAAGGACTGGCNNGTAATAATGCCGNN	0.5
7093	NNCGTCGTGACATCNNATGACCGAAGATNN	0.5
7094	NNCAGCACGTTCACNNCAACAGTATCGANN	0.5
7095	NNCATACCAGGCGTNNTAATGCCTTCTCNN	0.5
7096	NNCTGGAGGACACANNGCTTATCTACCTNN	0.5
7097	NNCGAGACACTGCTNNTGTGGATATCGANN	0.5
7098	NNCTTCTGTGGCTGNNATACACGTAGAGNN	0.5
7099	NNGTGTGCCAGTAGNNACTCAACACTGTNN	0.5
7100	NNGTGTCCGGTAACNNGTCAGGTATTCTNN	0.5
7101	NNCGCATGGTTCCTNNATCAGATGTCGTNN	0.5
7102	NNTAACCGTCGGAGNNTGCAACTGCAATNN	0.5
7103	NNACGTCAAGGCCANNTACTGAGGAACANN	0.5
7104	NNGCGACTCTTACGNNCTATTAATCGGCNN	0.5
7105	NNATCTCGAGCGTCNNTAGTGCTTGGATNN	0.5
7106	NNAGACTAGCGCGANNTAGGACACAAGTNN	0.5
7107	NNGCTGTTGAGACGNNGCCTCTAATATGNN	0.5
7108	NNCACAAGCCACCANNACTGTTCAACAGNN	0.5
7109	NNGCTAACGTGCACNNCTTACTTCAACGNN	0.5
7110	NNCTGCTGCACTTCNNATAGGCAGTCTANN	0.5
7111	NNCTGGTTGCTTGCNNATCCGAATGATCNN	0.5
7112	NNCATCTCGACGTGNNCAATCTAATGCGNN	0.5
7113	NNACTGCCAACGTCNNATACCTCCTGATNN	0.5
7114	NNGTGTAGGTGCCTNNACGTAGAACAGTNN	0.5
7115	NNGTGAAGCAACCGNNACAGCATGATACNN	0.5
7116	NNGTGGTACGCACANNTGTCAACAACGTNN	0.5
7117	NNTGCAGTCCTCGTNNCTTATAGCCAACNN	0.5
7118	NNAGCCAGAGGTGTNNCTATTGGTTCAGNN	0.5
7119	NNGTGCGCAGGTTANNGTCAGTTGCTTANN	0.5
7120	NNCAATCCAGCGCANNAGTGAACTCACTNN	0.5
7121	NNGCTCGAGAACAGNNCTAGAAGCTAACNN	0.5
7122	NNGCCAGAGACTCANNAGCGCATATACTNN	0.5
7123	NNGCGTGTATGCCANNCGGTAACATGTANN	0.5
7124	NNGCCAGTTCGAAGNNACGAAGGATCATNN	0.5
7125	NNGCGTCGGATAACNNACTTCACGTACANN	0.5
7126	NNAGTGCTGAGCGANNATCTTAGGAGTGNN	0.5
7127	NNACGCACCTCTAGNNGTTGGTAGTTACNN	0.5
7128	NNCGACAATCCGCANNTACACGTATTGCNN	0.5
7129	NNGCTACAGCGATGNNAGGAGTTCTACANN	0.5
7130	NNGTTACGTGGCCTNNACACTATTCGGANN	0.5
7131	NNTGACGTCTCCTGNNGTAATAGGTGACNN	0.5
7132	NNACCGATGGACTGNNTGCTAACATCACNN	0.5
7133	NNCGTCCGACATAGNNTGAACTTCTTGCNN	0.5
7134	NNAGAACGCCGACANNTGTGAGTGGTATNN	0.5
7135	NNACGGATAGCTCGNNGCAGAAGAAGTANN	0.5
7136	NNAGCAGATGTCCGNNCGAATCAGAAGTNN	0.5
7137	NNATTCCGTGGCTCNNTACACTTGGTTCNN	0.5
7138	NNAGGTAACGAGCGNNGTTAGATGTTGCNN	0.5
7139	NNCGGACCGACATANNCTACATCCTACANN	0.5
7140	NNCGCTAGTCAGAGNNCACACAACATCANN	0.5
7141	NNAGCCACTGCTTGNNAGCTAAGGATGANN	0.5
7142	NNCTACTCGTGCTGNNTAGCAGATAACGNN	0.5
7143	NNGTGCCATGCTACNNATAGAGTAGTCGNN	0.5
7144	NNTGGCCGACTGATNNTGAGACTAAGGANN	0.5
7145	NNCGGACGTACGATNNATTGACGTACAGNN	0.5
7146	NNGCACACGTTGCANNCGGAGAATCTATNN	0.5
7147	NNCTAGTGTCGCCANNTGCCTTAACAGANN	0.5
7148	NNAGGTCAGATGCGNNGTATATTAGCCGNN	0.5
7149	NNATGACCGAGCACNNACGCTATGACATNN	0.5
7150	NNGCACTCATGGTGNNATCGGAATACTGNN	0.5
7151	NNCGACCAACTCGTNNCAGCGAGTTAATNN	0.5
7152	NNACTCTCCTGTCGNNCATTGTCCAACTNN	0.5
7153	NNGCCAAGGATGAGNNGTAAGAATAGCGNN	0.5
7154	NNCTTAATGGCGCGNNATACTGCTGTGTNN	0.5
7155	NNCGCCTGCATGATNNACTCCTATCTGTNN	0.5
7156	NNGCCTCTAGGAGTNNCTGAGTCAGATANN	0.5
7157	NNTGCGTAACAGGCNNGTAGTTAATGCGNN	0.5
7158	NNTGGAACCTCGTGNNGTAACGCCATTANN	0.5
7159	NNGTTCCAAGCGTCNNATCCGTAATCGTNN	0.5
7160	NNGTAGCACCGTGANNAGTGCCTAATGANN	0.5
7161	NNTACCGTAACGGCNNGTACAATGCAGANN	0.5
7162	NNCGGCTCGATACANNAGTGAAGTACGTNN	0.5
7163	NNCATTGCCACGAGNNATGCTTCCTCATNN	0.5
7164	NNCTAGGTCGACTCNNCAGATTAACAGCNN	0.5
7165	NNGCTGTTCCGTCANNAGGACCTATTGTNN	0.5
7166	NNATACGCTCCGCTNNACTCAATGAGTCNN	0.5
7167	NNTGAGCGCAGTTGNNAGCTGTTACAGANN	0.5
7168	NNCATCTGCCTCTGNNTACAAGACACTGNN	0.5
7169	NNGCCAGACACATGNNGCTGTATCAATCNN	0.5
7170	NNGTGCGACACATGNNTAATTACCTGCGNN	0.5
7171	NNCGTAGAGGCTCTNNTGTCCTTAGTGANN	0.5
7172	NNCATCCAGAGCACNNGTAGCAACTCATNN	0.5
7173	NNCATCTCCTGCTCNNACACGTATAAGCNN	0.5
7174	NNGCCGGTACTTGANNGCAGTGCATTATNN	0.5
7175	NNGCGTTCCTGTTGNNTATCCATATCCGNN	0.5
7176	NNCGCGTAAGCAGANNTACCGTCTTAACNN	0.5
7177	NNCTGTCCAGTGTGNNATCAGATAGGACNN	0.5
7178	NNCAAGTTCCGGACNNATCACATCGGATNN	0.5
7179	NNCGAACTGTACCGNNACCGTGTAATGANN	0.5
7180	NNATATCACGGCGCNNATAGTTGCCATGNN	0.5
7181	NNGTACCGCGTTCTNNAGTATATCTGCGNN	0.5
7182	NNACAGGCACGAGTNNGCAATCTCCAATNN	0.5
7183	NNGTTGCGGCTTGTNNCTTGTTAGTTCGNN	0.5
7184	NNACCGGAGACTGTNNATCATCTGTCCANN	0.5
7185	NNACGGTGCTCAACNNGTGGAATGTACANN	0.5
7186	NNGCGCATTCGAACNNGTCCAAGCAATANN	0.5
7187	NNGTTGTTCGGAGCNNAGCTATCAAGTCNN	0.5
7188	NNGCATCATACGGCNNTAACAGAGGAACNN	0.5
7189	NNCAGGAACCGGATNNTACTTGCGCAATNN	0.5
7190	NNGTCCTTCCTACGNNCAGGTATGAGATNN	0.5
7191	NNCTAGCCTCACGANNCATAGACAACGANN	0.5
7192	NNGCCACTGGTGTANNGCTAACACAAGTNN	0.5
7193	NNACACTGCAGACGNNGTAATCGACTGANN	0.5
7194	NNCGCGTAGTAGTGNNCATTGGTTAGGANN	0.5
7195	NNACTGGCAAGCTCNNAGTAACTCCTGTNN	0.5
7196	NNCGTACGCTCGTANNGTGCGACTTAATNN	0.5
7197	NNCTGGACCGTTCANNTAACAACCTTGCNN	0.5
7198	NNGTATCGTCTCCGNNCAATTGACGTCTNN	0.5
7199	NNGCAGTGCTTCGTNNACTACCATTGGANN	0.5
7200	NNCGGAGTAGCTCANNCTTAAGTAGCAGNN	0.5
7201	NNTGCTGCCTAGAGNNCGTTAACGCTATNN	0.5
7202	NNCGTCTGTGAGAGNNCGTTAACGAATCNN	0.5
7203	NNCTGGTGGAACCTNNATAGTGCTCAGANN	0.5
7204	NNACCATGACGGACNNAGCATTAAGGACNN	0.5
7205	NNACATCGCGGCTANNTAACGAGTTCTGNN	0.5
7206	NNATACCGGAGACGNNCTAAGAGTAGAGNN	0.5
7207	NNCACCACAGGACTNNTGTCAAGACTTGNN	0.5
7208	NNATCCGAACCACGNNGCCTAACACTTANN	0.5
7209	NNTACCAGCCTGACNNCAGTGGTACAATNN	0.5
7210	NNACTCTGGTGGAGNNCATAAGGTGACANN	0.5
7211	NNAGGCCTAACACGNNAGTGTCAGAGATNN	0.5
7212	NNTGCTGACCACCANNATAGTCTAGCGANN	0.5
7213	NNTACGTCGCCTTCNNGTAACACGTGATNN	0.5
7214	NNCTTGTGTGTGCGNNTATCTATGGCCTNN	0.5
7215	NNACGCTAGCTCCANNTGATCAACCTCANN	0.5
7216	NNGCCAATCTCCGTNNCGATAGTGCAATNN	0.5
7217	NNCTACGTGTACGCNNATGAGACAACCANN	0.5
7218	NNCGGCTGGTAGTANNTAACATGCCAACNN	0.5
7219	NNCAGTGTGGACTCNNACTACGAATCTGNN	0.5
7220	NNACGTAGGAGGCTNNCGATGTAGATACNN	0.5
7221	NNCTGCGTGAGTACNNTGCCACGTTATANN	0.5
7222	NNCACTGAGTCGACNNCATTAATCCTGCNN	0.5
7223	NNTAAGGCGCGTACNNTGACTAAGAGTGNN	0.5
7224	NNTGTTGGACGTGCNNCTTATTCGTGGANN	0.5
7225	NNAGTTCTGGTCGCNNCAATCGCAGAATNN	0.5
7226	NNTGTCAGTGGCCANNCAGCGTAATAGANN	0.5
7227	NNGCTGACGTGTTCNNGTCCAGCTATTANN	0.5
7228	NNCATTACTCGGCGNNCTGCTAGTAGATNN	0.5
7229	NNCTAGGTGTAGCGNNTGACTAACCACTNN	0.5
7230	NNTAGGTTCGCCGTNNGTGGTATACCTANN	0.5
7231	NNGTATCGCACGAGNNATCAGAACACCANN	0.5
7232	NNCACGAAGTCCGANNACTTAACGGCATNN	0.5
7233	NNCGGCTAGGTACTNNCACTTGTCATTGNN	0.5
7234	NNCTAACGTCGACGNNTAATCGGACTTCNN	0.5
7235	NNAGTCACTGGCAGNNGCCAGTAATAGANN	0.5
7236	NNATGGAGGCCTTGNNACAGGTCAATCTNN	0.5
7237	NNGCCACGGTCAATNNTGAACCGTATACNN	0.5
7238	NNGTCCGCTTAGTCNNTATAAGGTGCAGNN	0.5
7239	NNATCGCGTCTCTGNNCACCTACAACATNN	0.5
7240	NNCACCAGTTGGCTNNTGGCAATCACATNN	0.5
7241	NNGTGACCGTCAGANNACAATTCTGCGANN	0.5
7242	NNACTCACGACCTCNNCAACCTGATACANN	0.5
7243	NNCTGGACTGTTGCNNCGGAATCATTGANN	0.5
7244	NNTAGGAGGAAGCGNNGTTCGAACAACANN	0.5
7245	NNGCAGGAATTGGCNNGTTCCATTACAGNN	0.5
7246	NNTGCGCAGGTCATNNGCATCTATACGTNN	0.5
7247	NNCTGCGGTTGTGTNNTGCAATGAGCTANN	0.5
7248	NNGCACACACGTGANNAGAGATAGATGCNN	0.5
7249	NNACTTGTCGGCAGNNTACGAGCTAATGNN	0.5
7250	NNAGGCACAAGACGNNATCGTCGGTATANN	0.5
7251	NNGCGCTCGTAACTNNTAGATCGGATAGNN	0.5
7252	NNACGTCACGTCCTNNTACCAGTGAGTANN	0.5
7253	NNCGAGCCTTGATCNNATCTGTTCGGATNN	0.5
7254	NNAGACGCGAGTGTNNACGCTATGTCTANN	0.5
7255	NNTAGGCTACACGCNNACATATACCTCGNN	0.5
7256	NNCAACGGCTGTTCNNATTCGCTTACAGNN	0.5
7257	NNCGGCACTGAGATNNAGTGCGTTAACTNN	0.5
7258	NNGCGATGCACTCTNNTACAACCTCCTANN	0.5
7259	NNAGGTTACAGGCGNNATAATGTCGGTGNN	0.5
7260	NNAGCCATCGTCAGNNAGTTGTGATCTCNN	0.5
7261	NNATAGCTCGCGTGNNGCAAGAGTTGTANN	0.5
7262	NNCGTGCATGACGANNTAAGCCTGGAATNN	0.5
7263	NNCGCGGTTGAACTNNACCATGTCATAGNN	0.5
7264	NNACCAACGAGTGCNNACGTTGATTCTGNN	0.5
7265	NNACGACAACGCCTNNAGTAGACTTCAGNN	0.5
7266	NNCACTTCGTCGTCNNTGAAGTAGCAGANN	0.5
7267	NNTGGAGCCAGTGANNCACGATTCTTGANN	0.5
7268	NNGTTCGTCAGAGCNNCTATCATAGCGTNN	0.5
7269	NNGCAACAATGGCGNNCGATTCCTAACANN	0.5
7270	NNTGGCTAGAGCCTNNTGAGAACTGACTNN	0.5
7271	NNTGCGTGAAGCGTNNATCAGATTCGCTNN	0.5
7272	NNTATGCGGATCCGNNAGCGAATACAGANN	0.5
7273	NNAGACGAGGTTCGNNTGGATATCGTACNN	0.5
7274	NNCAGCCTACTGTGNNATTCGAGGATGTNN	0.5
7275	NNCGCACTCGAACANNTAACACTCAGAGNN	0.5
7276	NNCGAGAGAAGCGANNTGGATTCCGTTANN	0.5
7277	NNATTGGACGCCGANNTATATTGCACCGNN	0.5
7278	NNATCCACGCCGTANNGTACTTGCAAGTNN	0.5
7279	NNTGCACTACACCGNNATCGGCTATATGNN	0.5
7280	NNGCCACTAGCAAGNNCGTATACGTAGANN	0.5
7281	NNTGCTGGCTGGTANNGTTGTATAGCTCNN	0.5
7282	NNGCACTGCGTTGANNCTGAGTTAACTGNN	0.5
7283	NNGCTTGCGCATAGNNACTGCAATGTGANN	0.5
7284	NNCGCGGCCAATTANNTAACACACCTTGNN	0.5
7285	NNTGGAGCAGCTGTNNACAATACTGTGCNN	0.5
7286	NNCTGCCTGAAGCANNAGATTGTTGGCANN	0.5
7287	NNACCAGTCCACAGNNAGTGAATTGCTGNN	0.5
7288	NNATACGGCGCAACNNAGTCGTAACTTCNN	0.5
7289	NNAGGCGTTCGCATNNCAATTACCGTTGNN	0.5
7290	NNAGCGAGGCATAGNNGTGAACTTACCTNN	0.5
7291	NNTACCGACGTCAGNNGCTCTTAGCTTANN	0.5
7292	NNTGTGCAGTCTCGNNTAGAGTCTCTGANN	0.5
7293	NNACCGGTGATCTCNNCGCAAGTTAACTNN	0.5
7294	NNCGCAATGTTCGCNNACTTCCACTTGANN	0.5
7295	NNAGGCGTGTCAAGNNCACCTTCCTATANN	0.5
7296	NNTACTGCTCCGCTNNTGCTCTTATGTGNN	0.5
7297	NNCGGCTCATATGCNNAGTGTGATCACANN	0.5
7298	NNGCGGATCAGTGANNCTGTAGACAACTNN	0.5
7299	NNGTCTGCATCCTGNNTGTTCTCTCAACNN	0.5
7300	NNATAGCTCGGCGANNGTCTTAAGCATCNN	0.5
7301	NNTGGTCGACACTCNNTGGTATTGGAACNN	0.5
7302	NNCGGTGTGCATGTNNTAATGAGACGCTNN	0.5
7303	NNACACGATCGCGTNNCTTACTGTGACANN	0.5
7304	NNACTGGTCGTGAGNNTATGCAGTGATGNN	0.5
7305	NNACGTAAGCGTCGNNCTGAGTACTCATNN	0.5
7306	NNCATCGAGCACCANNACTCCTATTGTGNN	0.5
